pool,map_filename,canonical_map_sha256,episode_seed,opening_outcome,flags,owned_units,capital_occupied,reset_exception
train,map_000045.csv,000a31d6b8746a666a15af4785fb1a5173cfb5ce6d1734f6d7802899533f1139,42,ONE_UNIT_SPAWN_UNAVAILABLE,ONE_UNIT_SPAWN_UNAVAILABLE,1,True,
train,map_003605.csv,001c8dd35df381d033bed8ea132d7003202e9fa1f7f4a92e66efab3201655fbb,42,ONE_UNIT_SPAWN_UNAVAILABLE,ONE_UNIT_SPAWN_UNAVAILABLE,1,True,
train,map_000506.csv,00365214763e331caee62c435c39c1af3387c706fb4bf3653c9a3e6ea9e99156,42,ONE_UNIT_SPAWN_UNAVAILABLE,ONE_UNIT_SPAWN_UNAVAILABLE,1,True,
train,map_004142.csv,0036e55c9ed6042a633f76f99ca63cf384987983b1c104ec8a18aba95207975d,42,ONE_UNIT_SPAWN_UNAVAILABLE,ONE_UNIT_SPAWN_UNAVAILABLE,1,True,
train,map_002263.csv,004e176b3c6fc3f4ff0dd54c51137c0d15dc6f4d31f01b4cb22c04f4501ffad6,42,ONE_UNIT_SPAWN_UNAVAILABLE,ONE_UNIT_SPAWN_UNAVAILABLE,1,True,
train,map_005184.csv,0078eff32e1144c20446460c0491d68201837766ad40815a0b9332004bcfca9e,42,ONE_UNIT_SPAWN_UNAVAILABLE,ONE_UNIT_SPAWN_UNAVAILABLE,1,True,
train,map_002279.csv,00b8f558c925a6889529824e126786d8d1a8d2a52f64ce658b84cb95698dd33f,42,ONE_UNIT_SPAWN_UNAVAILABLE,ONE_UNIT_SPAWN_UNAVAILABLE,1,True,
train,map_004522.csv,00bd01ffbc5721f30d636b281d98635d3096dd6189a488e0cf6ed02f442dca55,42,ONE_UNIT_SPAWN_UNAVAILABLE,ONE_UNIT_SPAWN_UNAVAILABLE,1,True,
train,map_001785.csv,010072a18df82df121e2f73256833f38b0fcffa7d3684742eb22774c532e84d8,42,ONE_UNIT_SPAWN_UNAVAILABLE,ONE_UNIT_SPAWN_UNAVAILABLE,1,True,
train,map_000531.csv,0116f95f71927030810f8a5f1c8d8c190e70ee6a85881d423f0d984ea06aa01c,42,ONE_UNIT_SPAWN_UNAVAILABLE,ONE_UNIT_SPAWN_UNAVAILABLE,1,True,
train,map_005238.csv,0142239d0046c266be03d34aaa7eaa5c9e24b273b9f6456c3a7d2252c47e8744,42,ONE_UNIT_SPAWN_UNAVAILABLE,ONE_UNIT_SPAWN_UNAVAILABLE,1,True,
train,map_004609.csv,014ceeca43a7d22a32dabe951de2f4cc5359e0234a124c4245cae1b18396b1e3,42,ONE_UNIT_SPAWN_UNAVAILABLE,ONE_UNIT_SPAWN_UNAVAILABLE,1,True,
train,map_002152.csv,0152252f8e50a9464144adf9d4f3ed8c4c44e42ab29463ac8e66efb5e739445e,42,ONE_UNIT_SPAWN_UNAVAILABLE,ONE_UNIT_SPAWN_UNAVAILABLE,1,True,
train,map_005265.csv,018422048d5eb60cfa2e497aa0893b933e9a0d07121dba67e3f2cf69bf8a700e,42,ONE_UNIT_SPAWN_UNAVAILABLE,ONE_UNIT_SPAWN_UNAVAILABLE,1,True,
train,map_004862.csv,018749e065783574a43aaa42e18d1ff56135ba7ff0067fe2b0c92bd29ee87725,42,ONE_UNIT_SPAWN_UNAVAILABLE,ONE_UNIT_SPAWN_UNAVAILABLE,1,True,
train,map_004569.csv,01a3de7a9f9c6000e676af7277efd2f700f9fbb149127760f86da904c6b02a25,42,ONE_UNIT_SPAWN_UNAVAILABLE,ONE_UNIT_SPAWN_UNAVAILABLE,1,True,
train,map_003000.csv,01a68de52a8af098b8ac317962fbadefd7b4169a6f729c2de3abd51987ed9520,42,ONE_UNIT_SPAWN_UNAVAILABLE,ONE_UNIT_SPAWN_UNAVAILABLE,1,True,
train,map_005012.csv,01a934db421e328219854a7c440713ccbdebab980f292be2f1d7df7ebe8050b9,42,ONE_UNIT_SPAWN_UNAVAILABLE,ONE_UNIT_SPAWN_UNAVAILABLE,1,True,
train,map_005120.csv,01ad2b73d0fff6f0baddb8f9d7d227267097dd0ec3528d5b402b33b50d12a7ce,42,ONE_UNIT_SPAWN_UNAVAILABLE,ONE_UNIT_SPAWN_UNAVAILABLE,1,True,
train,map_005177.csv,01b15e19acfbaa215794911bb430a6932b767dd3275e4e62743b7f3320c7ad9e,42,ONE_UNIT_SPAWN_UNAVAILABLE,ONE_UNIT_SPAWN_UNAVAILABLE,1,True,
train,map_002439.csv,01bf713c4a40c95f217f081e323ab051b606a9efee481672183c167394231a64,42,ONE_UNIT_SPAWN_UNAVAILABLE,ONE_UNIT_SPAWN_UNAVAILABLE,1,True,
train,map_002840.csv,01cd0923b06a4f209e33a8e040053374990eb1313eddd5964ea2e366a479079e,42,ONE_UNIT_SPAWN_UNAVAILABLE,ONE_UNIT_SPAWN_UNAVAILABLE,1,True,
train,map_002233.csv,01e9b236170e52d8bf3240d08a7f6b5c0bfd5935861731df20936237e0a7c2f5,42,ONE_UNIT_SPAWN_UNAVAILABLE,ONE_UNIT_SPAWN_UNAVAILABLE,1,True,
train,map_004603.csv,01ee7f50916fb7c8ab6f48538c7ff43f924b04781c5341494176aa7e9de65841,42,ONE_UNIT_SPAWN_UNAVAILABLE,ONE_UNIT_SPAWN_UNAVAILABLE,1,True,
train,map_002190.csv,01f6623eac2e484c39298b4c5f58d273251b65ac6bda3f2eacad649e1e40cd2b,42,ONE_UNIT_SPAWN_UNAVAILABLE,ONE_UNIT_SPAWN_UNAVAILABLE,1,True,
train,map_000938.csv,02036b1cbdc64ad9f9a032cf58c96668916d89f29428288e4c5951e2671df1ce,42,ONE_UNIT_SPAWN_UNAVAILABLE,ONE_UNIT_SPAWN_UNAVAILABLE,1,True,
train,map_001634.csv,021c7797c02cfbca05610b6eb0bb3d3f8cfb4c65d9309b515e248aa27e4e539b,42,ONE_UNIT_SPAWN_UNAVAILABLE,ONE_UNIT_SPAWN_UNAVAILABLE,1,True,
train,map_003957.csv,023c34eb0cbacf51948ccd6c506a3f7cc6231a3ec56843cc2251fb3e689f499a,42,ONE_UNIT_SPAWN_UNAVAILABLE,ONE_UNIT_SPAWN_UNAVAILABLE,1,True,
train,map_003460.csv,0263ec93dbd9bae006470d5505f44a6edc052cdf7f3d8434037e46bbbcd10034,42,ONE_UNIT_SPAWN_UNAVAILABLE,ONE_UNIT_SPAWN_UNAVAILABLE,1,True,
train,map_002917.csv,02964fd32b1f428f060eaba4a9952651b6a5e1a6f3471a6ba0de6037911c0487,42,ONE_UNIT_SPAWN_UNAVAILABLE,ONE_UNIT_SPAWN_UNAVAILABLE,1,True,
train,map_005484.csv,02a14eb3774e9dac8253b0f2fc5dbb2dbadb5fa917cddbc50060066cc19e4e71,42,ONE_UNIT_SPAWN_UNAVAILABLE,ONE_UNIT_SPAWN_UNAVAILABLE,1,True,
train,map_000207.csv,02acb138b249ea49078de4b8a78e0ab93d3b52fec73684314e08e6d6be5b60d6,42,ONE_UNIT_SPAWN_UNAVAILABLE,ONE_UNIT_SPAWN_UNAVAILABLE,1,True,
train,map_002878.csv,03302314a34d9da58498e2c11456d86f8fd03323ca561edbfc2e7305b671e5d1,42,ONE_UNIT_SPAWN_UNAVAILABLE,ONE_UNIT_SPAWN_UNAVAILABLE,1,True,
train,map_003688.csv,033bdbbc01b9945e5198bc23ccc461be5178b8b9ff0ebc3a7156c244e696c618,42,ONE_UNIT_SPAWN_UNAVAILABLE,ONE_UNIT_SPAWN_UNAVAILABLE,1,True,
train,map_000995.csv,033c229d8a60d4f88a8678ba1f0f26f6aee0f1e2bf2001f1f1af95538acdb4cb,42,ONE_UNIT_SPAWN_UNAVAILABLE,ONE_UNIT_SPAWN_UNAVAILABLE,1,True,
train,map_003574.csv,034949cc29c67f3ba6a57ab36210c19043f6badc5e21de8c497fed1ce8f4904d,42,ONE_UNIT_SPAWN_UNAVAILABLE,ONE_UNIT_SPAWN_UNAVAILABLE,1,True,
train,map_001074.csv,034a1bba9f433f192770e19cefce94bf497a6a950f442971fa6c7e7d2fe60955,42,ONE_UNIT_SPAWN_UNAVAILABLE,ONE_UNIT_SPAWN_UNAVAILABLE,1,True,
train,map_002653.csv,0367c762c82436d3f8e691b310a938443b348ef79e3be243d8d423be2a141701,42,ONE_UNIT_SPAWN_UNAVAILABLE,ONE_UNIT_SPAWN_UNAVAILABLE,1,True,
train,map_004739.csv,036b81ec3833c101798b0f3ac2095b4e670301a3ea7f13468a9174f6a19274d6,42,ONE_UNIT_SPAWN_UNAVAILABLE,ONE_UNIT_SPAWN_UNAVAILABLE,1,True,
train,map_004278.csv,037fedc93303c08bfa3d8517477013f60dcf3ea968d944f7c1533998bb343598,42,ONE_UNIT_SPAWN_UNAVAILABLE,ONE_UNIT_SPAWN_UNAVAILABLE,1,True,
train,map_005288.csv,03986b8e2ac01114f06dff37956ea236a78a746068df5c900cedec3ff1f26b59,42,ONE_UNIT_SPAWN_UNAVAILABLE,ONE_UNIT_SPAWN_UNAVAILABLE,1,True,
train,map_004406.csv,03a0ce05a84019c15954791392249b018e5d1887a5a2cbe11f79024052e254ba,42,ONE_UNIT_SPAWN_UNAVAILABLE,ONE_UNIT_SPAWN_UNAVAILABLE,1,True,
train,map_004478.csv,03ddb77461e4182aab4a9e2bb17744b2094828f3ebeecd29a7680b393d7807bb,42,ONE_UNIT_SPAWN_UNAVAILABLE,ONE_UNIT_SPAWN_UNAVAILABLE,1,True,
train,map_004688.csv,03f992db39c68f1d520a40159ddb4e9df7c5816ec4421ea9cd800f44ba8b476a,42,ONE_UNIT_SPAWN_UNAVAILABLE,ONE_UNIT_SPAWN_UNAVAILABLE,1,True,
train,map_001321.csv,03fdf1c2c7035c62f2e832172706bddf03a9c4c7421d0813dd8a4bd1b9c8f422,42,ONE_UNIT_SPAWN_UNAVAILABLE,ONE_UNIT_SPAWN_UNAVAILABLE,1,True,
train,map_004696.csv,0400f263c790f57f847e8d7a81ecabf1fcb0ee4c723b8bb11dbb7891932e7f8b,42,ONE_UNIT_SPAWN_UNAVAILABLE,ONE_UNIT_SPAWN_UNAVAILABLE,1,True,
train,map_001629.csv,041831c439d935905f3340670d5b63094cb6c38df3ee9071b6044713594c206c,42,ONE_UNIT_SPAWN_UNAVAILABLE,ONE_UNIT_SPAWN_UNAVAILABLE,1,True,
train,map_003329.csv,042ea807d8810759ef5d91d4497a120fecabf9bf86ae8efd5201241943f602c1,42,ONE_UNIT_SPAWN_UNAVAILABLE,ONE_UNIT_SPAWN_UNAVAILABLE,1,True,
train,map_004094.csv,0430f5a7867134ce032cc6e65e1ea323753a693e2ec182c47df6bd615a1e6ba3,42,ONE_UNIT_SPAWN_UNAVAILABLE,ONE_UNIT_SPAWN_UNAVAILABLE,1,True,
train,map_000799.csv,049559698479b88fc2e1589dc50157e5a7b2ab5091b624f0cf48e0f700a6e230,42,ONE_UNIT_SPAWN_UNAVAILABLE,ONE_UNIT_SPAWN_UNAVAILABLE,1,True,
train,map_005192.csv,04a22d8eafe40f73c2d9d80cea4817c3e7a63599f65906ac46efc4875397f3dd,42,ONE_UNIT_SPAWN_UNAVAILABLE,ONE_UNIT_SPAWN_UNAVAILABLE,1,True,
train,map_000886.csv,04cc1e7bfcb50207440371362cbef0299d6a2b549a73f8a83fffdf27944cc01b,42,ONE_UNIT_SPAWN_UNAVAILABLE,ONE_UNIT_SPAWN_UNAVAILABLE,1,True,
train,map_001513.csv,04f81af12ca8ae7f80f1dfee6ea456f385d00f92c28f81c0aaab03b5c96833e3,42,ONE_UNIT_SPAWN_UNAVAILABLE,ONE_UNIT_SPAWN_UNAVAILABLE,1,True,
train,map_004733.csv,04fed2777104db95b3a69e796757b76d43f1fcbbc8ca03ddc4d754689ab4b392,42,ONE_UNIT_SPAWN_UNAVAILABLE,ONE_UNIT_SPAWN_UNAVAILABLE,1,True,
train,map_002198.csv,050348632993c1a93c5caedf2258d50b3913008616de492ce46c43b401c2c96f,42,ONE_UNIT_SPAWN_UNAVAILABLE,ONE_UNIT_SPAWN_UNAVAILABLE,1,True,
train,map_005432.csv,0519dddae7dec9a2a0112a6a44028206178237fab6cc82a3ee9e781a21faf7dd,42,ONE_UNIT_SPAWN_UNAVAILABLE,ONE_UNIT_SPAWN_UNAVAILABLE,1,True,
train,map_001275.csv,0535ba17e9543defaf9a3d74c7acd2bcf7d95a39093906d40170c9f887101676,42,ONE_UNIT_SPAWN_UNAVAILABLE,ONE_UNIT_SPAWN_UNAVAILABLE,1,True,
train,map_002908.csv,0572e8dc576b11e8b318c7e9a166c78dd2ccc066395821eb9ec52355875b3c14,42,ONE_UNIT_SPAWN_UNAVAILABLE,ONE_UNIT_SPAWN_UNAVAILABLE,1,True,
train,map_001437.csv,058b14fc63bf9c2bd33b47a0baf25a327739203198f6930ed89eb8c8b79a70c5,42,ONE_UNIT_SPAWN_UNAVAILABLE,ONE_UNIT_SPAWN_UNAVAILABLE,1,True,
train,map_002167.csv,05b8d1cd20fefed6ed9b0b02fa0e583be56c92c5c0e82783b2841680794e04f9,42,ONE_UNIT_SPAWN_UNAVAILABLE,ONE_UNIT_SPAWN_UNAVAILABLE,1,True,
train,map_004686.csv,05c508c64fa0e669e0f60970baa308194f82f5d5c592bae2e2a7daef53e12e41,42,ONE_UNIT_SPAWN_UNAVAILABLE,ONE_UNIT_SPAWN_UNAVAILABLE,1,True,
train,map_004077.csv,05ce7f7d57563260f0af899ccb1835ea53a8bb4ab712ec11eec797b7eb077ce4,42,ONE_UNIT_SPAWN_UNAVAILABLE,ONE_UNIT_SPAWN_UNAVAILABLE,1,True,
train,map_000829.csv,05d268d59792c5bd30a951388ac24f865938627403bc56c66f98a3e347daa2f7,42,ONE_UNIT_SPAWN_UNAVAILABLE,ONE_UNIT_SPAWN_UNAVAILABLE,1,True,
train,map_004307.csv,05e9e8333b3271f7cc3554d62a8bf6e7455f35e4875018a087de1bff5e769145,42,ONE_UNIT_SPAWN_UNAVAILABLE,ONE_UNIT_SPAWN_UNAVAILABLE,1,True,
train,map_002689.csv,06104344b531d257c1a6211f7941b7d171cc84ef94d715a78d0b72149546952a,42,ONE_UNIT_SPAWN_UNAVAILABLE,ONE_UNIT_SPAWN_UNAVAILABLE,1,True,
train,map_001982.csv,0658cdcb6ab9b7b67ce5077f2cae10f39583a8b4af3212bf0facd535eb1b9229,42,ONE_UNIT_SPAWN_UNAVAILABLE,ONE_UNIT_SPAWN_UNAVAILABLE,1,True,
train,map_002095.csv,06908704e57a6e9c34b5284b0ad21b3387744a0f1724b0c14d9adba327dbcdad,42,ONE_UNIT_SPAWN_UNAVAILABLE,ONE_UNIT_SPAWN_UNAVAILABLE,1,True,
train,map_001722.csv,0693b5fd1d9b75145514650b7b46e92a8c116f2860dd6ce5c54d337e1fc61c84,42,ONE_UNIT_SPAWN_UNAVAILABLE,ONE_UNIT_SPAWN_UNAVAILABLE,1,True,
train,map_001086.csv,06a6d4275fd783ee957fd425be47de7c29e01b6fcb4d4e0abf1b8148e05b43d0,42,ONE_UNIT_SPAWN_UNAVAILABLE,ONE_UNIT_SPAWN_UNAVAILABLE,1,True,
train,map_003675.csv,06be36caebfb475d4dbd11b584f3702b182fce6fc2710384076e6df6b3803e0b,42,ONE_UNIT_SPAWN_UNAVAILABLE,ONE_UNIT_SPAWN_UNAVAILABLE,1,True,
train,map_002114.csv,06ec0c7f7d6037d264d95410c624458889045644de19452dddbee4c72fbd25b6,42,ONE_UNIT_SPAWN_UNAVAILABLE,ONE_UNIT_SPAWN_UNAVAILABLE,1,True,
train,map_002129.csv,07150b7e9c6dfeb75e4fdaae8f5b3b7e15f68c02d64d503cd1c0b9c4987c3ce8,42,ONE_UNIT_SPAWN_UNAVAILABLE,ONE_UNIT_SPAWN_UNAVAILABLE,1,True,
train,map_003853.csv,072a5aa4788edfd5a292a92183174394bf468876b05792759e1d6f314a213a4e,42,ONE_UNIT_SPAWN_UNAVAILABLE,ONE_UNIT_SPAWN_UNAVAILABLE,1,True,
train,map_003317.csv,074c77b7d3d00fdfd37d606a35dc366a11b485e7b45cdc1edf044f416e3097fd,42,ONE_UNIT_SPAWN_UNAVAILABLE,ONE_UNIT_SPAWN_UNAVAILABLE,1,True,
train,map_000947.csv,07538562db5b754f6e1c1a39503cb620aaea4454344aef42237f4293592bfbf3,42,ONE_UNIT_SPAWN_UNAVAILABLE,ONE_UNIT_SPAWN_UNAVAILABLE,1,True,
train,map_005342.csv,0762e0af0034bd44fd378eb4be76e1eae8aaed364f762adbb3b5e0b58a796c08,42,ONE_UNIT_SPAWN_UNAVAILABLE,ONE_UNIT_SPAWN_UNAVAILABLE,1,True,
train,map_001571.csv,07a5889520b1ad3df56b82b10cd401c32d07edf013f255e9944321fa5e87d73e,42,ONE_UNIT_SPAWN_UNAVAILABLE,ONE_UNIT_SPAWN_UNAVAILABLE,1,True,
train,map_002182.csv,07ea9ed1e5b3832adc579ec5ec3df3b1d68fc173b3221f7e406a6c0e7f696f99,42,ONE_UNIT_SPAWN_UNAVAILABLE,ONE_UNIT_SPAWN_UNAVAILABLE,1,True,
train,map_003946.csv,07f2bc3f93d0ef977bac0b83235975443b6afbe8f0d0bd755a43383bcacc19c9,42,ONE_UNIT_SPAWN_UNAVAILABLE,ONE_UNIT_SPAWN_UNAVAILABLE,1,True,
train,map_000853.csv,080d86c21f1558a8f9c971a81c75b6dffa5f9242f1a34a79a6eb5bf773606102,42,ONE_UNIT_SPAWN_UNAVAILABLE,ONE_UNIT_SPAWN_UNAVAILABLE,1,True,
train,map_005214.csv,081b0c942ecc56ee123a4a46a53a1413b87162e38d601c2cec7f174c42ae4755,42,ONE_UNIT_SPAWN_UNAVAILABLE,ONE_UNIT_SPAWN_UNAVAILABLE,1,True,
train,map_002725.csv,08298f4951ffd6b03c975ec36beb4bc95ff062806837d257a9651cb3737d8338,42,ONE_UNIT_SPAWN_UNAVAILABLE,ONE_UNIT_SPAWN_UNAVAILABLE,1,True,
train,map_001028.csv,082e5159c1903978af91c129395763b176d6210c4de364ede1991ead4199d5fd,42,ONE_UNIT_SPAWN_UNAVAILABLE,ONE_UNIT_SPAWN_UNAVAILABLE,1,True,
train,map_004245.csv,082fabd54c3c5aa26452dcbe4103a233f966592eb7e704ccb3a2ef74388f437f,42,ONE_UNIT_SPAWN_UNAVAILABLE,ONE_UNIT_SPAWN_UNAVAILABLE,1,True,
train,map_005356.csv,083c9662e4a926af86d2e106972f3b551325d67fb019dde89e0794a6e8019e25,42,ONE_UNIT_SPAWN_UNAVAILABLE,ONE_UNIT_SPAWN_UNAVAILABLE,1,True,
train,map_000309.csv,08713e95af23c3feb50e28e4fa02bb13194eb80e59a38ed237ed3801c27912eb,42,ONE_UNIT_SPAWN_UNAVAILABLE,ONE_UNIT_SPAWN_UNAVAILABLE,1,True,
train,map_005007.csv,0880ec737d6253dcbea2cbfb42860472bd7e88a0a155e148f7bfb81f7c03bbb5,42,ONE_UNIT_SPAWN_UNAVAILABLE,ONE_UNIT_SPAWN_UNAVAILABLE,1,True,
train,map_004260.csv,0915afea7aa66d49f386de97bc28df1606c9b0111256139c9570984771e8b921,42,ONE_UNIT_SPAWN_UNAVAILABLE,ONE_UNIT_SPAWN_UNAVAILABLE,1,True,
train,map_005244.csv,0941d6518fd5efbf1e2aa43fe2b84df2b93d3fb361f86488bd311807555f7b6c,42,ONE_UNIT_SPAWN_UNAVAILABLE,ONE_UNIT_SPAWN_UNAVAILABLE,1,True,
train,map_003199.csv,0954fe006b41bb03ac61087e4027c2a9b90fb4cde766d16b0688ac27e92a57a3,42,ONE_UNIT_SPAWN_UNAVAILABLE,ONE_UNIT_SPAWN_UNAVAILABLE,1,True,
train,map_001182.csv,09734fd33ef733f453367e7120d65f4711a057808aa2abf67c750fb198457ff8,42,ONE_UNIT_SPAWN_UNAVAILABLE,ONE_UNIT_SPAWN_UNAVAILABLE,1,True,
train,map_001665.csv,097c3320fe3ebd5b794a01e0518bc85a47dbca24692ac568707fa626e215df57,42,ONE_UNIT_SPAWN_UNAVAILABLE,ONE_UNIT_SPAWN_UNAVAILABLE,1,True,
train,map_005129.csv,09a79571b29d1ec8e12bf090950f8d94e8725e527416ee5d285605e41dbdcb94,42,ONE_UNIT_SPAWN_UNAVAILABLE,ONE_UNIT_SPAWN_UNAVAILABLE,1,True,
train,map_002004.csv,09c14319ceb3e2c15a50778516628887380e0dc7527cce1c3a7bafe1b482330c,42,ONE_UNIT_SPAWN_UNAVAILABLE,ONE_UNIT_SPAWN_UNAVAILABLE,1,True,
train,map_003817.csv,09c928d1eeb0379915c24d77cf8d9b538e5276915cae73c7ff599d5402af535f,42,ONE_UNIT_SPAWN_UNAVAILABLE,ONE_UNIT_SPAWN_UNAVAILABLE,1,True,
train,map_004432.csv,0a1bbf89669b740ccfeac6f9a4262478ca84a185b237d5328f2900ab41ce09dc,42,ONE_UNIT_SPAWN_UNAVAILABLE,ONE_UNIT_SPAWN_UNAVAILABLE,1,True,
train,map_000295.csv,0a26715235555cb54a93686ef990e2edbe4e8b365be4297602deb12b4bd142fa,42,ONE_UNIT_SPAWN_UNAVAILABLE,ONE_UNIT_SPAWN_UNAVAILABLE,1,True,
train,map_004371.csv,0a2c8c38ecbb8c08c68a774bd372c42bfe47c9e524bee53a6ca573d26f496ac4,42,ONE_UNIT_SPAWN_UNAVAILABLE,ONE_UNIT_SPAWN_UNAVAILABLE,1,True,
train,map_004604.csv,0a5a9e58fa2d4b19edc014aa9015775ab00238c3a1fa843c1954da3dda090646,42,ONE_UNIT_SPAWN_UNAVAILABLE,ONE_UNIT_SPAWN_UNAVAILABLE,1,True,
train,map_001962.csv,0a5f567b7db3f618051f69dc80b866bcca3e1035f89aebd5661e54020f906a2b,42,ONE_UNIT_SPAWN_UNAVAILABLE,ONE_UNIT_SPAWN_UNAVAILABLE,1,True,
train,map_001113.csv,0a6881d505edccd3e16bc6118466f22896e96f225523f79802500aef3d3f4fdb,42,ONE_UNIT_SPAWN_UNAVAILABLE,ONE_UNIT_SPAWN_UNAVAILABLE,1,True,
train,map_000351.csv,0a95b85d597afba17dc7858fbf7f204dd57899448059d849c33a3940233deac9,42,ONE_UNIT_SPAWN_UNAVAILABLE,ONE_UNIT_SPAWN_UNAVAILABLE,1,True,
train,map_005437.csv,0aa47882c597a0aa2d2e37b523e22f90a881b55f26167f5027532460501d5163,42,ONE_UNIT_SPAWN_UNAVAILABLE,ONE_UNIT_SPAWN_UNAVAILABLE,1,True,
train,map_001746.csv,0ac202ce560da2105d5a03cb1f2b6fd93da34f3111f0d0c5a96b12c070d6404c,42,ONE_UNIT_SPAWN_UNAVAILABLE,ONE_UNIT_SPAWN_UNAVAILABLE,1,True,
train,map_000184.csv,0ad04c846169c3e5f246c32972e59fc9dc5f87f9cb8293147357699fe799a0b4,42,ONE_UNIT_SPAWN_UNAVAILABLE,ONE_UNIT_SPAWN_UNAVAILABLE,1,True,
train,map_002802.csv,0afec6a225be4f738e303eec073a5d693e0460925c088629d6cca70fbe1e9130,42,ONE_UNIT_SPAWN_UNAVAILABLE,ONE_UNIT_SPAWN_UNAVAILABLE,1,True,
train,map_002132.csv,0b48ccb313bf0c8b9acf26b7098cfa42e10830f81fdc1e77c04e6fb1cad60935,42,ONE_UNIT_SPAWN_UNAVAILABLE,ONE_UNIT_SPAWN_UNAVAILABLE,1,True,
train,map_000490.csv,0b515047a4821a3947e5383314bacb9b6c1e74ecf0e86aa1862e698c3a53a2ed,42,ONE_UNIT_SPAWN_UNAVAILABLE,ONE_UNIT_SPAWN_UNAVAILABLE,1,True,
train,map_002600.csv,0b6183384a44e75baf315fdd593b4084b9a5cc51a320e9217f48cfecce35a87e,42,ONE_UNIT_SPAWN_UNAVAILABLE,ONE_UNIT_SPAWN_UNAVAILABLE,1,True,
train,map_005497.csv,0bbf081d1c6eb63ee61889cc641a99a7b1cbf7e20062cecd753f4c4b8f919137,42,ONE_UNIT_SPAWN_UNAVAILABLE,ONE_UNIT_SPAWN_UNAVAILABLE,1,True,
train,map_005340.csv,0bcb021170dd61945a1bd4b5ebbc4153bcffbc367c82d0e17de809b9a70633a1,42,ONE_UNIT_SPAWN_UNAVAILABLE,ONE_UNIT_SPAWN_UNAVAILABLE,1,True,
train,map_000161.csv,0bcfbacbea351c7a988d8d519097b45c01a9f8fa635f2ba3a22ccae490b0dfb9,42,ONE_UNIT_SPAWN_UNAVAILABLE,ONE_UNIT_SPAWN_UNAVAILABLE,1,True,
train,map_005277.csv,0bd02798c4d1f64a26f5da44665e690a4993b55b8807d22e046f7589f8864f7d,42,ONE_UNIT_SPAWN_UNAVAILABLE,ONE_UNIT_SPAWN_UNAVAILABLE,1,True,
train,map_002436.csv,0be6ba4d41a9f877b9bfdff2b0a42b0dbbb40d748b4825c9b5b30f743f257d7f,42,ONE_UNIT_SPAWN_UNAVAILABLE,ONE_UNIT_SPAWN_UNAVAILABLE,1,True,
train,map_003671.csv,0c1b9b8b4c1b7308698764b1a8bee46ce4c21e1551ad245d52a478e3f44b28a7,42,ONE_UNIT_SPAWN_UNAVAILABLE,ONE_UNIT_SPAWN_UNAVAILABLE,1,True,
train,map_003584.csv,0c2bf14e7e2b8aaf24fe9a3f643f96800214ea29d1fa3466a78e8874ff96983a,42,ONE_UNIT_SPAWN_UNAVAILABLE,ONE_UNIT_SPAWN_UNAVAILABLE,1,True,
train,map_000826.csv,0c4d6dd5ab8f5a660fc6c8652c7ea3d09ac1c4f3cae91a2286058473d8e230e3,42,ONE_UNIT_SPAWN_UNAVAILABLE,ONE_UNIT_SPAWN_UNAVAILABLE,1,True,
train,map_005052.csv,0c5237f79e44f748e3e32ac54f48151dca8f8c4b81c4c78d65ce6303908c2c96,42,ONE_UNIT_SPAWN_UNAVAILABLE,ONE_UNIT_SPAWN_UNAVAILABLE,1,True,
train,map_002181.csv,0c53f7fcc7a5864073428b5fb34f34890a6f54555625deba8da845747c4042c7,42,ONE_UNIT_SPAWN_UNAVAILABLE,ONE_UNIT_SPAWN_UNAVAILABLE,1,True,
train,map_003582.csv,0c5e5640b59e31f9d5e23498dc2b372702eb4f785e76c472bc8f5f31a81d9ab0,42,ONE_UNIT_SPAWN_UNAVAILABLE,ONE_UNIT_SPAWN_UNAVAILABLE,1,True,
train,map_002931.csv,0c726af534bc3884699913aa2cf091b455e41ea82b8893b777abf684d81ff1f4,42,ONE_UNIT_SPAWN_UNAVAILABLE,ONE_UNIT_SPAWN_UNAVAILABLE,1,True,
train,map_004857.csv,0c7861d002bb69db9538b2b0ae3720c858f91717606cd8e28b180884a016f212,42,ONE_UNIT_SPAWN_UNAVAILABLE,ONE_UNIT_SPAWN_UNAVAILABLE,1,True,
train,map_001589.csv,0c7c06afe1e767f98bf019e2a751788fb8e2617c7c2e5ed3740d24c5b19b9aec,42,ONE_UNIT_SPAWN_UNAVAILABLE,ONE_UNIT_SPAWN_UNAVAILABLE,1,True,
train,map_001644.csv,0c8e0d58e37b96abd392e83122bec228887633c14d94c8da35b0459e22a02916,42,ONE_UNIT_SPAWN_UNAVAILABLE,ONE_UNIT_SPAWN_UNAVAILABLE,1,True,
train,map_002262.csv,0c9d7560bb6f6f543a8a8ffb0c8b5095d57e07ff771681f396b0c6b0256018bf,42,ONE_UNIT_SPAWN_UNAVAILABLE,ONE_UNIT_SPAWN_UNAVAILABLE,1,True,
train,map_000776.csv,0ccfccb52024f2a0e89055618c3b30766e2525e6665a9a7fd3ea0774d383e1b3,42,ONE_UNIT_SPAWN_UNAVAILABLE,ONE_UNIT_SPAWN_UNAVAILABLE,1,True,
train,map_000912.csv,0cd8b127669fb1804f292f4ef2e5efd4ed0b87ea9dd6f99de5dc55aab6d0e1e5,42,ONE_UNIT_SPAWN_UNAVAILABLE,ONE_UNIT_SPAWN_UNAVAILABLE,1,True,
train,map_000591.csv,0d0d9ceeaa93c87a03e44a53de5784f0aae1046e7acfd2f49340cc9963235895,42,ONE_UNIT_SPAWN_UNAVAILABLE,ONE_UNIT_SPAWN_UNAVAILABLE,1,True,
train,map_002530.csv,0d0e30d0c373857dce3776f7b6ed8c3f93e6b70234eb0e7cb69450a777e01931,42,ONE_UNIT_SPAWN_UNAVAILABLE,ONE_UNIT_SPAWN_UNAVAILABLE,1,True,
train,map_004311.csv,0d182a3c4352e9eff379b0a906433912b509b9750ea2764fe636bfdd3efb3831,42,ONE_UNIT_SPAWN_UNAVAILABLE,ONE_UNIT_SPAWN_UNAVAILABLE,1,True,
train,map_003482.csv,0d3e59db21d015f89d63f6f1dcc2d97e5c87d8d888faa667c1b00ae13f271933,42,ONE_UNIT_SPAWN_UNAVAILABLE,ONE_UNIT_SPAWN_UNAVAILABLE,1,True,
train,map_005039.csv,0d8596cafd8df79147ee9be954abbf5df1e3ce153a92874ab7f730f7629fc0b3,42,ONE_UNIT_SPAWN_UNAVAILABLE,ONE_UNIT_SPAWN_UNAVAILABLE,1,True,
train,map_000144.csv,0d863cb9ce9f82d3af447f5f2267341698ab8fd39a7f405aa29791c371d50df0,42,ONE_UNIT_SPAWN_UNAVAILABLE,ONE_UNIT_SPAWN_UNAVAILABLE,1,True,
train,map_001846.csv,0d87344c656ef49760a1a5b827271bcb3c7b7ab616352e78bb6c937b23426242,42,ONE_UNIT_SPAWN_UNAVAILABLE,ONE_UNIT_SPAWN_UNAVAILABLE,1,True,
train,map_004219.csv,0d926a7763a90ee4809f812bb4e2dd10348e0898ce3cb1b4c8e8c77633dc2984,42,ONE_UNIT_SPAWN_UNAVAILABLE,ONE_UNIT_SPAWN_UNAVAILABLE,1,True,
train,map_002476.csv,0dc5a05f553b1fe2ca4f35038a5b93c1157a8ec5d1f547e5476202c2d19c2bdd,42,ONE_UNIT_SPAWN_UNAVAILABLE,ONE_UNIT_SPAWN_UNAVAILABLE,1,True,
train,map_001893.csv,0dcc706a34f932eda512d62e2fe746ae7be45101b8f8b32b66c44ade329cdd2d,42,ONE_UNIT_SPAWN_UNAVAILABLE,ONE_UNIT_SPAWN_UNAVAILABLE,1,True,
train,map_005068.csv,0de2a09314329e6de43e5772fd72503360d1fa373e44cb7d428461749d460b7d,42,ONE_UNIT_SPAWN_UNAVAILABLE,ONE_UNIT_SPAWN_UNAVAILABLE,1,True,
train,map_002258.csv,0df51f85cacc364e0de8b0cdb3fa544e72ddabe1b99688dfca5a4c9ead160e49,42,ONE_UNIT_SPAWN_UNAVAILABLE,ONE_UNIT_SPAWN_UNAVAILABLE,1,True,
train,map_004023.csv,0df68a7376fbd717ade99f515317a6675c8c9939318478909e643c08198e4895,42,ONE_UNIT_SPAWN_UNAVAILABLE,ONE_UNIT_SPAWN_UNAVAILABLE,1,True,
train,map_004152.csv,0dfd751487b471362698726b7fb71c117c3374a73502f347049daa064b1e9ac9,42,ONE_UNIT_SPAWN_UNAVAILABLE,ONE_UNIT_SPAWN_UNAVAILABLE,1,True,
train,map_004625.csv,0e259c5fe663385684936c9b2f484a792b2023ad58be292dd9a4e37f460aa1ce,42,ONE_UNIT_SPAWN_UNAVAILABLE,ONE_UNIT_SPAWN_UNAVAILABLE,1,True,
train,map_001214.csv,0e2c8efdfcf8c49322d56a006eddb465c00c94c4803bc99a281ce9cbadb1d852,42,ONE_UNIT_SPAWN_UNAVAILABLE,ONE_UNIT_SPAWN_UNAVAILABLE,1,True,
train,map_003167.csv,0e2f430eb212e7365a3a840a26fb53b5ddc25834a8ceae6f4080f83c495624ce,42,ONE_UNIT_SPAWN_UNAVAILABLE,ONE_UNIT_SPAWN_UNAVAILABLE,1,True,
train,map_000264.csv,0e4a5be4f62de83c48a130de733627f626aee3526123702575c6f1217eb3b719,42,ONE_UNIT_SPAWN_UNAVAILABLE,ONE_UNIT_SPAWN_UNAVAILABLE,1,True,
train,map_000798.csv,0e58d1ab0788ccef369ceacb4cd796def85bdf919066995e2f21bbc6b6602674,42,ONE_UNIT_SPAWN_UNAVAILABLE,ONE_UNIT_SPAWN_UNAVAILABLE,1,True,
train,map_002735.csv,0e594cace29c7b4fe405920ea594ebb1edfddb9fc5b1524b35b542a48db098a1,42,ONE_UNIT_SPAWN_UNAVAILABLE,ONE_UNIT_SPAWN_UNAVAILABLE,1,True,
train,map_003292.csv,0e7300e45780caf6426a9fc11ea0c18fa36def059abece438a83ea636c3e501a,42,ONE_UNIT_SPAWN_UNAVAILABLE,ONE_UNIT_SPAWN_UNAVAILABLE,1,True,
train,map_004660.csv,0e7cc3e1ea65c473b0b635cd2d837db128d565b07845e4ef88ae87386b3dcf09,42,ONE_UNIT_SPAWN_UNAVAILABLE,ONE_UNIT_SPAWN_UNAVAILABLE,1,True,
train,map_005472.csv,0e7e5b966fbaebc63ce6ed03df2eb501198f45027422bb8a9f30257524b6e507,42,ONE_UNIT_SPAWN_UNAVAILABLE,ONE_UNIT_SPAWN_UNAVAILABLE,1,True,
train,map_002862.csv,0e8a225150f5833f25b94aa7e44cd1e31dc295fff13b71c12c916183032d1cc8,42,ONE_UNIT_SPAWN_UNAVAILABLE,ONE_UNIT_SPAWN_UNAVAILABLE,1,True,
train,map_002403.csv,0eb19306f6ed9dff688955718abbf3ecd9ddd8b6f1fdc2ddfb8956b25ce98924,42,ONE_UNIT_SPAWN_UNAVAILABLE,ONE_UNIT_SPAWN_UNAVAILABLE,1,True,
train,map_002320.csv,0ecb1b2df3adc8c21d8f4ebcd7b38937cb764c9234a9430e892d3869ca683082,42,ONE_UNIT_SPAWN_UNAVAILABLE,ONE_UNIT_SPAWN_UNAVAILABLE,1,True,
train,map_002732.csv,0efa5663f3795ec361dc1f29016c598599c91ef9dbbeecb47f187a6b002530d9,42,ONE_UNIT_SPAWN_UNAVAILABLE,ONE_UNIT_SPAWN_UNAVAILABLE,1,True,
train,map_000467.csv,0f3cd33dd8ffeaef599d61c830bc4fc8051adeadfc5870a995918aaea001e0dc,42,ONE_UNIT_SPAWN_UNAVAILABLE,ONE_UNIT_SPAWN_UNAVAILABLE,1,True,
train,map_002508.csv,0f5ffa5a10027fdf17a77b70c74ad5c33caa9e89a748ffcd9634daff6649b5aa,42,ONE_UNIT_SPAWN_UNAVAILABLE,ONE_UNIT_SPAWN_UNAVAILABLE,1,True,
train,map_001170.csv,0f715a1289220ef2b3db46bbfb25589d562c9d781a93ad7aedc06abd40e7f09d,42,ONE_UNIT_SPAWN_UNAVAILABLE,ONE_UNIT_SPAWN_UNAVAILABLE,1,True,
train,map_001892.csv,0f88191b06f00ba7e1c7146b40de28f0b9130030605e73fb781fe935f9a9d969,42,ONE_UNIT_SPAWN_UNAVAILABLE,ONE_UNIT_SPAWN_UNAVAILABLE,1,True,
train,map_004591.csv,0f895a267ee143966a46a829db164e3925334a0a12ff97341fafc4de03d173d8,42,ONE_UNIT_SPAWN_UNAVAILABLE,ONE_UNIT_SPAWN_UNAVAILABLE,1,True,
train,map_004467.csv,0f97e75d3cf7a87d36ac9a1f65acfea41a4292b71258bc38c4d5e604b240f19a,42,ONE_UNIT_SPAWN_UNAVAILABLE,ONE_UNIT_SPAWN_UNAVAILABLE,1,True,
train,map_003653.csv,0f9fadc5694b2cc863b1bf5aae5ec4a0313be04678a2c7c928528aded480c42c,42,ONE_UNIT_SPAWN_UNAVAILABLE,ONE_UNIT_SPAWN_UNAVAILABLE,1,True,
train,map_000481.csv,0fc6e0725bcd4a4b5445d06f6dd5295d7543a8b9f203e85eb7c25312bdb59987,42,ONE_UNIT_SPAWN_UNAVAILABLE,ONE_UNIT_SPAWN_UNAVAILABLE,1,True,
train,map_000736.csv,0ff0c9e116d51cc3e76eb09914fce8ba04a63abb77a390f111cf389e9cfe9e71,42,ONE_UNIT_SPAWN_UNAVAILABLE,ONE_UNIT_SPAWN_UNAVAILABLE,1,True,
train,map_000505.csv,0ff96b14f4e8dbc0b6f0b75590889b8fd33d5fb2fd38b281a033c57012258eed,42,ONE_UNIT_SPAWN_UNAVAILABLE,ONE_UNIT_SPAWN_UNAVAILABLE,1,True,
train,map_001540.csv,100ab22c3188f190f9c26dd3ef86b64242aaf44bc13c82c88fe08b72d91c2ece,42,ONE_UNIT_SPAWN_UNAVAILABLE,ONE_UNIT_SPAWN_UNAVAILABLE,1,True,
train,map_003532.csv,100efcda614aec086d5bc042ac6e87a85ec5bc3269056a36646a6e994c7e7136,42,ONE_UNIT_SPAWN_UNAVAILABLE,ONE_UNIT_SPAWN_UNAVAILABLE,1,True,
train,map_001590.csv,1011eb7bad2015ed562bc2b5eae39977b348f29c05f12b2be80f035f447bc932,42,ONE_UNIT_SPAWN_UNAVAILABLE,ONE_UNIT_SPAWN_UNAVAILABLE,1,True,
train,map_003309.csv,10274aed9719d3ea97963f9bbc80ee1b161f7f3f40b91ee5aad9e459cb994ab5,42,ONE_UNIT_SPAWN_UNAVAILABLE,ONE_UNIT_SPAWN_UNAVAILABLE,1,True,
train,map_004560.csv,10435e523ff323de16ddcdab828399936c7de003886823d70e3505ce4a9019c5,42,ONE_UNIT_SPAWN_UNAVAILABLE,ONE_UNIT_SPAWN_UNAVAILABLE,1,True,
train,map_003417.csv,104c96f3b5203b3dc578e9477ee0fe80dd6effe814689f775f977b136e12d7d2,42,ONE_UNIT_SPAWN_UNAVAILABLE,ONE_UNIT_SPAWN_UNAVAILABLE,1,True,
train,map_001399.csv,1070510984fdb8a5024f0c11d6d816fc31354def22e8d8212130f855e599441e,42,ONE_UNIT_SPAWN_UNAVAILABLE,ONE_UNIT_SPAWN_UNAVAILABLE,1,True,
train,map_002891.csv,10789f1de0cbfc0eaaa36b06dbe0913051a0121fa45e124519d2ecf46fe653f0,42,ONE_UNIT_SPAWN_UNAVAILABLE,ONE_UNIT_SPAWN_UNAVAILABLE,1,True,
train,map_002969.csv,108d67e93481cb789192a895c7634a59888d6f10848d78f41282d8698f25018d,42,ONE_UNIT_SPAWN_UNAVAILABLE,ONE_UNIT_SPAWN_UNAVAILABLE,1,True,
train,map_003287.csv,10980dc52da6a1384f35f85b86aaf46514a7d467a7af1471a334e6f40ab56bfa,42,ONE_UNIT_SPAWN_UNAVAILABLE,ONE_UNIT_SPAWN_UNAVAILABLE,1,True,
train,map_000859.csv,10cc23a131f24e6cb7593b07b76fe8bdda083888798560f0f09a01ee0e40f6a4,42,ONE_UNIT_SPAWN_UNAVAILABLE,ONE_UNIT_SPAWN_UNAVAILABLE,1,True,
train,map_002893.csv,10d5454b36091e0e6a96ecf634fa3bf63456b681eba51bec5a1b110c3cab81de,42,ONE_UNIT_SPAWN_UNAVAILABLE,ONE_UNIT_SPAWN_UNAVAILABLE,1,True,
train,map_003385.csv,11064c6e340b5d8f32fb8bc03912a3b9d8ecd4fd3c9c512b3c03f7c7c0a42eb9,42,ONE_UNIT_SPAWN_UNAVAILABLE,ONE_UNIT_SPAWN_UNAVAILABLE,1,True,
train,map_001261.csv,110b03d759acc1c9b2774154642866034f5d59c4005c57e880a19ed8a9829759,42,ONE_UNIT_SPAWN_UNAVAILABLE,ONE_UNIT_SPAWN_UNAVAILABLE,1,True,
train,map_004695.csv,113ec4786e89370b8cf04094fb7820b2136b29aa447c2b2f2495e7d70bf7edbf,42,ONE_UNIT_SPAWN_UNAVAILABLE,ONE_UNIT_SPAWN_UNAVAILABLE,1,True,
train,map_001376.csv,114965149a39c71243acb8cac83b615e2b9ba800c74b6ef47b6ca771a249992f,42,ONE_UNIT_SPAWN_UNAVAILABLE,ONE_UNIT_SPAWN_UNAVAILABLE,1,True,
train,map_005413.csv,116160d30f8f39a7d0f2319a12949c7b060246e217a508d3b08863a7c5a5940a,42,ONE_UNIT_SPAWN_UNAVAILABLE,ONE_UNIT_SPAWN_UNAVAILABLE,1,True,
train,map_000104.csv,118e170f068abed81759ca077f95b1a22e13aebb5e740a41466ac514270ca4d0,42,ONE_UNIT_SPAWN_UNAVAILABLE,ONE_UNIT_SPAWN_UNAVAILABLE,1,True,
train,map_000137.csv,1192a4805543ac2ff34b3bf232fe3ae55d23e61b9a34c78fa446b4d06742c547,42,ONE_UNIT_SPAWN_UNAVAILABLE,ONE_UNIT_SPAWN_UNAVAILABLE,1,True,
train,map_002687.csv,119506965ad3eac106d048fcd7e12c7631e7d39383135618fd76092208750f70,42,ONE_UNIT_SPAWN_UNAVAILABLE,ONE_UNIT_SPAWN_UNAVAILABLE,1,True,
train,map_002029.csv,11ac66d33ea8855e3cf190daf15d74bc9f89c8f83d7c4dd9315cc5d0d5dbc40a,42,ONE_UNIT_SPAWN_UNAVAILABLE,ONE_UNIT_SPAWN_UNAVAILABLE,1,True,
train,map_005113.csv,11bede1f8cf53593f4fe6a87993a7e967ef7ecb7aaf0f925a05b73803b82e4a2,42,ONE_UNIT_SPAWN_UNAVAILABLE,ONE_UNIT_SPAWN_UNAVAILABLE,1,True,
train,map_003678.csv,11c1cef31de933e549dfb8ae019ddaacbe17c5a062f7e6f502145e70c3678d3e,42,ONE_UNIT_SPAWN_UNAVAILABLE,ONE_UNIT_SPAWN_UNAVAILABLE,1,True,
train,map_003951.csv,11cc1aa1208189fca0f949790dc9323a03d6a550a9ece8d0077bef31fb5fdd55,42,ONE_UNIT_SPAWN_UNAVAILABLE,ONE_UNIT_SPAWN_UNAVAILABLE,1,True,
train,map_004992.csv,126b856b598196bc6399911e3d9871ff01e3e6aebc48a02a40d42784ac0510b3,42,ONE_UNIT_SPAWN_UNAVAILABLE,ONE_UNIT_SPAWN_UNAVAILABLE,1,True,
train,map_004295.csv,1278f126e36afe41c62397606aad236e344d39e1ee4a235a2e2b2cb0d6502faf,42,ONE_UNIT_SPAWN_UNAVAILABLE,ONE_UNIT_SPAWN_UNAVAILABLE,1,True,
train,map_004512.csv,127e11af3441fbdcd49a7ad9b29d92f454716eb98460f134dd53957b7aea7bd1,42,ONE_UNIT_SPAWN_UNAVAILABLE,ONE_UNIT_SPAWN_UNAVAILABLE,1,True,
train,map_000784.csv,12c1a441a8e185a0655a496aa83b1a7f73ebbba883dfec54550559a81d989e07,42,ONE_UNIT_SPAWN_UNAVAILABLE,ONE_UNIT_SPAWN_UNAVAILABLE,1,True,
train,map_003550.csv,12c7bb1a3205e42b4e607ba4b3d7ef8d77d29892426e219308aa55a14ea8c32b,42,ONE_UNIT_SPAWN_UNAVAILABLE,ONE_UNIT_SPAWN_UNAVAILABLE,1,True,
train,map_002023.csv,12cbec7cec880fcd88b2707b914875e835bc4c49f426b6947556072c5827db34,42,ONE_UNIT_SPAWN_UNAVAILABLE,ONE_UNIT_SPAWN_UNAVAILABLE,1,True,
train,map_002535.csv,12d69f5c73bb5cad9349e0c5c0731328df73f437ea08ccc61dcc971340cf0d39,42,ONE_UNIT_SPAWN_UNAVAILABLE,ONE_UNIT_SPAWN_UNAVAILABLE,1,True,
train,map_004895.csv,12e5e2317a30dabc8939a40b86bf7bc6797542b26eb6754d35bb6c21eaaf94d9,42,ONE_UNIT_SPAWN_UNAVAILABLE,ONE_UNIT_SPAWN_UNAVAILABLE,1,True,
train,map_003972.csv,12f82b3aea7f7abd734928eba0aadc2c637ef0e948f1090f077b02c0a2b48188,42,ONE_UNIT_SPAWN_UNAVAILABLE,ONE_UNIT_SPAWN_UNAVAILABLE,1,True,
train,map_003566.csv,13180ef3800b045e48ffe8f09d7a9f429d000ca49cc74fc52c0e1583cab82100,42,ONE_UNIT_SPAWN_UNAVAILABLE,ONE_UNIT_SPAWN_UNAVAILABLE,1,True,
train,map_005387.csv,1321189435b6eb3097ff0c980ae3fa2aa93ea5ec4660508aba9cd92399696b5d,42,ONE_UNIT_SPAWN_UNAVAILABLE,ONE_UNIT_SPAWN_UNAVAILABLE,1,True,
train,map_002572.csv,132b79687b4b9202d56e8b4de04b4674e974417e030e9ba70ca1f0c413ddc25e,42,ONE_UNIT_SPAWN_UNAVAILABLE,ONE_UNIT_SPAWN_UNAVAILABLE,1,True,
train,map_005157.csv,1333a346188976e4720b8f1b44986bd090edbe90c0ed034450001d0a042e3956,42,ONE_UNIT_SPAWN_UNAVAILABLE,ONE_UNIT_SPAWN_UNAVAILABLE,1,True,
train,map_001344.csv,133c991840a4ab82b61eea35854e1dc6a15710346367faedd1e8e4421b1ca1d7,42,ONE_UNIT_SPAWN_UNAVAILABLE,ONE_UNIT_SPAWN_UNAVAILABLE,1,True,
train,map_003020.csv,1358e55094a6953a44ae966302e7892f39cb681de048666eb289d3e15a247322,42,ONE_UNIT_SPAWN_UNAVAILABLE,ONE_UNIT_SPAWN_UNAVAILABLE,1,True,
train,map_000286.csv,1361ea8d08a821d8e41ef8fce2296a3da923c91d3c8b6297effbeca64a9d0b44,42,ONE_UNIT_SPAWN_UNAVAILABLE,ONE_UNIT_SPAWN_UNAVAILABLE,1,True,
train,map_003595.csv,1386f8cdc4856b011830ae4c568cb301c671b1fc85a96c5b4c3703eee752505c,42,ONE_UNIT_SPAWN_UNAVAILABLE,ONE_UNIT_SPAWN_UNAVAILABLE,1,True,
train,map_003590.csv,13b1ea47c159912044e7737db877879262fb75e27eefe3e50034092233ec57c2,42,ONE_UNIT_SPAWN_UNAVAILABLE,ONE_UNIT_SPAWN_UNAVAILABLE,1,True,
train,map_003583.csv,13de2f7e36356ae67424af16fa9d4e58c27af7cc5b89276dd7834537faa5f7b1,42,ONE_UNIT_SPAWN_UNAVAILABLE,ONE_UNIT_SPAWN_UNAVAILABLE,1,True,
train,map_003709.csv,13ef3cd658bd198210c45ed0a8af08e0368e9fdffc304b902c683713d7d9c216,42,ONE_UNIT_SPAWN_UNAVAILABLE,ONE_UNIT_SPAWN_UNAVAILABLE,1,True,
train,map_004613.csv,13f48fd28754e4d24734b41b3a7070f2ef2afa264313f7aae535d2328f4e0216,42,ONE_UNIT_SPAWN_UNAVAILABLE,ONE_UNIT_SPAWN_UNAVAILABLE,1,True,
train,map_000054.csv,13f51b28cfe6e4da00049d3d8dcb3c3dba25f2082673425d46ee18685a67914f,42,ONE_UNIT_SPAWN_UNAVAILABLE,ONE_UNIT_SPAWN_UNAVAILABLE,1,True,
train,map_002567.csv,14273d94ce31d840b00f10ca4b223d56834a4992e634f8aad2a3fa173dc81516,42,ONE_UNIT_SPAWN_UNAVAILABLE,ONE_UNIT_SPAWN_UNAVAILABLE,1,True,
train,map_000545.csv,143fbdce081e23ac3ba40cb0bd398f276a4a00d96057221dbc91a57bc00bedb5,42,ONE_UNIT_SPAWN_UNAVAILABLE,ONE_UNIT_SPAWN_UNAVAILABLE,1,True,
train,map_001139.csv,144017202a16188a75e4b484aa86642ae87fd4b8955b52edbecf69682ab761ca,42,ONE_UNIT_SPAWN_UNAVAILABLE,ONE_UNIT_SPAWN_UNAVAILABLE,1,True,
train,map_002788.csv,144d60542ebfa820168f02d5a0c3c6e23084160136206fe1857f6c83ba167101,42,ONE_UNIT_SPAWN_UNAVAILABLE,ONE_UNIT_SPAWN_UNAVAILABLE,1,True,
train,map_001553.csv,144f2518af8eda0fa054a3da8d16e81b260f77f7413ff23134969c46259a806c,42,ONE_UNIT_SPAWN_UNAVAILABLE,ONE_UNIT_SPAWN_UNAVAILABLE,1,True,
train,map_000501.csv,14a616f5ba4eeafd89902e6ccc6c7c0ed6c7fdcd06fa28ba44723555f04916a3,42,ONE_UNIT_SPAWN_UNAVAILABLE,ONE_UNIT_SPAWN_UNAVAILABLE,1,True,
train,map_001741.csv,14ac2acdf20ad5b636c28a4b5d2f7e3ed43ee438abc369c70e71f4c2e26351f1,42,ONE_UNIT_SPAWN_UNAVAILABLE,ONE_UNIT_SPAWN_UNAVAILABLE,1,True,
train,map_001409.csv,14bafc0983b6e67c15cd0d7212baa53aaf0035aa089af2e08f5938dab7025b60,42,ONE_UNIT_SPAWN_UNAVAILABLE,ONE_UNIT_SPAWN_UNAVAILABLE,1,True,
train,map_003312.csv,14d1d5c86814082ba46eccadb7109fbefd4ac66b0f0795a398c8bd85521fcea3,42,ONE_UNIT_SPAWN_UNAVAILABLE,ONE_UNIT_SPAWN_UNAVAILABLE,1,True,
train,map_000143.csv,14e8e164409f3822cdeda95e39bc86323cb8ce8bf9f1fa257d6a285d79032201,42,ONE_UNIT_SPAWN_UNAVAILABLE,ONE_UNIT_SPAWN_UNAVAILABLE,1,True,
train,map_005042.csv,14f28965d3a8f6adab7edc538cf885dde09d682c47d0b3427ecb2abaf7c406aa,42,ONE_UNIT_SPAWN_UNAVAILABLE,ONE_UNIT_SPAWN_UNAVAILABLE,1,True,
train,map_002278.csv,15021b0e4c40aef77b8d33c58d497cc02c0691e40e1fbaa704c36992b0bade3e,42,ONE_UNIT_SPAWN_UNAVAILABLE,ONE_UNIT_SPAWN_UNAVAILABLE,1,True,
train,map_000645.csv,15079630d94c6e448dcedd2599bbe986d91490405da7f86b4c99ea9170cb811f,42,ONE_UNIT_SPAWN_UNAVAILABLE,ONE_UNIT_SPAWN_UNAVAILABLE,1,True,
train,map_003719.csv,150d219aa5162bd61efc480d025ddc53ce396b7168e7d3fe8358d48919d422f5,42,ONE_UNIT_SPAWN_UNAVAILABLE,ONE_UNIT_SPAWN_UNAVAILABLE,1,True,
train,map_003415.csv,152e3ab9db3419b08bbb41263cc17cb30155ac3a8b458cc59d446007c760a7be,42,ONE_UNIT_SPAWN_UNAVAILABLE,ONE_UNIT_SPAWN_UNAVAILABLE,1,True,
train,map_000083.csv,155e659eb1bb0c2bbb40fa41a0e7241ac1db1fb8f16de98fe5df8b5b56569ab2,42,ONE_UNIT_SPAWN_UNAVAILABLE,ONE_UNIT_SPAWN_UNAVAILABLE,1,True,
train,map_002327.csv,156b2c1ec9e8ea2083d7df37e2e2cfa604ab53f89c2009b3d35f1515bc277a02,42,ONE_UNIT_SPAWN_UNAVAILABLE,ONE_UNIT_SPAWN_UNAVAILABLE,1,True,
train,map_003440.csv,1581d05a2ef260cb882094f921959ccfd37c5a4610161942f8a03d8ffe6c4f4a,42,ONE_UNIT_SPAWN_UNAVAILABLE,ONE_UNIT_SPAWN_UNAVAILABLE,1,True,
train,map_000881.csv,158c9290f7d903655cf493d530ac2a911e283a065d491f65667b2acdb542c74d,42,ONE_UNIT_SPAWN_UNAVAILABLE,ONE_UNIT_SPAWN_UNAVAILABLE,1,True,
train,map_004055.csv,159819d3d053175124459af4d6f625a07547d0dc0d41af22f8568d9da17f2c81,42,ONE_UNIT_SPAWN_UNAVAILABLE,ONE_UNIT_SPAWN_UNAVAILABLE,1,True,
train,map_004968.csv,159fccecb5e29eb98e5545bab3487717240a065018b45f36b85b490b801ac3b8,42,ONE_UNIT_SPAWN_UNAVAILABLE,ONE_UNIT_SPAWN_UNAVAILABLE,1,True,
train,map_002012.csv,15a0203612aac3fbbee23215cdcead27b7c5bac1b835e90a686581f747763025,42,ONE_UNIT_SPAWN_UNAVAILABLE,ONE_UNIT_SPAWN_UNAVAILABLE,1,True,
train,map_003207.csv,15ad4110f09bdc165ba2f48bb8906b7d3e2824d0f3747302db1a7dc780d74f1b,42,ONE_UNIT_SPAWN_UNAVAILABLE,ONE_UNIT_SPAWN_UNAVAILABLE,1,True,
train,map_003241.csv,15f6e3f07008b68790d90c8a7a0964cbf992928309eabd3368c4e1a09bf2ce39,42,ONE_UNIT_SPAWN_UNAVAILABLE,ONE_UNIT_SPAWN_UNAVAILABLE,1,True,
train,map_004764.csv,1607ba8273402a5c2bba2f0dfff6c24ff08dff1673605bbf88e58019e92c9c63,42,ONE_UNIT_SPAWN_UNAVAILABLE,ONE_UNIT_SPAWN_UNAVAILABLE,1,True,
train,map_005512.csv,16090ac3709db84682ef4f6dc752d08f6b1e83e135d0bca75668eda4f95cdd48,42,ONE_UNIT_SPAWN_UNAVAILABLE,ONE_UNIT_SPAWN_UNAVAILABLE,1,True,
train,map_000889.csv,161dc7ff2717f53cbc71724303c95e3539d8777b6ea1a13c2be2518cae37de74,42,ONE_UNIT_SPAWN_UNAVAILABLE,ONE_UNIT_SPAWN_UNAVAILABLE,1,True,
train,map_000455.csv,164c67f03325638df2f2bd1b03ed4ced1e724b37e130968a5b8198e1016c4e64,42,ONE_UNIT_SPAWN_UNAVAILABLE,ONE_UNIT_SPAWN_UNAVAILABLE,1,True,
train,map_001904.csv,1656225f1faeda3c2252c77f2a2d279d853366caaf01943e207b698a12955603,42,ONE_UNIT_SPAWN_UNAVAILABLE,ONE_UNIT_SPAWN_UNAVAILABLE,1,True,
train,map_002807.csv,165b98bc3a404ec21258a413b89a03eeb781bf692e8eec723d500394ce9358d4,42,ONE_UNIT_SPAWN_UNAVAILABLE,ONE_UNIT_SPAWN_UNAVAILABLE,1,True,
train,map_003325.csv,169756fef74bf6d207ab091e6091274b0f480133330f8c5cd7c4cd42bcc511dd,42,ONE_UNIT_SPAWN_UNAVAILABLE,ONE_UNIT_SPAWN_UNAVAILABLE,1,True,
train,map_001851.csv,16ba06f57d6b83429e7167dd987f0fb62afd51f50e6f0f36db68180518cc30c5,42,ONE_UNIT_SPAWN_UNAVAILABLE,ONE_UNIT_SPAWN_UNAVAILABLE,1,True,
train,map_001663.csv,16be78a3128f2d0b746208254a841e113a913b5b4997b0e7142d5f14ae8a60c4,42,ONE_UNIT_SPAWN_UNAVAILABLE,ONE_UNIT_SPAWN_UNAVAILABLE,1,True,
train,map_000528.csv,16db12d58042f15b8bca5d2806d875e6f5deb590e47ebd8a8e5994917e9f1081,42,ONE_UNIT_SPAWN_UNAVAILABLE,ONE_UNIT_SPAWN_UNAVAILABLE,1,True,
train,map_004318.csv,17205aecc96d505abb07d8e2b4cf66529d3fa75abf43755e52b0a581ccd948ac,42,ONE_UNIT_SPAWN_UNAVAILABLE,ONE_UNIT_SPAWN_UNAVAILABLE,1,True,
train,map_001218.csv,17209bee2caba35f9866c1fd55cbf4754731cedc69049cc0d62a8479b81018df,42,ONE_UNIT_SPAWN_UNAVAILABLE,ONE_UNIT_SPAWN_UNAVAILABLE,1,True,
train,map_003885.csv,1736e2d26dd66f8f513bc2db885291965cc927de443c1d6cfff5a1350896758c,42,ONE_UNIT_SPAWN_UNAVAILABLE,ONE_UNIT_SPAWN_UNAVAILABLE,1,True,
train,map_002938.csv,174be13a19effe41077f1fc1fcf2a45d4594d8fa99def562b67ede118bc96ed8,42,ONE_UNIT_SPAWN_UNAVAILABLE,ONE_UNIT_SPAWN_UNAVAILABLE,1,True,
train,map_005136.csv,17506291c3af1c15568038d0c4ee44fc5eec8d5fceab4ed22cb021b2cac6e6ce,42,ONE_UNIT_SPAWN_UNAVAILABLE,ONE_UNIT_SPAWN_UNAVAILABLE,1,True,
train,map_002056.csv,176a006562e75b446b19e8d57c6ce9cf6e9c92061607cf805cd44419e8cef7e2,42,ONE_UNIT_SPAWN_UNAVAILABLE,ONE_UNIT_SPAWN_UNAVAILABLE,1,True,
train,map_001836.csv,177e2e835599b5bda3eec5c9d3acd7f01b011cb902d179b79a9ac04e5ba15c38,42,ONE_UNIT_SPAWN_UNAVAILABLE,ONE_UNIT_SPAWN_UNAVAILABLE,1,True,
train,map_003093.csv,1785de6df6220c2f3711aba890714e029b61a0a151389e87e7f64c4df7b071f4,42,ONE_UNIT_SPAWN_UNAVAILABLE,ONE_UNIT_SPAWN_UNAVAILABLE,1,True,
train,map_004405.csv,17ab076ec848ae1da9ee09566949b34978f04a9a3dfaec162ee021dc7a08bca2,42,ONE_UNIT_SPAWN_UNAVAILABLE,ONE_UNIT_SPAWN_UNAVAILABLE,1,True,
train,map_003587.csv,17c978b33d7320bc3e9b7c913a449d5bda96bbdd8c8e244f67f03fec0da59a3b,42,ONE_UNIT_SPAWN_UNAVAILABLE,ONE_UNIT_SPAWN_UNAVAILABLE,1,True,
train,map_003021.csv,17d9fa1f3ecf10090508fa3914318114eaea03dd7cc67e4de5731ceb407aa885,42,ONE_UNIT_SPAWN_UNAVAILABLE,ONE_UNIT_SPAWN_UNAVAILABLE,1,True,
train,map_004611.csv,17fe7ef5b4abc6a82e62faf4eed64caa6b7bf9b82756a0098be6bac4c71abeb7,42,ONE_UNIT_SPAWN_UNAVAILABLE,ONE_UNIT_SPAWN_UNAVAILABLE,1,True,
train,map_004463.csv,18411ab83af18e0df8a3390c22cb6e29ae28e270c6b33fd690cf97bc3345f3b4,42,ONE_UNIT_SPAWN_UNAVAILABLE,ONE_UNIT_SPAWN_UNAVAILABLE,1,True,
train,map_005064.csv,1855b230fb4f011574da618eb9d8cc7955568dcee5b73d1a6cbc0a4ecca078ff,42,ONE_UNIT_SPAWN_UNAVAILABLE,ONE_UNIT_SPAWN_UNAVAILABLE,1,True,
train,map_000861.csv,186ac2db0f477b2f49ed29dbdd2eb403a6c81650af455141fe041257f508c50f,42,ONE_UNIT_SPAWN_UNAVAILABLE,ONE_UNIT_SPAWN_UNAVAILABLE,1,True,
train,map_005218.csv,18aba3ba4b43365ac15b815b442e13f7ad45db30224396372086d264a8665af7,42,ONE_UNIT_SPAWN_UNAVAILABLE,ONE_UNIT_SPAWN_UNAVAILABLE,1,True,
train,map_004767.csv,18b3c72d13316d5da974d0a28913eb4ccf19ebe7da245f7a134375d1e9b67e57,42,ONE_UNIT_SPAWN_UNAVAILABLE,ONE_UNIT_SPAWN_UNAVAILABLE,1,True,
train,map_004922.csv,18da7cfc7791a567df8072aeb978f735ee08c69c4b65d59bdb5c3b0d6977f1c7,42,ONE_UNIT_SPAWN_UNAVAILABLE,ONE_UNIT_SPAWN_UNAVAILABLE,1,True,
train,map_000583.csv,18ecbd8675944f7b1268e19d9283cabb358fa416d2535438716cc817f094dadc,42,ONE_UNIT_SPAWN_UNAVAILABLE,ONE_UNIT_SPAWN_UNAVAILABLE,1,True,
train,map_001865.csv,190447afbd7d79bba4acfd29d81cc3fe831b70b38b3804d2a805fbb3d4c4e512,42,ONE_UNIT_SPAWN_UNAVAILABLE,ONE_UNIT_SPAWN_UNAVAILABLE,1,True,
train,map_001452.csv,190e13b457de08b7170e9a41abc756ff68956f1434aa851143d2fcb96a0509c5,42,ONE_UNIT_SPAWN_UNAVAILABLE,ONE_UNIT_SPAWN_UNAVAILABLE,1,True,
train,map_003119.csv,190eedbe9b7146a9141156732bdaae35dc68f3332d76322e0ed33f54fdcfe6b2,42,ONE_UNIT_SPAWN_UNAVAILABLE,ONE_UNIT_SPAWN_UNAVAILABLE,1,True,
train,map_002352.csv,191b0c8aa32513bf2cecd84cc9738dea33b885775ed604ae6a8109046679c0a4,42,ONE_UNIT_SPAWN_UNAVAILABLE,ONE_UNIT_SPAWN_UNAVAILABLE,1,True,
train,map_000280.csv,197c98d0721091c4b319cbf1a659343e299553c5b010f89d3a4c333504a4497b,42,ONE_UNIT_SPAWN_UNAVAILABLE,ONE_UNIT_SPAWN_UNAVAILABLE,1,True,
train,map_001186.csv,1990b44013e837520b1aa8b9c7e1b24de4ffa011ea531a43dbfadc38372d7cdc,42,ONE_UNIT_SPAWN_UNAVAILABLE,ONE_UNIT_SPAWN_UNAVAILABLE,1,True,
train,map_004302.csv,19b5c7354de153c10f3062c2c21a1a2daf980b35f4ad0a2db418e13d3cd13a4f,42,ONE_UNIT_SPAWN_UNAVAILABLE,ONE_UNIT_SPAWN_UNAVAILABLE,1,True,
train,map_000537.csv,19b5debc5f40c9fb5352c852e42b9bca4c906e8438ae280be9159d03bf39e238,42,ONE_UNIT_SPAWN_UNAVAILABLE,ONE_UNIT_SPAWN_UNAVAILABLE,1,True,
train,map_000176.csv,19c86a55923d718cd6a7e724d9c3a40785c2dffb0a6620301b394a9cac68089f,42,ONE_UNIT_SPAWN_UNAVAILABLE,ONE_UNIT_SPAWN_UNAVAILABLE,1,True,
train,map_003981.csv,19f7f5e365c333fc243359e6713e2a0ef6a51b451d8990a66284fe1524d76404,42,ONE_UNIT_SPAWN_UNAVAILABLE,ONE_UNIT_SPAWN_UNAVAILABLE,1,True,
train,map_003382.csv,1a8b5b8c803c40bc72d5b35580b363ebd263ea3866022df601b5ff1c2c3248b5,42,ONE_UNIT_SPAWN_UNAVAILABLE,ONE_UNIT_SPAWN_UNAVAILABLE,1,True,
train,map_004167.csv,1a991add359e4fbb49719e4476da323abba519aacf2ca5e7fe7ae024d1ec1a2f,42,ONE_UNIT_SPAWN_UNAVAILABLE,ONE_UNIT_SPAWN_UNAVAILABLE,1,True,
train,map_003543.csv,1aa5e9132e98a226f6c24433e83057e953d4d8d3454a7edba4b9e22df5fed113,42,ONE_UNIT_SPAWN_UNAVAILABLE,ONE_UNIT_SPAWN_UNAVAILABLE,1,True,
train,map_001439.csv,1ac4ac4f689bc9365db45fef047c8d211cf3e3d187dc8d8a9b81afff7fa5e4ce,42,ONE_UNIT_SPAWN_UNAVAILABLE,ONE_UNIT_SPAWN_UNAVAILABLE,1,True,
train,map_004887.csv,1b3194df34ab6702829c21540938bc7c81a7a1065d3f0ce65c85f4c6eb73e553,42,ONE_UNIT_SPAWN_UNAVAILABLE,ONE_UNIT_SPAWN_UNAVAILABLE,1,True,
train,map_004991.csv,1b74434795cce7129b42d5589194b0fe14f005105f17b06af89357f5c8217aae,42,ONE_UNIT_SPAWN_UNAVAILABLE,ONE_UNIT_SPAWN_UNAVAILABLE,1,True,
train,map_001374.csv,1baa521f22579a6c1c3b736d08f638e226e08b4402b409c5da08e023262b480d,42,ONE_UNIT_SPAWN_UNAVAILABLE,ONE_UNIT_SPAWN_UNAVAILABLE,1,True,
train,map_003110.csv,1be9d7330d0b40742c69d478f958bc24ed69f947c0dbaa2630a7ee6f3e098e23,42,ONE_UNIT_SPAWN_UNAVAILABLE,ONE_UNIT_SPAWN_UNAVAILABLE,1,True,
train,map_003245.csv,1bf202e43458a1077644b818a795d1d39cc2cac4c63ec1ac8e53c49879ff5863,42,ONE_UNIT_SPAWN_UNAVAILABLE,ONE_UNIT_SPAWN_UNAVAILABLE,1,True,
train,map_003304.csv,1bf2329c42cfceb28234287bf37c8f1b31c711e9300002575a75d532ccca03dc,42,ONE_UNIT_SPAWN_UNAVAILABLE,ONE_UNIT_SPAWN_UNAVAILABLE,1,True,
train,map_001515.csv,1bfef50af187c6814ad229bb3a01a77e5e52d98d3f5cf4830fbfda1574c15ae3,42,ONE_UNIT_SPAWN_UNAVAILABLE,ONE_UNIT_SPAWN_UNAVAILABLE,1,True,
train,map_001189.csv,1c5ba7ac0f1e8a995583141fc6ef37b4f6e61527f1cdd9ac44cc71a6766b2f94,42,ONE_UNIT_SPAWN_UNAVAILABLE,ONE_UNIT_SPAWN_UNAVAILABLE,1,True,
train,map_004638.csv,1c60ed1613c55c5e2d522f95bf9583d87616f130f9d833f15980a354c54544d6,42,ONE_UNIT_SPAWN_UNAVAILABLE,ONE_UNIT_SPAWN_UNAVAILABLE,1,True,
train,map_001683.csv,1c75c8b7bfba6bee57f8fd24d70f277b7809351c24963d1b1addb1ff408f39b6,42,ONE_UNIT_SPAWN_UNAVAILABLE,ONE_UNIT_SPAWN_UNAVAILABLE,1,True,
train,map_001038.csv,1c81b6facab03e12c62421388971d2a109f30a46406220e8ec3e7bb663d57f19,42,ONE_UNIT_SPAWN_UNAVAILABLE,ONE_UNIT_SPAWN_UNAVAILABLE,1,True,
train,map_004352.csv,1c9fa8f380848e897e309d66bfcab7a719f3a65cc298ebfc7a9b9a9ecf41c6ce,42,ONE_UNIT_SPAWN_UNAVAILABLE,ONE_UNIT_SPAWN_UNAVAILABLE,1,True,
train,map_000415.csv,1cb2c6d367e06bd36b5d7cc1556adf34a1980ebefb1814f833beec7623a45746,42,ONE_UNIT_SPAWN_UNAVAILABLE,ONE_UNIT_SPAWN_UNAVAILABLE,1,True,
train,map_003253.csv,1cc9a4b3b44f9787441214e27e7d91657cf5db0732d5b4d14baca87b914a11d3,42,ONE_UNIT_SPAWN_UNAVAILABLE,ONE_UNIT_SPAWN_UNAVAILABLE,1,True,
train,map_002136.csv,1cd4c3ac9d725b0e6f89b2062b61c81f41db1e847e92d9011c2cda18f3fc782d,42,ONE_UNIT_SPAWN_UNAVAILABLE,ONE_UNIT_SPAWN_UNAVAILABLE,1,True,
train,map_004153.csv,1d53e81364bf3add69396b8b591c2aacb580c9bb3f6f9f130032ab5c7dd34f65,42,ONE_UNIT_SPAWN_UNAVAILABLE,ONE_UNIT_SPAWN_UNAVAILABLE,1,True,
train,map_001150.csv,1da735d7a61642ab9781e6b3037a56aff64cf6d4cea675fae768825e124dcaf6,42,ONE_UNIT_SPAWN_UNAVAILABLE,ONE_UNIT_SPAWN_UNAVAILABLE,1,True,
train,map_002158.csv,1da777865374f957fb6342c0408c6931e82cd1ba406ea1ca982d31b06327b129,42,ONE_UNIT_SPAWN_UNAVAILABLE,ONE_UNIT_SPAWN_UNAVAILABLE,1,True,
train,map_003173.csv,1dd347eeb5f41491b3dac486de22b9342970b252d60b210f4c1d891cef55fd2b,42,ONE_UNIT_SPAWN_UNAVAILABLE,ONE_UNIT_SPAWN_UNAVAILABLE,1,True,
train,map_001704.csv,1e1710e4556925076875db721a0def23455b0bd9af29d2b45e502bcb0daf7208,42,ONE_UNIT_SPAWN_UNAVAILABLE,ONE_UNIT_SPAWN_UNAVAILABLE,1,True,
train,map_001961.csv,1e43907bda12084b0e26f68d0b3b8cf12f7110e071baf125539e910f48f478a9,42,ONE_UNIT_SPAWN_UNAVAILABLE,ONE_UNIT_SPAWN_UNAVAILABLE,1,True,
train,map_003288.csv,1e662e2c011b48aedf538ab9013ee1b74788d5d7b341f5fc69342153acb48c67,42,ONE_UNIT_SPAWN_UNAVAILABLE,ONE_UNIT_SPAWN_UNAVAILABLE,1,True,
train,map_003162.csv,1e6be42e0847fd21056f9707407eb7abdbadb411323e0bf965cb94bbcbd82895,42,ONE_UNIT_SPAWN_UNAVAILABLE,ONE_UNIT_SPAWN_UNAVAILABLE,1,True,
train,map_001089.csv,1e6eb5b78d5ea795c2ba2ff9e007f275e06462038f182667f0891c17e9609bf9,42,ONE_UNIT_SPAWN_UNAVAILABLE,ONE_UNIT_SPAWN_UNAVAILABLE,1,True,
train,map_005421.csv,1e7cdfbb744fa64c0f88fb04c11dd74ffe66480e804e7822b16f03bcdfebb069,42,ONE_UNIT_SPAWN_UNAVAILABLE,ONE_UNIT_SPAWN_UNAVAILABLE,1,True,
train,map_002784.csv,1ea27fa687f213cf2defaaff5aa92637287010a9defd6982a42bcf06f16ce5b3,42,ONE_UNIT_SPAWN_UNAVAILABLE,ONE_UNIT_SPAWN_UNAVAILABLE,1,True,
train,map_002930.csv,1eacbff0e7147d112b291ea2cca52efa3283a95a70ef445296d755d920a99aeb,42,ONE_UNIT_SPAWN_UNAVAILABLE,ONE_UNIT_SPAWN_UNAVAILABLE,1,True,
train,map_004579.csv,1ec0dd140133edaa7915d1bff945bd94bec3e3fbe211c598b584604a6b4f8aab,42,ONE_UNIT_SPAWN_UNAVAILABLE,ONE_UNIT_SPAWN_UNAVAILABLE,1,True,
train,map_001010.csv,1ecc4f3a2b065873b3adcfae40e717b6c6b9649e4e4c182df82dc721777c85d0,42,ONE_UNIT_SPAWN_UNAVAILABLE,ONE_UNIT_SPAWN_UNAVAILABLE,1,True,
train,map_004807.csv,1ed866e226b566cba85a3093d8337b521daeb171ca1c9597884b0d6b14b85123,42,ONE_UNIT_SPAWN_UNAVAILABLE,ONE_UNIT_SPAWN_UNAVAILABLE,1,True,
train,map_000142.csv,1f003af949a41a7d5896b49e03c19b1f57fe3d5bd86acdb2eebfaa8f1373062b,42,ONE_UNIT_SPAWN_UNAVAILABLE,ONE_UNIT_SPAWN_UNAVAILABLE,1,True,
train,map_000244.csv,1f0507e3969e19b1ce3bece227d4d13349e9432d32ed0f17a11e0611a503db30,42,ONE_UNIT_SPAWN_UNAVAILABLE,ONE_UNIT_SPAWN_UNAVAILABLE,1,True,
train,map_000989.csv,1f0f3f74b76c7729b078e5b894a6ac9e11957afaf75d1466f085334f8c7e878e,42,ONE_UNIT_SPAWN_UNAVAILABLE,ONE_UNIT_SPAWN_UNAVAILABLE,1,True,
train,map_001745.csv,1f2cd4ff34c7c9c7ad72b6561e53f6eec2644b38b7404dcbcdcdc35975490974,42,ONE_UNIT_SPAWN_UNAVAILABLE,ONE_UNIT_SPAWN_UNAVAILABLE,1,True,
train,map_002841.csv,1f56d3bbd24fce284588120257cd16ba9a78556d552a24255f799c0567f1eec0,42,ONE_UNIT_SPAWN_UNAVAILABLE,ONE_UNIT_SPAWN_UNAVAILABLE,1,True,
train,map_000091.csv,1f7cbbf1fd46e446172e7644f593b92758243b0e559befb1f074a3df71cf28a5,42,ONE_UNIT_SPAWN_UNAVAILABLE,ONE_UNIT_SPAWN_UNAVAILABLE,1,True,
train,map_005213.csv,1f8099d70382d7b91bc3799baaae3638ef06a340a8b0a65e31986d618edbb021,42,ONE_UNIT_SPAWN_UNAVAILABLE,ONE_UNIT_SPAWN_UNAVAILABLE,1,True,
train,map_000009.csv,1f9ee153e08311dacdab136be6b73e2689f6d9c79c07023d4bd9c603014d60d9,42,ONE_UNIT_SPAWN_UNAVAILABLE,ONE_UNIT_SPAWN_UNAVAILABLE,1,True,
train,map_000974.csv,1faa0fa736fc21258b095127adfb05bf81a760836724ed17a678b8ba9646e479,42,ONE_UNIT_SPAWN_UNAVAILABLE,ONE_UNIT_SPAWN_UNAVAILABLE,1,True,
train,map_002427.csv,1faa592e7b9ff39f2553950a0b8eba45912c4c9d71cfc1049f3ab7e414f207dc,42,ONE_UNIT_SPAWN_UNAVAILABLE,ONE_UNIT_SPAWN_UNAVAILABLE,1,True,
train,map_005507.csv,20232d8938add8ba799315b532a17d33acf532e995fa57bf9191bc5fee485357,42,ONE_UNIT_SPAWN_UNAVAILABLE,ONE_UNIT_SPAWN_UNAVAILABLE,1,True,
train,map_002728.csv,209894fe4f299de1f5db38583a5f2830bb02123ad7c509efe5c6df59897c05bc,42,ONE_UNIT_SPAWN_UNAVAILABLE,ONE_UNIT_SPAWN_UNAVAILABLE,1,True,
train,map_003963.csv,20d0c12ab5e0ae90d13735fb4411b3837bc94e2073f42446351bf8518126d455,42,ONE_UNIT_SPAWN_UNAVAILABLE,ONE_UNIT_SPAWN_UNAVAILABLE,1,True,
train,map_002243.csv,2103785cab55ebebe292f4b510c4f7c40f960a329117bca72fc5adaafadc4dbc,42,ONE_UNIT_SPAWN_UNAVAILABLE,ONE_UNIT_SPAWN_UNAVAILABLE,1,True,
train,map_004892.csv,210d1951c9e0624ab7a98530ecdf5cefde7468c6d44c1d85360872e5ee6ddf03,42,ONE_UNIT_SPAWN_UNAVAILABLE,ONE_UNIT_SPAWN_UNAVAILABLE,1,True,
train,map_004047.csv,217845834a907603e0ae2e7ce8d954585f88e28db4af9558c70a71f7fd71ce49,42,ONE_UNIT_SPAWN_UNAVAILABLE,ONE_UNIT_SPAWN_UNAVAILABLE,1,True,
train,map_004637.csv,218903e7e8d5f40160ff55a4c65de34038b085e1967e436a4b28ff2a98d37476,42,ONE_UNIT_SPAWN_UNAVAILABLE,ONE_UNIT_SPAWN_UNAVAILABLE,1,True,
train,map_001840.csv,2195a2db727329f25df239a4451501b26000ec4ec1c35a8d98ce137fcb1629ae,42,ONE_UNIT_SPAWN_UNAVAILABLE,ONE_UNIT_SPAWN_UNAVAILABLE,1,True,
train,map_004635.csv,2198a608b157688fed46b4d5cd993da2dd4bf039bf3430b042a5523a3c94d364,42,ONE_UNIT_SPAWN_UNAVAILABLE,ONE_UNIT_SPAWN_UNAVAILABLE,1,True,
train,map_003658.csv,21a69a532840fb58437597159a54ecd10edb55a10f5d42aba0f5976d867ba80e,42,ONE_UNIT_SPAWN_UNAVAILABLE,ONE_UNIT_SPAWN_UNAVAILABLE,1,True,
train,map_000800.csv,21f26b5c1d044922996a5b39561937e2f4b075fb2ef2de0613e5803d04b65275,42,ONE_UNIT_SPAWN_UNAVAILABLE,ONE_UNIT_SPAWN_UNAVAILABLE,1,True,
train,map_004251.csv,223275ca9a0169e8ee83da565a3d4c9a0076f7b40dc82049ebaa72f3f92e373d,42,ONE_UNIT_SPAWN_UNAVAILABLE,ONE_UNIT_SPAWN_UNAVAILABLE,1,True,
train,map_000681.csv,224db4c886514ebc78e331a41f7f19cdd0df7dba45ecf953eeb072c8e5aef2ca,42,ONE_UNIT_SPAWN_UNAVAILABLE,ONE_UNIT_SPAWN_UNAVAILABLE,1,True,
train,map_003339.csv,2283b298d1a8dd7c49b7df8470355fad05bbae6ea0a25ae378ff876032484c5e,42,ONE_UNIT_SPAWN_UNAVAILABLE,ONE_UNIT_SPAWN_UNAVAILABLE,1,True,
train,map_005408.csv,228a00f1687cc69565eaee5fdbfeb7373514572ef5409fef32b3afa9411f630c,42,ONE_UNIT_SPAWN_UNAVAILABLE,ONE_UNIT_SPAWN_UNAVAILABLE,1,True,
train,map_003851.csv,22c91b3a1d70d2d1b4ea0dbe053b527e031468de06183cc0b77959b2db77dd6b,42,ONE_UNIT_SPAWN_UNAVAILABLE,ONE_UNIT_SPAWN_UNAVAILABLE,1,True,
train,map_003467.csv,22dce3406725543f499df590c924c4d4ca203ed87eea028eb6d0849442f21f07,42,ONE_UNIT_SPAWN_UNAVAILABLE,ONE_UNIT_SPAWN_UNAVAILABLE,1,True,
train,map_000241.csv,22e746104c9176f2da72c6e1975ecfc5ace3d0cc2a33ecfafdef516c02bda4a6,42,ONE_UNIT_SPAWN_UNAVAILABLE,ONE_UNIT_SPAWN_UNAVAILABLE,1,True,
train,map_001114.csv,22f0aed846c0c35e11918afd0f136a9c850a7f4469f8de839644cc92ec9eda32,42,ONE_UNIT_SPAWN_UNAVAILABLE,ONE_UNIT_SPAWN_UNAVAILABLE,1,True,
train,map_000868.csv,231c6ce9235135f8d501f0fe1290d892acc7adbdfcda6735c518313cb65014f2,42,ONE_UNIT_SPAWN_UNAVAILABLE,ONE_UNIT_SPAWN_UNAVAILABLE,1,True,
train,map_003641.csv,2327246df95ca36ad2e6877f7079c4d0a0d367a5691d2034dacafa03f6348752,42,ONE_UNIT_SPAWN_UNAVAILABLE,ONE_UNIT_SPAWN_UNAVAILABLE,1,True,
train,map_003841.csv,2334975e83c7c732a3819f2ed2449914c77fb3d4e1e74a1b78077277c0dd7a5b,42,ONE_UNIT_SPAWN_UNAVAILABLE,ONE_UNIT_SPAWN_UNAVAILABLE,1,True,
train,map_004313.csv,233c79097b5411c85265d80d3939c8d0a45cd85db54fa023cfbc9c69608d3bf3,42,ONE_UNIT_SPAWN_UNAVAILABLE,ONE_UNIT_SPAWN_UNAVAILABLE,1,True,
train,map_000341.csv,2355a5baa984c9db82f8fb9f6cb0f4665d42c1e2445637edc81c236e06d179bd,42,ONE_UNIT_SPAWN_UNAVAILABLE,ONE_UNIT_SPAWN_UNAVAILABLE,1,True,
train,map_005477.csv,2367a24e6912ae56af1e9b054c01d656f0933ace40873462bd561fc1de51aa5f,42,ONE_UNIT_SPAWN_UNAVAILABLE,ONE_UNIT_SPAWN_UNAVAILABLE,1,True,
train,map_001137.csv,236cfcb449226ffdf5f3006b6b891de207f3355e8cbc9c478f5ae74ae87ea0ea,42,ONE_UNIT_SPAWN_UNAVAILABLE,ONE_UNIT_SPAWN_UNAVAILABLE,1,True,
train,map_002594.csv,237c2e5b5665aa2ba8d13e3cf0074c402ee9f43a4fbba3ded310d757a554deaa,42,ONE_UNIT_SPAWN_UNAVAILABLE,ONE_UNIT_SPAWN_UNAVAILABLE,1,True,
train,map_003535.csv,2387f42cc461b2a99853bf7cfd6cb5b5433fe4d2b092a9db94df9dbad7db4137,42,ONE_UNIT_SPAWN_UNAVAILABLE,ONE_UNIT_SPAWN_UNAVAILABLE,1,True,
train,map_001143.csv,239f753e7acfa4ad036e3f683f6247039da765f8bf2c44b34b36ab07f6f5e3ec,42,ONE_UNIT_SPAWN_UNAVAILABLE,ONE_UNIT_SPAWN_UNAVAILABLE,1,True,
train,map_003606.csv,23c8332f082d034ef7485e1dfc2083a928e0f371e6dae1c57d5daa7027b1b230,42,ONE_UNIT_SPAWN_UNAVAILABLE,ONE_UNIT_SPAWN_UNAVAILABLE,1,True,
train,map_002648.csv,23f66ca9f78b5f88b81bf4b9241b4f434acbe41156dd1e3d537812d0faded305,42,ONE_UNIT_SPAWN_UNAVAILABLE,ONE_UNIT_SPAWN_UNAVAILABLE,1,True,
train,map_001583.csv,2404e87f915e8f823337795658c69cffafe9025ead038ec1e277f2cc70f6846f,42,ONE_UNIT_SPAWN_UNAVAILABLE,ONE_UNIT_SPAWN_UNAVAILABLE,1,True,
train,map_003018.csv,240d6e9fb5721ae32a7f43686a024aa95980c22d2bdae1e17a9ef0e2d17695f9,42,ONE_UNIT_SPAWN_UNAVAILABLE,ONE_UNIT_SPAWN_UNAVAILABLE,1,True,
train,map_001781.csv,240fe30f2e188171a6a9ef2960058c823e0c99593b722ca05c8f7f1457eece58,42,ONE_UNIT_SPAWN_UNAVAILABLE,ONE_UNIT_SPAWN_UNAVAILABLE,1,True,
train,map_005236.csv,2423ae8c4a57764756e4066cc1ee67b28891894a28866837fb22aa1c706e0b64,42,ONE_UNIT_SPAWN_UNAVAILABLE,ONE_UNIT_SPAWN_UNAVAILABLE,1,True,
train,map_005261.csv,24268824eec52aa308e56949465938804833602dc821aa0ca1ed64d9567012db,42,ONE_UNIT_SPAWN_UNAVAILABLE,ONE_UNIT_SPAWN_UNAVAILABLE,1,True,
train,map_000192.csv,2436df65ccc92e4e54e45902d90c7ca69681ec0ae010d550b15ad0fc73ade5a9,42,ONE_UNIT_SPAWN_UNAVAILABLE,ONE_UNIT_SPAWN_UNAVAILABLE,1,True,
train,map_002219.csv,24579efbbab6d41e29aeb367a1ada223d70cfc47c27cd4c250c48f225fda3748,42,ONE_UNIT_SPAWN_UNAVAILABLE,ONE_UNIT_SPAWN_UNAVAILABLE,1,True,
train,map_005404.csv,2487c9a412534cce0bfa5ca7c2c1f09ec5465638c2f43b84e72c7a9a749b2266,42,ONE_UNIT_SPAWN_UNAVAILABLE,ONE_UNIT_SPAWN_UNAVAILABLE,1,True,
train,map_002435.csv,2489a727d407065a4c21822ec4817559448b9fd64648460a777607830b41d2c9,42,ONE_UNIT_SPAWN_UNAVAILABLE,ONE_UNIT_SPAWN_UNAVAILABLE,1,True,
train,map_002150.csv,2489b8329319e8c7422de940cd489a1eb63cfc62481aae01530a7b1435698bbc,42,ONE_UNIT_SPAWN_UNAVAILABLE,ONE_UNIT_SPAWN_UNAVAILABLE,1,True,
train,map_003302.csv,24948fff46bbea36cad1bd5d5842e62f516db2dca31de3e3fc75f2c7dc803a4a,42,ONE_UNIT_SPAWN_UNAVAILABLE,ONE_UNIT_SPAWN_UNAVAILABLE,1,True,
train,map_004483.csv,2498c08086cde248299d50cca5d82322c6c469733c603b943855bf2263b6ac59,42,ONE_UNIT_SPAWN_UNAVAILABLE,ONE_UNIT_SPAWN_UNAVAILABLE,1,True,
train,map_002847.csv,24abef0a79b0d0c8689fe61fb7cc9e1b7c2bff7d5c21988663e1bd1deec8e941,42,ONE_UNIT_SPAWN_UNAVAILABLE,ONE_UNIT_SPAWN_UNAVAILABLE,1,True,
train,map_004106.csv,24c6a28a50ff078ce2e0df4a7d7ff512c809c63324130c140bb3bc6e4e595c36,42,ONE_UNIT_SPAWN_UNAVAILABLE,ONE_UNIT_SPAWN_UNAVAILABLE,1,True,
train,map_002832.csv,24cdeeab0eba44f46b1e5d0af43523df521bbfa317aa92996d71a7c05fefd804,42,ONE_UNIT_SPAWN_UNAVAILABLE,ONE_UNIT_SPAWN_UNAVAILABLE,1,True,
train,map_003127.csv,24e9a9fb293bf35bf67bed9133f092c68aa8767aa3f525ef660798dfe846e127,42,ONE_UNIT_SPAWN_UNAVAILABLE,ONE_UNIT_SPAWN_UNAVAILABLE,1,True,
train,map_002658.csv,2531acba6e26a7335fcc21eb9a0bc11ae08a6a9913837774c4ef5510bf8d3608,42,ONE_UNIT_SPAWN_UNAVAILABLE,ONE_UNIT_SPAWN_UNAVAILABLE,1,True,
train,map_004810.csv,253f91da57eabc9626c56bfcaa75aa0c5e655c59579dfc716c517eeac77f485c,42,ONE_UNIT_SPAWN_UNAVAILABLE,ONE_UNIT_SPAWN_UNAVAILABLE,1,True,
train,map_000935.csv,2543ded5aa664333bba81a5acdb85eb1e02ae46b06134279ad309b8ef999fd03,42,ONE_UNIT_SPAWN_UNAVAILABLE,ONE_UNIT_SPAWN_UNAVAILABLE,1,True,
train,map_003503.csv,254c623ae1dd537ebadb643145d4274e1d8561110f8d9a90cb019eb1cf15a4cf,42,ONE_UNIT_SPAWN_UNAVAILABLE,ONE_UNIT_SPAWN_UNAVAILABLE,1,True,
train,map_001350.csv,2556a20026bedc523cd87f23720de33b967580c2b8cf763f20004fc5ce5da22b,42,ONE_UNIT_SPAWN_UNAVAILABLE,ONE_UNIT_SPAWN_UNAVAILABLE,1,True,
train,map_004036.csv,255ae6d8bc16ce6fe4fbfadbc0fff42d7a7bd3cb57a7dc39a04b650cc6abfaa1,42,ONE_UNIT_SPAWN_UNAVAILABLE,ONE_UNIT_SPAWN_UNAVAILABLE,1,True,
train,map_002111.csv,25a67a6d6151f05fd1b657bb47364f96e85067af82d7056a9e2436f310e78c98,42,ONE_UNIT_SPAWN_UNAVAILABLE,ONE_UNIT_SPAWN_UNAVAILABLE,1,True,
train,map_005478.csv,25e32ee1a5dd441bf0a45c8b19da9fba20616f45cbc26bb521e665abec4a3d61,42,ONE_UNIT_SPAWN_UNAVAILABLE,ONE_UNIT_SPAWN_UNAVAILABLE,1,True,
train,map_004161.csv,25f831c84a5602616ad915c306aa9a22a22bf80caf7f825fa48b9a756937f2df,42,ONE_UNIT_SPAWN_UNAVAILABLE,ONE_UNIT_SPAWN_UNAVAILABLE,1,True,
train,map_003095.csv,2633bf688e14589e1ec13c509f5774d77f29dc2d506b3b0944f1ce2627c1cf41,42,ONE_UNIT_SPAWN_UNAVAILABLE,ONE_UNIT_SPAWN_UNAVAILABLE,1,True,
train,map_003560.csv,264d3bfdff31b8ee9c30ea69fb3d4fca3d95f896794038326218c1beb2568a95,42,ONE_UNIT_SPAWN_UNAVAILABLE,ONE_UNIT_SPAWN_UNAVAILABLE,1,True,
train,map_000460.csv,26500bab122dac15ec7973009dec30d81753e87437d21ed6372f37779975fbf1,42,ONE_UNIT_SPAWN_UNAVAILABLE,ONE_UNIT_SPAWN_UNAVAILABLE,1,True,
train,map_001974.csv,26570276b1bc6c8d795c8c589f5e5f9c721281826cb41597d50e21c6bcd279d1,42,ONE_UNIT_SPAWN_UNAVAILABLE,ONE_UNIT_SPAWN_UNAVAILABLE,1,True,
train,map_005438.csv,2672baf77c6f30d2789b24aac062671bccd93f188643de44a9ed247c83a98cc1,42,ONE_UNIT_SPAWN_UNAVAILABLE,ONE_UNIT_SPAWN_UNAVAILABLE,1,True,
train,map_003085.csv,2672e95798dfcf0cb5f95194a369471951c73333f6a641a56ddfc6a3104ff887,42,ONE_UNIT_SPAWN_UNAVAILABLE,ONE_UNIT_SPAWN_UNAVAILABLE,1,True,
train,map_001098.csv,269de8783655dadcc17eed6e3e59cd2f7aa718c51d237de242dfead6d5d59a18,42,ONE_UNIT_SPAWN_UNAVAILABLE,ONE_UNIT_SPAWN_UNAVAILABLE,1,True,
train,map_004027.csv,26ca796842412414dcaccb8176170e69b9d0676f9678c2f3825a50764f772a72,42,ONE_UNIT_SPAWN_UNAVAILABLE,ONE_UNIT_SPAWN_UNAVAILABLE,1,True,
train,map_001621.csv,26d6ba2e228ada2d6b192a48add105849c9636ec64464ec5521aa7220771863c,42,ONE_UNIT_SPAWN_UNAVAILABLE,ONE_UNIT_SPAWN_UNAVAILABLE,1,True,
train,map_005334.csv,270b00ef79a70d97bc657beb3ac30ed7d7a16707ccdb807c32107d4ee0f73f9f,42,ONE_UNIT_SPAWN_UNAVAILABLE,ONE_UNIT_SPAWN_UNAVAILABLE,1,True,
train,map_000833.csv,270cc8d212e24814b81b7e4fa9d6ba195e2c7e110b77c017a10f002ab67eeb56,42,ONE_UNIT_SPAWN_UNAVAILABLE,ONE_UNIT_SPAWN_UNAVAILABLE,1,True,
train,map_003163.csv,2729fda52f1870e6f27bb76650efb635e9fb4dcb601f28a0ecc3d389c02679a4,42,ONE_UNIT_SPAWN_UNAVAILABLE,ONE_UNIT_SPAWN_UNAVAILABLE,1,True,
train,map_000312.csv,276a649d71a9f1219afff4defae653ffcbb240945937975f4e55f0f97ebf151b,42,ONE_UNIT_SPAWN_UNAVAILABLE,ONE_UNIT_SPAWN_UNAVAILABLE,1,True,
train,map_005245.csv,277d06a11480e8f650db7fb6c13dfefb64fcb2c44d641bf0b24693633e956ba1,42,ONE_UNIT_SPAWN_UNAVAILABLE,ONE_UNIT_SPAWN_UNAVAILABLE,1,True,
train,map_001671.csv,2786536c70e1c9c7207cf5813c2367a74069858edaee9b39bd1c38d5722869a9,42,ONE_UNIT_SPAWN_UNAVAILABLE,ONE_UNIT_SPAWN_UNAVAILABLE,1,True,
train,map_000229.csv,278eed54890a749ace468a98e0f355c88679758c95aaa91180f8120befffebdf,42,ONE_UNIT_SPAWN_UNAVAILABLE,ONE_UNIT_SPAWN_UNAVAILABLE,1,True,
train,map_003034.csv,27a2dafd3aa1b33d59279f44ec23a388f019281919d2db990c240debd256baad,42,ONE_UNIT_SPAWN_UNAVAILABLE,ONE_UNIT_SPAWN_UNAVAILABLE,1,True,
train,map_005286.csv,27a9bd65e08d9da870c55d7bda405ae76fbfa34bd44fde908d293e76a009300c,42,ONE_UNIT_SPAWN_UNAVAILABLE,ONE_UNIT_SPAWN_UNAVAILABLE,1,True,
train,map_000185.csv,27dc46bd9eaae5bfeaa94efdc30bb2d06e26c14d217d8c19b30c91bbbaa46374,42,ONE_UNIT_SPAWN_UNAVAILABLE,ONE_UNIT_SPAWN_UNAVAILABLE,1,True,
train,map_002297.csv,2803ed7d6d3360828fc238f1033a679fcdc123f8a19a7bbfd094923f3d125a1c,42,ONE_UNIT_SPAWN_UNAVAILABLE,ONE_UNIT_SPAWN_UNAVAILABLE,1,True,
train,map_000903.csv,2821ccbdbfeb92de8ee19d6e39d4c13d33f690f3a54ad59ec41e2c55b904e7f0,42,ONE_UNIT_SPAWN_UNAVAILABLE,ONE_UNIT_SPAWN_UNAVAILABLE,1,True,
train,map_005430.csv,2871f804756426f0cde419b2123d893ba56260a0b0c355db39fe8a2032672893,42,ONE_UNIT_SPAWN_UNAVAILABLE,ONE_UNIT_SPAWN_UNAVAILABLE,1,True,
train,map_004567.csv,28a527d7839d3f358b25343e08ee4a0ad94ef3037c201572c1be2255411634cb,42,ONE_UNIT_SPAWN_UNAVAILABLE,ONE_UNIT_SPAWN_UNAVAILABLE,1,True,
train,map_000656.csv,28c5f8b97fc8abbca4eac25b840b8f99ea266c7a03be6c3b1b725b58a3d7c932,42,ONE_UNIT_SPAWN_UNAVAILABLE,ONE_UNIT_SPAWN_UNAVAILABLE,1,True,
train,map_001522.csv,28cf247ae2784333adb70820118978921d94be73c02381c5882ce85844563591,42,ONE_UNIT_SPAWN_UNAVAILABLE,ONE_UNIT_SPAWN_UNAVAILABLE,1,True,
train,map_002978.csv,28fe10b373ce39bf30a5a7cbe3d8238fbd27509af17394428f93b4d85b799b42,42,ONE_UNIT_SPAWN_UNAVAILABLE,ONE_UNIT_SPAWN_UNAVAILABLE,1,True,
train,map_004338.csv,291447f318457444478aee1d31cd34cdd7b4105107ff7b44dbe5b00ca762dc50,42,ONE_UNIT_SPAWN_UNAVAILABLE,ONE_UNIT_SPAWN_UNAVAILABLE,1,True,
train,map_005173.csv,291e429b839117d1ea6c10fdcca26a4233e25c134be6cc7ce7a04b6b760ad548,42,ONE_UNIT_SPAWN_UNAVAILABLE,ONE_UNIT_SPAWN_UNAVAILABLE,1,True,
train,map_004600.csv,295ab2a0ee5b31930cacf96531503f0039164a19419f95352425667de8696506,42,ONE_UNIT_SPAWN_UNAVAILABLE,ONE_UNIT_SPAWN_UNAVAILABLE,1,True,
train,map_004984.csv,295bdd82c3fc84bd23f3c9918bbca0079e3f79c6ed0d51da1c90349bc6f1445d,42,ONE_UNIT_SPAWN_UNAVAILABLE,ONE_UNIT_SPAWN_UNAVAILABLE,1,True,
train,map_004025.csv,296045c2620eaad30a01cb71cb01d14f7aea44c33414a0bdae51787c38ecd5d4,42,ONE_UNIT_SPAWN_UNAVAILABLE,ONE_UNIT_SPAWN_UNAVAILABLE,1,True,
train,map_003710.csv,29fb5531c453ebe8bbde435cde1ba44fa16fd11dffeb956e8e31b308e46bfd86,42,ONE_UNIT_SPAWN_UNAVAILABLE,ONE_UNIT_SPAWN_UNAVAILABLE,1,True,
train,map_001715.csv,29ff99c808b0a5184ac8201b96ea27fd7dd97c028bd202f5eae1f9ffe53efd83,42,ONE_UNIT_SPAWN_UNAVAILABLE,ONE_UNIT_SPAWN_UNAVAILABLE,1,True,
train,map_002757.csv,2a0f6f0f9210572ee87b9063d4e65430764895bd80bbdb492fcef2a1ee2641d1,42,ONE_UNIT_SPAWN_UNAVAILABLE,ONE_UNIT_SPAWN_UNAVAILABLE,1,True,
train,map_001877.csv,2a1819906d1538c3744fc6de46a5cc748af011cd10ad31384e20dd1fb3d1bc75,42,ONE_UNIT_SPAWN_UNAVAILABLE,ONE_UNIT_SPAWN_UNAVAILABLE,1,True,
train,map_003257.csv,2a1b5b86fb3524dbcbc4b598e9e832788d06e0c83baa4fc896ed9cfc98afe8bb,42,ONE_UNIT_SPAWN_UNAVAILABLE,ONE_UNIT_SPAWN_UNAVAILABLE,1,True,
train,map_002351.csv,2a23392154897c954c84876c4db901ea1ba60ab080c6eb7762e1a07eb98d6eae,42,ONE_UNIT_SPAWN_UNAVAILABLE,ONE_UNIT_SPAWN_UNAVAILABLE,1,True,
train,map_004375.csv,2a44ffd3e7a9fc81700872c5a14afbed9974802bd40ba0f97c3810858886187f,42,ONE_UNIT_SPAWN_UNAVAILABLE,ONE_UNIT_SPAWN_UNAVAILABLE,1,True,
train,map_003702.csv,2a4ef7425094ca73c6b4970d990f3282936cf1aa1a24b9009da91f61c7ebc061,42,ONE_UNIT_SPAWN_UNAVAILABLE,ONE_UNIT_SPAWN_UNAVAILABLE,1,True,
train,map_005489.csv,2ac0dcaf6a676b470c85d5910efcea7343777bea35fb9bf0665f7a12cec3262f,42,ONE_UNIT_SPAWN_UNAVAILABLE,ONE_UNIT_SPAWN_UNAVAILABLE,1,True,
train,map_000732.csv,2ac5dbefb31a683857dbc1e688f79c5abf40c6a721806e91f2879200adcb28b4,42,ONE_UNIT_SPAWN_UNAVAILABLE,ONE_UNIT_SPAWN_UNAVAILABLE,1,True,
train,map_000718.csv,2ac6b042ad4c4154080dca6b8d931f141961898ac5d0712e796a44279f767dac,42,ONE_UNIT_SPAWN_UNAVAILABLE,ONE_UNIT_SPAWN_UNAVAILABLE,1,True,
train,map_003760.csv,2acc835c57a67b89cc3b283473cee102fc60ac910633bebda6dc71fde7ff90ad,42,ONE_UNIT_SPAWN_UNAVAILABLE,ONE_UNIT_SPAWN_UNAVAILABLE,1,True,
train,map_001643.csv,2ad0329f4cd60dfbb4525031db547565df80603f9e43d6ea82fc646274e02d90,42,ONE_UNIT_SPAWN_UNAVAILABLE,ONE_UNIT_SPAWN_UNAVAILABLE,1,True,
train,map_002074.csv,2b0ef865f4eb92de3a469d3430d7cedc65fb9ece04aa464f2e300e028ee61ec4,42,ONE_UNIT_SPAWN_UNAVAILABLE,ONE_UNIT_SPAWN_UNAVAILABLE,1,True,
train,map_001003.csv,2b5156943ea6998c000d88f1d339a14539b163ee4e96ed930a9f5a4416658a72,42,ONE_UNIT_SPAWN_UNAVAILABLE,ONE_UNIT_SPAWN_UNAVAILABLE,1,True,
train,map_001473.csv,2b7d8b213aa01d2afa22bcd78f783e584ef7980a91a9dd82137280bc5777bfbd,42,ONE_UNIT_SPAWN_UNAVAILABLE,ONE_UNIT_SPAWN_UNAVAILABLE,1,True,
train,map_001633.csv,2b8d6f50cfa0e212a2ad1b953a0898200e67fc14f66567219f1654aa7b8b749e,42,ONE_UNIT_SPAWN_UNAVAILABLE,ONE_UNIT_SPAWN_UNAVAILABLE,1,True,
train,map_001078.csv,2b9fbf2e9fda3223553eb5da7b1954d68bdc019eaf198d175447a849fa84c792,42,ONE_UNIT_SPAWN_UNAVAILABLE,ONE_UNIT_SPAWN_UNAVAILABLE,1,True,
train,map_004231.csv,2bae697813859cf0e8135e2581c2bfd45ef7b380b380acc2b92de48346e3e2a0,42,ONE_UNIT_SPAWN_UNAVAILABLE,ONE_UNIT_SPAWN_UNAVAILABLE,1,True,
train,map_001516.csv,2bb3c67615f6669318f8d954b388ff5a3cb19c50d6c0d059d168f0cf3557b414,42,ONE_UNIT_SPAWN_UNAVAILABLE,ONE_UNIT_SPAWN_UNAVAILABLE,1,True,
train,map_000812.csv,2bd98a8ac0af3dedbd11a86112cba95544f63b962c3cc294b5735a1c410dc695,42,ONE_UNIT_SPAWN_UNAVAILABLE,ONE_UNIT_SPAWN_UNAVAILABLE,1,True,
train,map_004351.csv,2c12cd345613e1fe652efc3685a4dd111e15f925d559771d60602ec61ec880a6,42,ONE_UNIT_SPAWN_UNAVAILABLE,ONE_UNIT_SPAWN_UNAVAILABLE,1,True,
train,map_005461.csv,2c1f5316be2687faf47488efe760ed2015c23ab901d5bff5b527d4a0502bca37,42,ONE_UNIT_SPAWN_UNAVAILABLE,ONE_UNIT_SPAWN_UNAVAILABLE,1,True,
train,map_002702.csv,2c22c8c69c7d64e00a16314f47762230409db594c6e29ee959025b9017213c3a,42,ONE_UNIT_SPAWN_UNAVAILABLE,ONE_UNIT_SPAWN_UNAVAILABLE,1,True,
train,map_002892.csv,2c28fe8c2f7f4774259a15abc27d407496b55ff843193817c003320098efca06,42,ONE_UNIT_SPAWN_UNAVAILABLE,ONE_UNIT_SPAWN_UNAVAILABLE,1,True,
train,map_001560.csv,2c3f91cacc43ec4d692e4637a6b227f18c1c6e00cd00ff7fe0d22ae5aeb89c4b,42,ONE_UNIT_SPAWN_UNAVAILABLE,ONE_UNIT_SPAWN_UNAVAILABLE,1,True,
train,map_001499.csv,2c40858edfc1b9a4d5a94ac02181d014e0340de717a7a4a7154886c9125f91c2,42,ONE_UNIT_SPAWN_UNAVAILABLE,ONE_UNIT_SPAWN_UNAVAILABLE,1,True,
train,map_003185.csv,2c49789703b9c81c9b0b6f770099be66d06d048b56a7e2ebbc5da5fe70785f47,42,ONE_UNIT_SPAWN_UNAVAILABLE,ONE_UNIT_SPAWN_UNAVAILABLE,1,True,
train,map_005186.csv,2c963acee4a3d37e2287f0cca61548f77863f3df4eba1883c9704bed014c30b5,42,ONE_UNIT_SPAWN_UNAVAILABLE,ONE_UNIT_SPAWN_UNAVAILABLE,1,True,
train,map_005163.csv,2ca9dffb17e2bc4a05f7e1b98d8fa0cc2221ccba912d1aeb349b1182c2895a29,42,ONE_UNIT_SPAWN_UNAVAILABLE,ONE_UNIT_SPAWN_UNAVAILABLE,1,True,
train,map_001804.csv,2cb7a0832499bfd1b93c61e94f741fc42eaa46a9e128889cb2e727659168656f,42,ONE_UNIT_SPAWN_UNAVAILABLE,ONE_UNIT_SPAWN_UNAVAILABLE,1,True,
train,map_003005.csv,2cd0da758542e7cdd718ee131205aeb75e1e1c42ab4c637ab41b5d57c46e4695,42,ONE_UNIT_SPAWN_UNAVAILABLE,ONE_UNIT_SPAWN_UNAVAILABLE,1,True,
train,map_001343.csv,2ce8f2af56decb886a2f3b5695c9c203bf71aac9415918325ef322c516d2fad9,42,ONE_UNIT_SPAWN_UNAVAILABLE,ONE_UNIT_SPAWN_UNAVAILABLE,1,True,
train,map_000915.csv,2cf8104626c24e9902aee8df30ded3d3f483228c0ac75d17e96e715baa2e5a5b,42,ONE_UNIT_SPAWN_UNAVAILABLE,ONE_UNIT_SPAWN_UNAVAILABLE,1,True,
train,map_003144.csv,2d2bfb74d3394af812360eadef175789f5ca591a3c08b084519e0d18db5b8807,42,ONE_UNIT_SPAWN_UNAVAILABLE,ONE_UNIT_SPAWN_UNAVAILABLE,1,True,
train,map_000896.csv,2d431d2fd828efd27cf42cceb854fadeb212bd72c4d6726ac8388b47e0804666,42,ONE_UNIT_SPAWN_UNAVAILABLE,ONE_UNIT_SPAWN_UNAVAILABLE,1,True,
train,map_001085.csv,2d46be4c6275c1018d33f203672abcc1fb6823ee8a2c2640a282241b448594c2,42,ONE_UNIT_SPAWN_UNAVAILABLE,ONE_UNIT_SPAWN_UNAVAILABLE,1,True,
train,map_002446.csv,2d52e57c3e9f74422e6018c7302eb063395d73a5dfa8affd70bd542a7c37abab,42,ONE_UNIT_SPAWN_UNAVAILABLE,ONE_UNIT_SPAWN_UNAVAILABLE,1,True,
train,map_004934.csv,2d8f4725d1192a6dfa9ba514fab1f3da93a4c687a85870c655ca539bb41da7a4,42,ONE_UNIT_SPAWN_UNAVAILABLE,ONE_UNIT_SPAWN_UNAVAILABLE,1,True,
train,map_004926.csv,2db036d3f6c122bb5c058133b96b59f01bb7c52bf0f082509ac16cb5dfa13536,42,ONE_UNIT_SPAWN_UNAVAILABLE,ONE_UNIT_SPAWN_UNAVAILABLE,1,True,
train,map_002861.csv,2dbb3940453016edfed409f2e94f9c61152ba40f4c4f7209db9a9f62a6ef976f,42,ONE_UNIT_SPAWN_UNAVAILABLE,ONE_UNIT_SPAWN_UNAVAILABLE,1,True,
train,map_002399.csv,2dc41b679dfa5f9781ddc93a2fb32144b843b5da21c9b41b2d5e3d16d2312ad3,42,ONE_UNIT_SPAWN_UNAVAILABLE,ONE_UNIT_SPAWN_UNAVAILABLE,1,True,
train,map_003419.csv,2dcdc55c829f65d243cd5bc7066f2a5b1df7c922a0768503840f93df8e0ce4ef,42,ONE_UNIT_SPAWN_UNAVAILABLE,ONE_UNIT_SPAWN_UNAVAILABLE,1,True,
train,map_000310.csv,2df491782a8c235f3cb74f8ddcf96da146a4c08f5bf2b06e06ea259cea26246f,42,ONE_UNIT_SPAWN_UNAVAILABLE,ONE_UNIT_SPAWN_UNAVAILABLE,1,True,
train,map_000839.csv,2e0bed344634f7bcc973f4dad2b322cc43caf0a8c32fe4689a7cfa5b7bf472fa,42,ONE_UNIT_SPAWN_UNAVAILABLE,ONE_UNIT_SPAWN_UNAVAILABLE,1,True,
train,map_001614.csv,2e2b041a7f6f0c666f5714dce7a2069c8fab7e56e8f5b1f07032d66ac0a5a168,42,ONE_UNIT_SPAWN_UNAVAILABLE,ONE_UNIT_SPAWN_UNAVAILABLE,1,True,
train,map_002325.csv,2e2eb13159463ce08eb904c37b4e6a4476642734cc1fc87140e8989cadca0c23,42,ONE_UNIT_SPAWN_UNAVAILABLE,ONE_UNIT_SPAWN_UNAVAILABLE,1,True,
train,map_004784.csv,2e6ab44fe5ccc5da541df17bf267688394dc5041d35544af21594686b1b62fd6,42,ONE_UNIT_SPAWN_UNAVAILABLE,ONE_UNIT_SPAWN_UNAVAILABLE,1,True,
train,map_002692.csv,2e75d8269926b58a625f729607c446fed3bc678a94bab27c46a0097ee7f8e85e,42,ONE_UNIT_SPAWN_UNAVAILABLE,ONE_UNIT_SPAWN_UNAVAILABLE,1,True,
train,map_001802.csv,2e7936591689007cd812237b5d7c7909414ec447dc99674895a8c7493aad047a,42,ONE_UNIT_SPAWN_UNAVAILABLE,ONE_UNIT_SPAWN_UNAVAILABLE,1,True,
train,map_000851.csv,2e8c97cd9dd8c7f0cce7655444dc7a9d202df387d2bcff1faedf0e853681c67f,42,ONE_UNIT_SPAWN_UNAVAILABLE,ONE_UNIT_SPAWN_UNAVAILABLE,1,True,
train,map_000940.csv,2e9177093f34c55ba214cbb2d28e868bf6cf07cb9349ee6a2c7d0d4f15ac72b9,42,ONE_UNIT_SPAWN_UNAVAILABLE,ONE_UNIT_SPAWN_UNAVAILABLE,1,True,
train,map_001567.csv,2e973cc02493bedccdb1cb77839fa4cab9ec584f2fca8020694288d00e1193ed,42,ONE_UNIT_SPAWN_UNAVAILABLE,ONE_UNIT_SPAWN_UNAVAILABLE,1,True,
train,map_001047.csv,2eaa74bd9fceeb175a88ac1cadef17fd25dde025bb798554ad948e5766f6723b,42,ONE_UNIT_SPAWN_UNAVAILABLE,ONE_UNIT_SPAWN_UNAVAILABLE,1,True,
train,map_005417.csv,2eb27018babebdaa93eb3d073302ed145af669f1c234aa9f15ef071395c04b8b,42,ONE_UNIT_SPAWN_UNAVAILABLE,ONE_UNIT_SPAWN_UNAVAILABLE,1,True,
train,map_004017.csv,2edda4043b95450d80845d477c49018d19179100f7ed1c18d0a6d9eea661c45a,42,ONE_UNIT_SPAWN_UNAVAILABLE,ONE_UNIT_SPAWN_UNAVAILABLE,1,True,
train,map_004031.csv,2eeb1d393675537d8952e55f6f75abb7dccc1ed76b1a250d45cb98c94f705024,42,ONE_UNIT_SPAWN_UNAVAILABLE,ONE_UNIT_SPAWN_UNAVAILABLE,1,True,
train,map_001717.csv,2f10f919cfcf5b4470fe347f663fa2d8776bb7597b553769ccc0513fd511d79f,42,ONE_UNIT_SPAWN_UNAVAILABLE,ONE_UNIT_SPAWN_UNAVAILABLE,1,True,
train,map_001856.csv,2f13e2c2e11bdfdd9c7c9268ee2cf8d9557f92e764f8fdd85a7e3e1be1adcc6c,42,ONE_UNIT_SPAWN_UNAVAILABLE,ONE_UNIT_SPAWN_UNAVAILABLE,1,True,
train,map_001460.csv,2f863c1d93b93ffaff0f6235db58b57d9808608d3d756a62f9dc938bb2780e46,42,ONE_UNIT_SPAWN_UNAVAILABLE,ONE_UNIT_SPAWN_UNAVAILABLE,1,True,
train,map_001918.csv,2fa6965cba815ce552f2aff7a3dee0ea03e731367eebb09c93515082de3d9f42,42,ONE_UNIT_SPAWN_UNAVAILABLE,ONE_UNIT_SPAWN_UNAVAILABLE,1,True,
train,map_001298.csv,2fd2e6f6f51342206a44f1b906a7a417130f24f79c58675802845cfd78921f5a,42,ONE_UNIT_SPAWN_UNAVAILABLE,ONE_UNIT_SPAWN_UNAVAILABLE,1,True,
train,map_001009.csv,3012aa94d90438e90d82f792a23057d3484721515d3efa25fe0d671d8bb47cb6,42,ONE_UNIT_SPAWN_UNAVAILABLE,ONE_UNIT_SPAWN_UNAVAILABLE,1,True,
train,map_002306.csv,302002694b33ff0d8cc20f49bda91a558e77cb2b5543ff5b29138819ef07119f,42,ONE_UNIT_SPAWN_UNAVAILABLE,ONE_UNIT_SPAWN_UNAVAILABLE,1,True,
train,map_005090.csv,302eb2d9ed3f7f92760e1961152e4cfbac274974edd7aa36a3f14916b8701800,42,ONE_UNIT_SPAWN_UNAVAILABLE,ONE_UNIT_SPAWN_UNAVAILABLE,1,True,
train,map_001447.csv,308bd4bce678519075b2666d1eb3e0db8e83fba1d27329b7d85be791a9e25699,42,ONE_UNIT_SPAWN_UNAVAILABLE,ONE_UNIT_SPAWN_UNAVAILABLE,1,True,
train,map_005101.csv,309b31b49df1a2fea044b1402700dbaef93b9af5cd3d47af5158045bddea045f,42,ONE_UNIT_SPAWN_UNAVAILABLE,ONE_UNIT_SPAWN_UNAVAILABLE,1,True,
train,map_004657.csv,30a01a446a715b3487e77ac0c9fd4faad22b3f8c9b691bf9559d197bca000d73,42,ONE_UNIT_SPAWN_UNAVAILABLE,ONE_UNIT_SPAWN_UNAVAILABLE,1,True,
train,map_004111.csv,30a76c899f870f86b08b4e344893ddf7fcb4b4bfc8499b59cbe455c51e3c48cf,42,ONE_UNIT_SPAWN_UNAVAILABLE,ONE_UNIT_SPAWN_UNAVAILABLE,1,True,
train,map_004127.csv,30d1595de2f9d49f21cc18e9bd22ee0de424c1e51937bcb883ee5cbc76d48551,42,ONE_UNIT_SPAWN_UNAVAILABLE,ONE_UNIT_SPAWN_UNAVAILABLE,1,True,
train,map_002829.csv,30f2b9e5566bb55c95d74a11c18a30f89a609eeaa837ab33e25dd1ef0b65f8e1,42,ONE_UNIT_SPAWN_UNAVAILABLE,ONE_UNIT_SPAWN_UNAVAILABLE,1,True,
train,map_005312.csv,3136880693428ff789cc29112ce15154ee0993ccd64594ea1bdb86060039b83f,42,ONE_UNIT_SPAWN_UNAVAILABLE,ONE_UNIT_SPAWN_UNAVAILABLE,1,True,
train,map_000918.csv,314743307dd47a9c171008e7244cde7a70c05418bf49b5fb59dbd0243d3f9860,42,ONE_UNIT_SPAWN_UNAVAILABLE,ONE_UNIT_SPAWN_UNAVAILABLE,1,True,
train,map_000484.csv,315caa42497c0b3801e7488985e9e844a2962a2097c8f7f45780491dda92ddab,42,ONE_UNIT_SPAWN_UNAVAILABLE,ONE_UNIT_SPAWN_UNAVAILABLE,1,True,
train,map_002135.csv,317184daee62c9350855de3cc03a0bfc2681783a591241b8266f68a40e5b457b,42,ONE_UNIT_SPAWN_UNAVAILABLE,ONE_UNIT_SPAWN_UNAVAILABLE,1,True,
train,map_001208.csv,31950fccffab588bb9e075797f9cbf8c57d0f2e2df2893abd864abc9686e65d2,42,ONE_UNIT_SPAWN_UNAVAILABLE,ONE_UNIT_SPAWN_UNAVAILABLE,1,True,
train,map_002318.csv,31a0f6fd67e1899f50d1fa3452c9877666ecc43a6684b6068c111a7a1d20a25a,42,ONE_UNIT_SPAWN_UNAVAILABLE,ONE_UNIT_SPAWN_UNAVAILABLE,1,True,
train,map_001636.csv,31a83e20f76a2e6f3d14e4945d2e7c02c224217f47573f4b6c5a381d9ebb2772,42,ONE_UNIT_SPAWN_UNAVAILABLE,ONE_UNIT_SPAWN_UNAVAILABLE,1,True,
train,map_004362.csv,31b9345637af74cf77bf348a66701b1e4997aab4189aaa176d1de5ea3977e486,42,ONE_UNIT_SPAWN_UNAVAILABLE,ONE_UNIT_SPAWN_UNAVAILABLE,1,True,
train,map_001330.csv,31bab3d47da99ad64e27445198c1cd9f31a2524cb609f479d2fbe5611f661fcb,42,ONE_UNIT_SPAWN_UNAVAILABLE,ONE_UNIT_SPAWN_UNAVAILABLE,1,True,
train,map_003166.csv,3270ba5c5405a490d3cf6df7c7408fc45b3b1189fd73b5be7ab95f79bda4bc8a,42,ONE_UNIT_SPAWN_UNAVAILABLE,ONE_UNIT_SPAWN_UNAVAILABLE,1,True,
train,map_000983.csv,3279d67e753fa29608d16929f91090d8b7fa556f0bfac89c9809f256bd76025a,42,ONE_UNIT_SPAWN_UNAVAILABLE,ONE_UNIT_SPAWN_UNAVAILABLE,1,True,
train,map_003048.csv,3297c64a56a5736072436a54443233c5046041698aeb6ee7e3201f06026de421,42,ONE_UNIT_SPAWN_UNAVAILABLE,ONE_UNIT_SPAWN_UNAVAILABLE,1,True,
train,map_000222.csv,32a139113756f3d921dcd973f7d63e58a3c8fcb274993231a80c6b65a48f0784,42,ONE_UNIT_SPAWN_UNAVAILABLE,ONE_UNIT_SPAWN_UNAVAILABLE,1,True,
train,map_000057.csv,32b0ec85565b7a93b92d90a19b96c992746bdef0ec53b90e185ac4570826d61d,42,ONE_UNIT_SPAWN_UNAVAILABLE,ONE_UNIT_SPAWN_UNAVAILABLE,1,True,
train,map_005180.csv,32be1a564b5e67a047d5173e436bce41176331f023097749cafe23d51cc66b47,42,ONE_UNIT_SPAWN_UNAVAILABLE,ONE_UNIT_SPAWN_UNAVAILABLE,1,True,
train,map_003941.csv,32bf4f6ff93d2920b9f18963dbbab4f3b7ec6f9e3fa77f9c73083ec46b24cea4,42,ONE_UNIT_SPAWN_UNAVAILABLE,ONE_UNIT_SPAWN_UNAVAILABLE,1,True,
train,map_004563.csv,3356d91183120231de5f8356785b2164dff937c9013a2d4cb49b2d031c04e291,42,ONE_UNIT_SPAWN_UNAVAILABLE,ONE_UNIT_SPAWN_UNAVAILABLE,1,True,
train,map_002040.csv,33776b20c9a6878a7d8001c763d4f9f67e210b5333bac8255543d876a39be7d8,42,ONE_UNIT_SPAWN_UNAVAILABLE,ONE_UNIT_SPAWN_UNAVAILABLE,1,True,
train,map_000140.csv,3381da858df3cf09b160c080c649a1b26679eda75a0d3b091a8f0831edd3aa47,42,ONE_UNIT_SPAWN_UNAVAILABLE,ONE_UNIT_SPAWN_UNAVAILABLE,1,True,
train,map_000365.csv,33a753481cd62ca8b6c775d2292294e530ad959f99d136135ad0d07dbc7a26cf,42,ONE_UNIT_SPAWN_UNAVAILABLE,ONE_UNIT_SPAWN_UNAVAILABLE,1,True,
train,map_004677.csv,33a86e3b4fe02682fdc0cc375f879a09d07b242a2260d7a440f3d8016edce6c2,42,ONE_UNIT_SPAWN_UNAVAILABLE,ONE_UNIT_SPAWN_UNAVAILABLE,1,True,
train,map_001945.csv,33a8a8eeec6ac4110c054a628b876e7182201d8fcbd085859c178d63f14e3099,42,ONE_UNIT_SPAWN_UNAVAILABLE,ONE_UNIT_SPAWN_UNAVAILABLE,1,True,
train,map_001379.csv,33cb0db308d177882b77e3a7fcaffd78baa87e076e4a88076012ae4cefcbc0a0,42,ONE_UNIT_SPAWN_UNAVAILABLE,ONE_UNIT_SPAWN_UNAVAILABLE,1,True,
train,map_004594.csv,33d3c6c00c75265f70d605df501a5bdb35f3128ae0a56d69949fea21443ce67c,42,ONE_UNIT_SPAWN_UNAVAILABLE,ONE_UNIT_SPAWN_UNAVAILABLE,1,True,
train,map_001651.csv,33e0cc6536036f7385f75180d2d943668c9cbe5a5c63fb55ebe9c11497e2d807,42,ONE_UNIT_SPAWN_UNAVAILABLE,ONE_UNIT_SPAWN_UNAVAILABLE,1,True,
train,map_005469.csv,33fc4df00aebcda8dd440a0e0433b1f6739bc98c7fc7d17259fb6b685bb7ffba,42,ONE_UNIT_SPAWN_UNAVAILABLE,ONE_UNIT_SPAWN_UNAVAILABLE,1,True,
train,map_003398.csv,33fe973f39d029a6289f0c56e85ae931d2c89d36c2dbf365857d45da86e1f5f8,42,ONE_UNIT_SPAWN_UNAVAILABLE,ONE_UNIT_SPAWN_UNAVAILABLE,1,True,
train,map_002369.csv,3432e652b7b01a1ee7765f01441dd3f7c1120b86880aba86fda67e3bca6ad2dd,42,ONE_UNIT_SPAWN_UNAVAILABLE,ONE_UNIT_SPAWN_UNAVAILABLE,1,True,
train,map_000555.csv,3438e29000d9a0238be63b6bad874749232259dc371327c2375e6bc6ca865694,42,ONE_UNIT_SPAWN_UNAVAILABLE,ONE_UNIT_SPAWN_UNAVAILABLE,1,True,
train,map_005187.csv,345dbccdcb161e485312ed940a87232b6affcb2574acfbe8d8e3f5ff339a0172,42,ONE_UNIT_SPAWN_UNAVAILABLE,ONE_UNIT_SPAWN_UNAVAILABLE,1,True,
train,map_001386.csv,3479c158202c1b2b543e72b527f91420bf4539ffc8fb0654b72635b0767b2b4c,42,ONE_UNIT_SPAWN_UNAVAILABLE,ONE_UNIT_SPAWN_UNAVAILABLE,1,True,
train,map_003506.csv,34d345044a62c86fd351466b20b754add4a90957c5c66df50d0f2bea24b55bf4,42,ONE_UNIT_SPAWN_UNAVAILABLE,ONE_UNIT_SPAWN_UNAVAILABLE,1,True,
train,map_000254.csv,34ec0dc025d17e2abd7b9e33f80584c3d252bb971b6297adafbe380fde0085c9,42,ONE_UNIT_SPAWN_UNAVAILABLE,ONE_UNIT_SPAWN_UNAVAILABLE,1,True,
train,map_003431.csv,35580169d41e0b302d7fef51ce37baf688995ff2dc04ef9d62b6e86aebd3b7f1,42,ONE_UNIT_SPAWN_UNAVAILABLE,ONE_UNIT_SPAWN_UNAVAILABLE,1,True,
train,map_001279.csv,359990f08d37c23c1f51729a0834b85bd5f5a1d9e5f0288d69ba16980aa75c33,42,ONE_UNIT_SPAWN_UNAVAILABLE,ONE_UNIT_SPAWN_UNAVAILABLE,1,True,
train,map_002169.csv,359cbf66aab8fe8ef92e6a4cc1aa9ab38eee83b286ff415388619e662954e0f8,42,ONE_UNIT_SPAWN_UNAVAILABLE,ONE_UNIT_SPAWN_UNAVAILABLE,1,True,
train,map_001161.csv,35a36a733e0157dd3423e6ddbb0ad01fd61f4da7ef9129068343953d2560a24e,42,ONE_UNIT_SPAWN_UNAVAILABLE,ONE_UNIT_SPAWN_UNAVAILABLE,1,True,
train,map_001147.csv,35a4a0ccfa5acff57ac83a4e42204f40f70d2a4c770e89c0c532c548bdde0828,42,ONE_UNIT_SPAWN_UNAVAILABLE,ONE_UNIT_SPAWN_UNAVAILABLE,1,True,
train,map_005487.csv,35aaca732be64310b3c094c99eba7342f19ea6794f7de7cd647e6c68bf1bab75,42,ONE_UNIT_SPAWN_UNAVAILABLE,ONE_UNIT_SPAWN_UNAVAILABLE,1,True,
train,map_003041.csv,35b6656085cd8af7c9f32fea2c1943ac78a82b85667db6716a649a6939bc04c9,42,ONE_UNIT_SPAWN_UNAVAILABLE,ONE_UNIT_SPAWN_UNAVAILABLE,1,True,
train,map_000018.csv,35ccb1187f6a738a1f84377e8806db342b38f5f64d7b66852f083ed6f7ead696,42,ONE_UNIT_SPAWN_UNAVAILABLE,ONE_UNIT_SPAWN_UNAVAILABLE,1,True,
train,map_001506.csv,35e0d2b9f70eee35b906424890f52d85ab6f74e96e4ab5fb2011dcce91a61738,42,ONE_UNIT_SPAWN_UNAVAILABLE,ONE_UNIT_SPAWN_UNAVAILABLE,1,True,
train,map_003231.csv,35f0b676c01f5859573a4f4b1fae327cada2e7f926e5bc1457714d7dbd81082e,42,ONE_UNIT_SPAWN_UNAVAILABLE,ONE_UNIT_SPAWN_UNAVAILABLE,1,True,
train,map_004315.csv,35fa3fcc2b27a4f770d0c9257c765505f4c7970d59d83db9003ac22d2c5afdc7,42,ONE_UNIT_SPAWN_UNAVAILABLE,ONE_UNIT_SPAWN_UNAVAILABLE,1,True,
train,map_000361.csv,36148dd35cf0de7bddf6bc5ab36328e3e715c82c310cbefecccc245f09d2fa73,42,ONE_UNIT_SPAWN_UNAVAILABLE,ONE_UNIT_SPAWN_UNAVAILABLE,1,True,
train,map_004490.csv,3615ac050ec2d950a3c8b6fdba62afb611bd37b5d88afaec0f2b25f37124b697,42,ONE_UNIT_SPAWN_UNAVAILABLE,ONE_UNIT_SPAWN_UNAVAILABLE,1,True,
train,map_004999.csv,36174f0e70ccc37e1d8131c64757fef1047010a22edaaf3cc36a2a0b680380e0,42,ONE_UNIT_SPAWN_UNAVAILABLE,ONE_UNIT_SPAWN_UNAVAILABLE,1,True,
train,map_002044.csv,362086718e55afbe618a176e1e606fae29e144dca5d11517ebe3d2e257710c52,42,ONE_UNIT_SPAWN_UNAVAILABLE,ONE_UNIT_SPAWN_UNAVAILABLE,1,True,
train,map_003626.csv,364b59c7bd021b560b1c58449eff16d660bf45d6ebed659aa5cf3c0e9cfd271c,42,ONE_UNIT_SPAWN_UNAVAILABLE,ONE_UNIT_SPAWN_UNAVAILABLE,1,True,
train,map_004616.csv,3653e2c5e56d9ded2ace77edb12d8b6efa61d91397493b144c9b6cf920e37436,42,ONE_UNIT_SPAWN_UNAVAILABLE,ONE_UNIT_SPAWN_UNAVAILABLE,1,True,
train,map_001306.csv,367c8bb23876cfaeb36fbeb8b41852aac9bfcc4f1ab0ee26885638e024b1fbd3,42,ONE_UNIT_SPAWN_UNAVAILABLE,ONE_UNIT_SPAWN_UNAVAILABLE,1,True,
train,map_000627.csv,368d86492d4d9b6d41a2f405fb761cdbfead280a6c33aea70f3055c24a103704,42,ONE_UNIT_SPAWN_UNAVAILABLE,ONE_UNIT_SPAWN_UNAVAILABLE,1,True,
train,map_004240.csv,3694644da7f31df057b1c56fa6fe5e1609e1bec4d336007fa51c7daf772b5d8a,42,ONE_UNIT_SPAWN_UNAVAILABLE,ONE_UNIT_SPAWN_UNAVAILABLE,1,True,
train,map_002113.csv,36ac5cb01c64498357445d2b304a9770ef2e901673bf6725ed6c143787d3fec6,42,ONE_UNIT_SPAWN_UNAVAILABLE,ONE_UNIT_SPAWN_UNAVAILABLE,1,True,
train,map_003436.csv,36b1c56d46f23c8b928e164afe19fb332e635fce0e99ebe5cfcdb68c135d4623,42,ONE_UNIT_SPAWN_UNAVAILABLE,ONE_UNIT_SPAWN_UNAVAILABLE,1,True,
train,map_003673.csv,36d1c244e4e3371d9852e917afaad4330a7e1fc8716d8a563c76d7756c167ba2,42,ONE_UNIT_SPAWN_UNAVAILABLE,ONE_UNIT_SPAWN_UNAVAILABLE,1,True,
train,map_002920.csv,36e6715c15c179375a5164b41c63ee36ebb761ba77b82ac6296dc1deacac08f7,42,ONE_UNIT_SPAWN_UNAVAILABLE,ONE_UNIT_SPAWN_UNAVAILABLE,1,True,
train,map_003669.csv,37149893c379147879aeca8622e19167b516398b4435da7ac3dbb7af466d5d47,42,ONE_UNIT_SPAWN_UNAVAILABLE,ONE_UNIT_SPAWN_UNAVAILABLE,1,True,
train,map_003862.csv,3720894e696dfae71278181614044c719dc09a3964d4938112b597db7b7ff4ab,42,ONE_UNIT_SPAWN_UNAVAILABLE,ONE_UNIT_SPAWN_UNAVAILABLE,1,True,
train,map_000428.csv,3723c9b1da2eb218e0310c0be1fe498a07a9141e32df0410bf6913cfb538babb,42,ONE_UNIT_SPAWN_UNAVAILABLE,ONE_UNIT_SPAWN_UNAVAILABLE,1,True,
train,map_005091.csv,372840f14055879b09935b136e01131a8a6ae31d7fcbd84b48ca88d87d447c91,42,ONE_UNIT_SPAWN_UNAVAILABLE,ONE_UNIT_SPAWN_UNAVAILABLE,1,True,
train,map_000195.csv,378f9f819266a5ab18612d71cacbcc3365695e44aada2960d3be9563757ecd10,42,ONE_UNIT_SPAWN_UNAVAILABLE,ONE_UNIT_SPAWN_UNAVAILABLE,1,True,
train,map_002747.csv,37d522b735fc3e7cdb21181eee58c2e0aca30d214e4700abf4c885e06e8d257d,42,ONE_UNIT_SPAWN_UNAVAILABLE,ONE_UNIT_SPAWN_UNAVAILABLE,1,True,
train,map_004652.csv,37dab6a801a66e4de10ce134d826523717e132a6c539e3f3e3ddedbf85d8fb71,42,ONE_UNIT_SPAWN_UNAVAILABLE,ONE_UNIT_SPAWN_UNAVAILABLE,1,True,
train,map_004309.csv,389c713ce66d3b20af636405ce3320caf8a0949104d63960fea9e8a55c7437c2,42,ONE_UNIT_SPAWN_UNAVAILABLE,ONE_UNIT_SPAWN_UNAVAILABLE,1,True,
train,map_001955.csv,38d36419eb6dc083322da14e2a1092a7c6eceb0df16f46f4bafe450c481fab61,42,ONE_UNIT_SPAWN_UNAVAILABLE,ONE_UNIT_SPAWN_UNAVAILABLE,1,True,
train,map_000581.csv,38d7490b47f22347431fc1337a1c8abb907f69300dbae29956c89ff2a4af2c4f,42,ONE_UNIT_SPAWN_UNAVAILABLE,ONE_UNIT_SPAWN_UNAVAILABLE,1,True,
train,map_000683.csv,38f282f68cb62f66a65d2e1c8b08a3823ef863f2b68d250fe901e62a078da15c,42,ONE_UNIT_SPAWN_UNAVAILABLE,ONE_UNIT_SPAWN_UNAVAILABLE,1,True,
train,map_005126.csv,395d912ea2f2679af090dc805a561fd267b18fb98e0f8d3d728b0caa6aa32a60,42,ONE_UNIT_SPAWN_UNAVAILABLE,ONE_UNIT_SPAWN_UNAVAILABLE,1,True,
train,map_001899.csv,396404cc1e9f3b0e0e13c034ab40fa3cd1003e55776298dbd4bdc9f050c3b228,42,ONE_UNIT_SPAWN_UNAVAILABLE,ONE_UNIT_SPAWN_UNAVAILABLE,1,True,
train,map_002914.csv,39972521d3cb2c982a4d9a800fda6b85000d104ac8a39dc028cbd77c633b8f41,42,ONE_UNIT_SPAWN_UNAVAILABLE,ONE_UNIT_SPAWN_UNAVAILABLE,1,True,
train,map_000750.csv,39b452e7bdf53df8a79c1ba101acc94a885e4d0faf21f6143c8f032e333e07a5,42,ONE_UNIT_SPAWN_UNAVAILABLE,ONE_UNIT_SPAWN_UNAVAILABLE,1,True,
train,map_000478.csv,39c64d3f1a6912014ce283a9719cc65160014faec6740e8515bdca99c2f6eeb4,42,ONE_UNIT_SPAWN_UNAVAILABLE,ONE_UNIT_SPAWN_UNAVAILABLE,1,True,
train,map_002206.csv,39c650401dcc043acbaee80d3ba0a96d1e3d8b13e48e031daef4b59318a7223e,42,ONE_UNIT_SPAWN_UNAVAILABLE,ONE_UNIT_SPAWN_UNAVAILABLE,1,True,
train,map_000022.csv,39ccae40bfaf3a2090096078f7113c28956ffd1c642ddce146ff4b054a4af1c8,42,ONE_UNIT_SPAWN_UNAVAILABLE,ONE_UNIT_SPAWN_UNAVAILABLE,1,True,
train,map_000914.csv,39e5435e8ad4236d13ac9f90182ecc4fcbfcdc5d6ca0dd7d983fb1fa25768495,42,ONE_UNIT_SPAWN_UNAVAILABLE,ONE_UNIT_SPAWN_UNAVAILABLE,1,True,
train,map_005392.csv,3a08c19aa9bce18eef031ea401ec0a5f68dae19a764b37e40a99d026d54270f3,42,ONE_UNIT_SPAWN_UNAVAILABLE,ONE_UNIT_SPAWN_UNAVAILABLE,1,True,
train,map_002729.csv,3a18d85c57932c2f8920250e9b9ac5f8230e3d066a8559c5504ede283fb4bda2,42,ONE_UNIT_SPAWN_UNAVAILABLE,ONE_UNIT_SPAWN_UNAVAILABLE,1,True,
train,map_004282.csv,3a6275a62b9757086ee0b03962131e9f0825f8d4e77592a040f4d442c8d0406a,42,ONE_UNIT_SPAWN_UNAVAILABLE,ONE_UNIT_SPAWN_UNAVAILABLE,1,True,
train,map_001277.csv,3a6a64cba88d155db61e556da9f862c433ab2400723a78436f041537cf8feeec,42,ONE_UNIT_SPAWN_UNAVAILABLE,ONE_UNIT_SPAWN_UNAVAILABLE,1,True,
train,map_002579.csv,3a70bc4e380408b1129d0ce15a1821d720b889b4c64320d06e3e8effe555076c,42,ONE_UNIT_SPAWN_UNAVAILABLE,ONE_UNIT_SPAWN_UNAVAILABLE,1,True,
train,map_001249.csv,3adfd69891620a6f3d830371c13541259c525d7132bbcf1c745f9ecdbf0004e8,42,ONE_UNIT_SPAWN_UNAVAILABLE,ONE_UNIT_SPAWN_UNAVAILABLE,1,True,
train,map_004846.csv,3ae1bbfeb2190f72dbbc4423719eb2c954857f05cb2f50498532b001a04f07fa,42,ONE_UNIT_SPAWN_UNAVAILABLE,ONE_UNIT_SPAWN_UNAVAILABLE,1,True,
train,map_002943.csv,3ae850f78f752a389d2fbe835c91290396a14aa4c8d0c38a9bb4f59c7ffb4eb2,42,ONE_UNIT_SPAWN_UNAVAILABLE,ONE_UNIT_SPAWN_UNAVAILABLE,1,True,
train,map_000343.csv,3b2f3ecc2ecac45f8e7796a9f0aadf34866b9f430ddc03fa92f98e35422b5aa2,42,ONE_UNIT_SPAWN_UNAVAILABLE,ONE_UNIT_SPAWN_UNAVAILABLE,1,True,
train,map_003337.csv,3b4960a3b85c49150b6bdbb9de133d8abf622b07286de94792f9260eecce6844,42,ONE_UNIT_SPAWN_UNAVAILABLE,ONE_UNIT_SPAWN_UNAVAILABLE,1,True,
train,map_000063.csv,3b79644196089490266fd762b43bf1a6201d81ae1cb914b1de29e0470bfe4b0d,42,ONE_UNIT_SPAWN_UNAVAILABLE,ONE_UNIT_SPAWN_UNAVAILABLE,1,True,
train,map_001069.csv,3ba68892e74227c4daca87f1fcd2d7eb21485513c23fa50eee6051a54f53e7be,42,ONE_UNIT_SPAWN_UNAVAILABLE,ONE_UNIT_SPAWN_UNAVAILABLE,1,True,
train,map_000992.csv,3bc7e0b151958f63295a4efe4ec3635d8d1e5d4db8a7aff91d175e48865d96be,42,ONE_UNIT_SPAWN_UNAVAILABLE,ONE_UNIT_SPAWN_UNAVAILABLE,1,True,
train,map_003444.csv,3bcb2abaab06af4af42f7d4ab6d584f9eb6f40c3e3e27e6aeccd2399e6f2b77e,42,ONE_UNIT_SPAWN_UNAVAILABLE,ONE_UNIT_SPAWN_UNAVAILABLE,1,True,
train,map_004213.csv,3bfe5a3b7c737258a0b3ad28759dee51f528f88a1ddbc631155ac9e8408556cf,42,ONE_UNIT_SPAWN_UNAVAILABLE,ONE_UNIT_SPAWN_UNAVAILABLE,1,True,
train,map_003926.csv,3c0640a6d9cb504f7ca5997c531455affc86b0861cec08bd790a13c049276514,42,ONE_UNIT_SPAWN_UNAVAILABLE,ONE_UNIT_SPAWN_UNAVAILABLE,1,True,
train,map_005285.csv,3c0b8a840a27711b9865579a8f95cf43a55fdfd68de29928f14900a4f6b5de4e,42,ONE_UNIT_SPAWN_UNAVAILABLE,ONE_UNIT_SPAWN_UNAVAILABLE,1,True,
train,map_001176.csv,3c82501fca5295dc95b8c86fcd4fff61a0637f9d984923fed3cd0017f58d9449,42,ONE_UNIT_SPAWN_UNAVAILABLE,ONE_UNIT_SPAWN_UNAVAILABLE,1,True,
train,map_004156.csv,3cf65e5a61c22c005b7234364b59a85074a894af0f254bcd5b16676b4ed5d39e,42,ONE_UNIT_SPAWN_UNAVAILABLE,ONE_UNIT_SPAWN_UNAVAILABLE,1,True,
train,map_002215.csv,3d25b148fb9718ca640399a62b731d93339b7c3c4ff612e0799924c0b3006294,42,ONE_UNIT_SPAWN_UNAVAILABLE,ONE_UNIT_SPAWN_UNAVAILABLE,1,True,
train,map_002982.csv,3d6c532d4c94cc2e8708a8fd072d73279cd7af5fde3f4584f9fde0190d56bf47,42,ONE_UNIT_SPAWN_UNAVAILABLE,ONE_UNIT_SPAWN_UNAVAILABLE,1,True,
train,map_000126.csv,3d896ede3f0323071ec62861a61f27d8f939db49631d75618e92a018a5eb0df9,42,ONE_UNIT_SPAWN_UNAVAILABLE,ONE_UNIT_SPAWN_UNAVAILABLE,1,True,
train,map_001507.csv,3dad4eb30933c37ca1f56e24f9b9c1401921b3a179e1e346b02eb4e588fa668d,42,ONE_UNIT_SPAWN_UNAVAILABLE,ONE_UNIT_SPAWN_UNAVAILABLE,1,True,
train,map_001708.csv,3dcc0a9b308af589bbce7bd811cccda05e35552905e50d674290840c4b626479,42,ONE_UNIT_SPAWN_UNAVAILABLE,ONE_UNIT_SPAWN_UNAVAILABLE,1,True,
train,map_001205.csv,3e1af20e5e72a39d48456fb1f123c773bd731de5281386f4eb40fa4ff5aec0bf,42,ONE_UNIT_SPAWN_UNAVAILABLE,ONE_UNIT_SPAWN_UNAVAILABLE,1,True,
train,map_004098.csv,3e300597ed6addad5d4afe1432caa5a70c19c384526e51129c770ff1ce2d8e71,42,ONE_UNIT_SPAWN_UNAVAILABLE,ONE_UNIT_SPAWN_UNAVAILABLE,1,True,
train,map_000188.csv,3e678bfcd711d831599bad5719cb4aee25d232369cd011703faa8ef0888af771,42,ONE_UNIT_SPAWN_UNAVAILABLE,ONE_UNIT_SPAWN_UNAVAILABLE,1,True,
train,map_004035.csv,3e75f54281be901306e397835ba711e8619dfbf9dd46611eb8e884bf86aef5b6,42,ONE_UNIT_SPAWN_UNAVAILABLE,ONE_UNIT_SPAWN_UNAVAILABLE,1,True,
train,map_000502.csv,3e95305841f1714fdf92b8752650febe455432792e9ec6194311fe45b1fc063e,42,ONE_UNIT_SPAWN_UNAVAILABLE,ONE_UNIT_SPAWN_UNAVAILABLE,1,True,
train,map_002338.csv,3eb3372533d8ede9bd398decc1a00040c05a8648f29a80ea755396e24b413b46,42,ONE_UNIT_SPAWN_UNAVAILABLE,ONE_UNIT_SPAWN_UNAVAILABLE,1,True,
train,map_001848.csv,3eb8ce0ece309c2fbd9c7caf24f654f09808c14e7fc37f02800e387456c3d3d5,42,ONE_UNIT_SPAWN_UNAVAILABLE,ONE_UNIT_SPAWN_UNAVAILABLE,1,True,
train,map_001094.csv,3ee7ceff977ea82e3f225e46db49acb44638d661670a2f9919e3f7e2986b7437,42,ONE_UNIT_SPAWN_UNAVAILABLE,ONE_UNIT_SPAWN_UNAVAILABLE,1,True,
train,map_004355.csv,3eebd8a26c9a2ab28e3ad2ddaa1932c4356a7ddfd79c556e0b0263c0150a4cad,42,ONE_UNIT_SPAWN_UNAVAILABLE,ONE_UNIT_SPAWN_UNAVAILABLE,1,True,
train,map_005179.csv,3f30ba3ba7285a38f2d42d0ddf99a6ab287ffea3b6fbd07483b347ac77123d44,42,ONE_UNIT_SPAWN_UNAVAILABLE,ONE_UNIT_SPAWN_UNAVAILABLE,1,True,
train,map_002559.csv,3f3ca03e832a1ca3da6a40cdefcbb271071301942a83acbe778b38afb7cb1eb6,42,ONE_UNIT_SPAWN_UNAVAILABLE,ONE_UNIT_SPAWN_UNAVAILABLE,1,True,
train,map_001711.csv,3f3d15502b99413b58cd425164df506296a08f83a410fc1ef84a464077bca53e,42,ONE_UNIT_SPAWN_UNAVAILABLE,ONE_UNIT_SPAWN_UNAVAILABLE,1,True,
train,map_000225.csv,3f9644b111b3191e3d164900633a0c8cd589dd2b8f61f9dbc9315a3700a9eddd,42,ONE_UNIT_SPAWN_UNAVAILABLE,ONE_UNIT_SPAWN_UNAVAILABLE,1,True,
train,map_003863.csv,3fcf7bb7a3c9ad29a9c7347d71b4c638039246f7a016692df705023e95c51a44,42,ONE_UNIT_SPAWN_UNAVAILABLE,ONE_UNIT_SPAWN_UNAVAILABLE,1,True,
train,map_002410.csv,3ffc606d21c9e8f9042995427fdfe8fc4d1a0925b8c48691d09e65cd84e2c541,42,ONE_UNIT_SPAWN_UNAVAILABLE,ONE_UNIT_SPAWN_UNAVAILABLE,1,True,
train,map_003897.csv,40278db6d09e8bd623ba0ebaa9889bcb19b7ed2e81c53c0a81d65607d8e49dbf,42,ONE_UNIT_SPAWN_UNAVAILABLE,ONE_UNIT_SPAWN_UNAVAILABLE,1,True,
train,map_004392.csv,4030ed404cfa0fb9bfd581257820ceb012fc0004ff1764f80c94c2800ce97a2c,42,ONE_UNIT_SPAWN_UNAVAILABLE,ONE_UNIT_SPAWN_UNAVAILABLE,1,True,
train,map_001212.csv,4037916a060924dba764bc5f61b3bc210f850f8525f90507885407760a76be37,42,ONE_UNIT_SPAWN_UNAVAILABLE,ONE_UNIT_SPAWN_UNAVAILABLE,1,True,
train,map_000972.csv,4043758d11c49a9f56a02c96c266855018b0f997593f2648d072d4626c8a66be,42,ONE_UNIT_SPAWN_UNAVAILABLE,ONE_UNIT_SPAWN_UNAVAILABLE,1,True,
train,map_004472.csv,4053847d406b403127d9a78f490e4cb7ecaed0b72c4c985b18125ca984699133,42,ONE_UNIT_SPAWN_UNAVAILABLE,ONE_UNIT_SPAWN_UNAVAILABLE,1,True,
train,map_001014.csv,407f2fc0d1d75ea5e51f08dc45195b5e5b2ef3947cb3563d648ef794701cf062,42,ONE_UNIT_SPAWN_UNAVAILABLE,ONE_UNIT_SPAWN_UNAVAILABLE,1,True,
train,map_005274.csv,4093ce5769124377aafd68228fef81a3347fc2d8f04c618daf58e537d5cc3e6d,42,ONE_UNIT_SPAWN_UNAVAILABLE,ONE_UNIT_SPAWN_UNAVAILABLE,1,True,
train,map_004274.csv,40a2e261a679643b0d24be4cff7d92f33e09e1eba5790dff31801556e3d0b573,42,ONE_UNIT_SPAWN_UNAVAILABLE,ONE_UNIT_SPAWN_UNAVAILABLE,1,True,
train,map_003188.csv,4155d41682beacd37e1d0e595cd44497c149a86e3b81058580fcd4c5cb5e1848,42,ONE_UNIT_SPAWN_UNAVAILABLE,ONE_UNIT_SPAWN_UNAVAILABLE,1,True,
train,map_002764.csv,41914a92eae40099c42f69737791cfdd9e20f4fea84739793c61208fc54dadc8,42,ONE_UNIT_SPAWN_UNAVAILABLE,ONE_UNIT_SPAWN_UNAVAILABLE,1,True,
train,map_001883.csv,41a40d8ec4129e0bcf1b69c418e8f540193080691d4d6c1440768c515734c149,42,ONE_UNIT_SPAWN_UNAVAILABLE,ONE_UNIT_SPAWN_UNAVAILABLE,1,True,
train,map_004861.csv,41aaafd374c1fde688e2265542fa5513adadf3be369be484fa2263ecc15f7c65,42,ONE_UNIT_SPAWN_UNAVAILABLE,ONE_UNIT_SPAWN_UNAVAILABLE,1,True,
train,map_001673.csv,41ae185020e2b7cc8f56e95204ff9f66e67c210ed63ce04270042447d1bfe665,42,ONE_UNIT_SPAWN_UNAVAILABLE,ONE_UNIT_SPAWN_UNAVAILABLE,1,True,
train,map_002432.csv,4226099988cacbd81d90e9334dbef621f2673d491b602b3fffb20c6b96a59e70,42,ONE_UNIT_SPAWN_UNAVAILABLE,ONE_UNIT_SPAWN_UNAVAILABLE,1,True,
train,map_002291.csv,4226e99ca38a7326b4c5262f3dc4344fd61ac5ba95135d0d4e0646fd1c6f4dba,42,ONE_UNIT_SPAWN_UNAVAILABLE,ONE_UNIT_SPAWN_UNAVAILABLE,1,True,
train,map_005158.csv,42439f425d0cc0ad3c7c6bba63c3437a10ccbb731fb2efc06fc2d0f03a4ffa09,42,ONE_UNIT_SPAWN_UNAVAILABLE,ONE_UNIT_SPAWN_UNAVAILABLE,1,True,
train,map_003648.csv,4252ae55abc3d7f0ae803db7b5d1ae1cf2d4ed7f092f20256bbef19afd933297,42,ONE_UNIT_SPAWN_UNAVAILABLE,ONE_UNIT_SPAWN_UNAVAILABLE,1,True,
train,map_002018.csv,4276a568987fad57ffc9cb775c3bd0dac95dc4f76005eb9b50933752618c429d,42,ONE_UNIT_SPAWN_UNAVAILABLE,ONE_UNIT_SPAWN_UNAVAILABLE,1,True,
train,map_000183.csv,4283fa7b9e9c2feb0c1ef9a3fdfac5220429cfd722dad33f094cac12ef982c42,42,ONE_UNIT_SPAWN_UNAVAILABLE,ONE_UNIT_SPAWN_UNAVAILABLE,1,True,
train,map_000480.csv,428d78c8ab994cca82d6b49b8714d4e5d49c8567e7c38f6ae9d065e50f5a32c8,42,ONE_UNIT_SPAWN_UNAVAILABLE,ONE_UNIT_SPAWN_UNAVAILABLE,1,True,
train,map_003076.csv,4301076c5bb6e6815d7c6e522961af2ed1d66532e1359ac69bb1e477f6ae6b2b,42,ONE_UNIT_SPAWN_UNAVAILABLE,ONE_UNIT_SPAWN_UNAVAILABLE,1,True,
train,map_002361.csv,4302d1b1e0d0409ea15e8b8b85f15630aeea42cb762f4825d812188d44c09dad,42,ONE_UNIT_SPAWN_UNAVAILABLE,ONE_UNIT_SPAWN_UNAVAILABLE,1,True,
train,map_002562.csv,430de8c7e8b75a2c9bda1dae98ab21ff9f13160a12e0dd3c151cb0ce69de196c,42,ONE_UNIT_SPAWN_UNAVAILABLE,ONE_UNIT_SPAWN_UNAVAILABLE,1,True,
train,map_003598.csv,4310912d00938afa59e3ef3178b5971fbaf050e3c9ea87152fd042e2ab0c24f2,42,ONE_UNIT_SPAWN_UNAVAILABLE,ONE_UNIT_SPAWN_UNAVAILABLE,1,True,
train,map_004501.csv,4317d2cc3cf07bab449f69e00cc6623a2daeaeb282536310ce58a2c6af15f2fa,42,ONE_UNIT_SPAWN_UNAVAILABLE,ONE_UNIT_SPAWN_UNAVAILABLE,1,True,
train,map_000522.csv,4323d42d1044b6cfc7276dde4d91a57813033ad579ad58b6a449742191dae52d,42,ONE_UNIT_SPAWN_UNAVAILABLE,ONE_UNIT_SPAWN_UNAVAILABLE,1,True,
train,map_001274.csv,433e92b47849e4a347eca05d7e6b6d5f67c534fd715ce6afd6540c73c0dab973,42,ONE_UNIT_SPAWN_UNAVAILABLE,ONE_UNIT_SPAWN_UNAVAILABLE,1,True,
train,map_003925.csv,4355fb6ca31bcb51331d05aa2582660a20eb6dd267227f6922c01705a29a91db,42,ONE_UNIT_SPAWN_UNAVAILABLE,ONE_UNIT_SPAWN_UNAVAILABLE,1,True,
train,map_003937.csv,4377ec861c7e8c7a6c58c4c83b8fb4b56f07ed67f7b96ba5d9fee70d0eaf45ff,42,ONE_UNIT_SPAWN_UNAVAILABLE,ONE_UNIT_SPAWN_UNAVAILABLE,1,True,
train,map_005428.csv,439053513b020922e4582ed49268ada4848df2f8b08752015ad9e7dc00c18810,42,ONE_UNIT_SPAWN_UNAVAILABLE,ONE_UNIT_SPAWN_UNAVAILABLE,1,True,
train,map_002569.csv,43c08197b5e28c72b64eb7095adcbaa5a5911e58942f941a827b163e8b847862,42,ONE_UNIT_SPAWN_UNAVAILABLE,ONE_UNIT_SPAWN_UNAVAILABLE,1,True,
train,map_003912.csv,43c09ff2d38bf42915423c91c45726877fa1edff0582611fe1c7010bcc75c883,42,ONE_UNIT_SPAWN_UNAVAILABLE,ONE_UNIT_SPAWN_UNAVAILABLE,1,True,
train,map_002317.csv,43c7b97f316c7889ede71f354eacc211e474ff3b2b72db1d329fb1fd22e21a98,42,ONE_UNIT_SPAWN_UNAVAILABLE,ONE_UNIT_SPAWN_UNAVAILABLE,1,True,
train,map_001049.csv,442745473be903eac54b8e2100cb948a75be7c728437b6bdd082804a34e0fef4,42,ONE_UNIT_SPAWN_UNAVAILABLE,ONE_UNIT_SPAWN_UNAVAILABLE,1,True,
train,map_003870.csv,4434cd0770fbb29a4c12e7afb25e1694b2cc26cb9cc9bb5cf6d0012032d128d0,42,ONE_UNIT_SPAWN_UNAVAILABLE,ONE_UNIT_SPAWN_UNAVAILABLE,1,True,
train,map_002734.csv,443ba2d419e6809f0c261e84da9fe5b504d4ed49f01aed616c6934f4bb72139d,42,ONE_UNIT_SPAWN_UNAVAILABLE,ONE_UNIT_SPAWN_UNAVAILABLE,1,True,
train,map_000955.csv,44574ae4c86434dd4755b094f399c84a333229b629759a8e0f530d9eccd22303,42,ONE_UNIT_SPAWN_UNAVAILABLE,ONE_UNIT_SPAWN_UNAVAILABLE,1,True,
train,map_001081.csv,445a5b56f6e3f956331407c1af73d32ee7fac8ff13d6447ae8ef36a59a4ecead,42,ONE_UNIT_SPAWN_UNAVAILABLE,ONE_UNIT_SPAWN_UNAVAILABLE,1,True,
train,map_004629.csv,446f2c75554d081844ccecf13188f8403d89a8c7a81f74a25a3bc86441b7e6c6,42,ONE_UNIT_SPAWN_UNAVAILABLE,ONE_UNIT_SPAWN_UNAVAILABLE,1,True,
train,map_005498.csv,447a5d29d73fe758ddbf065e40b629dce56967076d41434c988bacede426176e,42,ONE_UNIT_SPAWN_UNAVAILABLE,ONE_UNIT_SPAWN_UNAVAILABLE,1,True,
train,map_004048.csv,4483c5e61892789ae0676d4005b04149e40ee34de754f3192258b2a4e41310bb,42,ONE_UNIT_SPAWN_UNAVAILABLE,ONE_UNIT_SPAWN_UNAVAILABLE,1,True,
train,map_000420.csv,44a1975b3e8b44bdad7e92d3ed17e9aedc80e9a454312bd4b122479f83992d38,42,ONE_UNIT_SPAWN_UNAVAILABLE,ONE_UNIT_SPAWN_UNAVAILABLE,1,True,
train,map_000109.csv,44a82812c322f55f68fc2871cc3917ca55d6f60f5cfb01d2211648801e439f20,42,ONE_UNIT_SPAWN_UNAVAILABLE,ONE_UNIT_SPAWN_UNAVAILABLE,1,True,
train,map_003504.csv,44f15165564cf2233b544954e23804ae5e1c5fdd9be4e636224e591424d1fe37,42,ONE_UNIT_SPAWN_UNAVAILABLE,ONE_UNIT_SPAWN_UNAVAILABLE,1,True,
train,map_004073.csv,4503f5c73f8a228e1463415070d1b3a875014a307f90b03064808196e43d4f0d,42,ONE_UNIT_SPAWN_UNAVAILABLE,ONE_UNIT_SPAWN_UNAVAILABLE,1,True,
train,map_001305.csv,451efc7e795ed9b279145c0c41e5677ff00debaf38d4e8ee5bb80a43bb994bbf,42,ONE_UNIT_SPAWN_UNAVAILABLE,ONE_UNIT_SPAWN_UNAVAILABLE,1,True,
train,map_003996.csv,4546235bd5b9147cc6c2e2abe1921b6dbdbb1dea68b471354d981907ae5f1e7f,42,ONE_UNIT_SPAWN_UNAVAILABLE,ONE_UNIT_SPAWN_UNAVAILABLE,1,True,
train,map_004170.csv,456c696e13a6436ef5aa0facfd0ae372e5849ee5feaada9bdb2105de04096f5e,42,ONE_UNIT_SPAWN_UNAVAILABLE,ONE_UNIT_SPAWN_UNAVAILABLE,1,True,
train,map_003066.csv,45a550c537d0fc7ad62f70c884ba78190dd1272c2fed3bb3cbe6c6e7c3791272,42,ONE_UNIT_SPAWN_UNAVAILABLE,ONE_UNIT_SPAWN_UNAVAILABLE,1,True,
train,map_001835.csv,45d2dfb0e6fe16b91eb0fb5ac243a4f0acbabc822df81de19cdde13751da6aff,42,ONE_UNIT_SPAWN_UNAVAILABLE,ONE_UNIT_SPAWN_UNAVAILABLE,1,True,
train,map_001623.csv,45ea2292b2dee0c2e81f0ab51557b4e38a9069447b3f48088b194916ad38a856,42,ONE_UNIT_SPAWN_UNAVAILABLE,ONE_UNIT_SPAWN_UNAVAILABLE,1,True,
train,map_000755.csv,4615f99406d69a5151d442c695a9888380975e5810a388aa7b9ba4e34539fd51,42,ONE_UNIT_SPAWN_UNAVAILABLE,ONE_UNIT_SPAWN_UNAVAILABLE,1,True,
train,map_000223.csv,462a2908ea21c2a263063fd99778d092edb312a02494b0295de0682e9688b747,42,ONE_UNIT_SPAWN_UNAVAILABLE,ONE_UNIT_SPAWN_UNAVAILABLE,1,True,
train,map_005397.csv,46508c3d14975c4d4ed904381442c8a6d1f691941b3f4805c33346da8f030faf,42,ONE_UNIT_SPAWN_UNAVAILABLE,ONE_UNIT_SPAWN_UNAVAILABLE,1,True,
train,map_001606.csv,466495deeffe0cde78992013336d73c3045974c61caf5b0c83f47d1f732e386d,42,ONE_UNIT_SPAWN_UNAVAILABLE,ONE_UNIT_SPAWN_UNAVAILABLE,1,True,
train,map_004536.csv,46a7ccecca56f4de73cbce97f49cee7bc906018662dfda725af4fbbcdefe52c8,42,ONE_UNIT_SPAWN_UNAVAILABLE,ONE_UNIT_SPAWN_UNAVAILABLE,1,True,
train,map_003443.csv,46af1422b4cae10fed3def09ec99edec44bf6e9850c124a4a49c204a99ff2a2d,42,ONE_UNIT_SPAWN_UNAVAILABLE,ONE_UNIT_SPAWN_UNAVAILABLE,1,True,
train,map_004916.csv,46c655586279dc54a0b320bca6a846ab8b32e15ac7ee36d8c177c08e17087bd0,42,ONE_UNIT_SPAWN_UNAVAILABLE,ONE_UNIT_SPAWN_UNAVAILABLE,1,True,
train,map_000582.csv,46ca1e499f71c8fee065cec36eefb0fbe53a70b674217d7e9e8ee1ce5e36781a,42,ONE_UNIT_SPAWN_UNAVAILABLE,ONE_UNIT_SPAWN_UNAVAILABLE,1,True,
train,map_003592.csv,46da26ab92140f7d2cdb777e74680e8346b8b19c6d2780c9613635621a6c073e,42,ONE_UNIT_SPAWN_UNAVAILABLE,ONE_UNIT_SPAWN_UNAVAILABLE,1,True,
train,map_000099.csv,46db28d5482eeacc0a0dc66bb592a339c6f4aa62dc0d3338144cfb1e9fde490a,42,ONE_UNIT_SPAWN_UNAVAILABLE,ONE_UNIT_SPAWN_UNAVAILABLE,1,True,
train,map_001285.csv,46dd5553deeec5c2703225f496c1e4eb5d62317b047ef85cbdd6a0bda76d3daa,42,ONE_UNIT_SPAWN_UNAVAILABLE,ONE_UNIT_SPAWN_UNAVAILABLE,1,True,
train,map_004760.csv,472478f714bb70a97996b3fc9995f457678140a193542e316c93843a4f727740,42,ONE_UNIT_SPAWN_UNAVAILABLE,ONE_UNIT_SPAWN_UNAVAILABLE,1,True,
train,map_004181.csv,4752cf9b87da88a375c981b22205bbdc0db4852ffb4ac61d6348ddc174192e2e,42,ONE_UNIT_SPAWN_UNAVAILABLE,ONE_UNIT_SPAWN_UNAVAILABLE,1,True,
train,map_002909.csv,475a40d808c45e8489f502c0369e1b0432da7d2c61251c2a477a9e9fd039a536,42,ONE_UNIT_SPAWN_UNAVAILABLE,ONE_UNIT_SPAWN_UNAVAILABLE,1,True,
train,map_005191.csv,475b3867d33f0d83a9c695f2e8bfe5563382b3cdd08a35d1a9ec641305a4b16e,42,ONE_UNIT_SPAWN_UNAVAILABLE,ONE_UNIT_SPAWN_UNAVAILABLE,1,True,
train,map_004510.csv,477f48707405d7037ea54ed062023584dbb2033e0ebd0c6156103f74374494e9,42,ONE_UNIT_SPAWN_UNAVAILABLE,ONE_UNIT_SPAWN_UNAVAILABLE,1,True,
train,map_003259.csv,47cbc1b65097eb80f1c659fa47f0acd54217a58edb7dfd4b0e4a5e4acfc1adc8,42,ONE_UNIT_SPAWN_UNAVAILABLE,ONE_UNIT_SPAWN_UNAVAILABLE,1,True,
train,map_004878.csv,47d28c5a580d3795b7968ba9e207e4cc443709192600b911aa9f51f9c1b52f23,42,ONE_UNIT_SPAWN_UNAVAILABLE,ONE_UNIT_SPAWN_UNAVAILABLE,1,True,
train,map_005381.csv,47e7d10f85091d8ad000a90942e8f7f9d6957fd8eed3a44aaf2d3d5ad4344f98,42,ONE_UNIT_SPAWN_UNAVAILABLE,ONE_UNIT_SPAWN_UNAVAILABLE,1,True,
train,map_002442.csv,4886d3122d007b5702c8120e14ece9be6887bb83c1938dfd865281d545433283,42,ONE_UNIT_SPAWN_UNAVAILABLE,ONE_UNIT_SPAWN_UNAVAILABLE,1,True,
train,map_002744.csv,48aa67b5414a4cdb6ca99fb91cf5b496c3eaa876bb85e61f8dbf4ef7be6e271e,42,ONE_UNIT_SPAWN_UNAVAILABLE,ONE_UNIT_SPAWN_UNAVAILABLE,1,True,
train,map_003003.csv,48bc1a33ff7a697c41bda59305e1351b8a9cca700835faa0cffcbf705f60b450,42,ONE_UNIT_SPAWN_UNAVAILABLE,ONE_UNIT_SPAWN_UNAVAILABLE,1,True,
train,map_004187.csv,48c572fc0bed7e61d12c5b63faa65e9b317a33caae85ad3bb4b6236c77c16f43,42,ONE_UNIT_SPAWN_UNAVAILABLE,ONE_UNIT_SPAWN_UNAVAILABLE,1,True,
train,map_004583.csv,48e9dc072faf773263e74657ec85b902be331539589ae2a5ee6dd4e228fd1af1,42,ONE_UNIT_SPAWN_UNAVAILABLE,ONE_UNIT_SPAWN_UNAVAILABLE,1,True,
train,map_000462.csv,48f5a17dac574d11a880b67d7d101bc342e7fd83548ebf13bce29646f92b07d5,42,ONE_UNIT_SPAWN_UNAVAILABLE,ONE_UNIT_SPAWN_UNAVAILABLE,1,True,
train,map_000734.csv,49329ee3e9cb11ea7a1489fb82c308f45769ab0041d53ebf054021c44635d1d1,42,ONE_UNIT_SPAWN_UNAVAILABLE,ONE_UNIT_SPAWN_UNAVAILABLE,1,True,
train,map_005414.csv,4933f38d2b79f73a40c200c6a3959d9cd1789cd5fd30328bbbb87ead2d27fad2,42,ONE_UNIT_SPAWN_UNAVAILABLE,ONE_UNIT_SPAWN_UNAVAILABLE,1,True,
train,map_001914.csv,493f3a0f78d39c898e07c41548ec2197b7a9f1977a3f99d0dbad6a15138f6711,42,ONE_UNIT_SPAWN_UNAVAILABLE,ONE_UNIT_SPAWN_UNAVAILABLE,1,True,
train,map_003322.csv,4940cda13e079447fa602ebee7791727df0897bfea68fc3ff55aa70e8c01fc36,42,ONE_UNIT_SPAWN_UNAVAILABLE,ONE_UNIT_SPAWN_UNAVAILABLE,1,True,
train,map_000702.csv,4976553dc137256836935017e2ab98e80e3fae5bd835a6f8f4a8463442ca3482,42,ONE_UNIT_SPAWN_UNAVAILABLE,ONE_UNIT_SPAWN_UNAVAILABLE,1,True,
train,map_001696.csv,499e3b21cb80d815ed12861d05bbcf3668a0accd3107ed4b2c46f0fcd3c99a5c,42,ONE_UNIT_SPAWN_UNAVAILABLE,ONE_UNIT_SPAWN_UNAVAILABLE,1,True,
train,map_003580.csv,49aca423b4e459a889a0ffb3771b74421e5c92dcef0b1609ef427f2fa5a549bb,42,ONE_UNIT_SPAWN_UNAVAILABLE,ONE_UNIT_SPAWN_UNAVAILABLE,1,True,
train,map_000026.csv,49b45e6121b40032af5a59289e966ca200209ca9971a9d85dd1fa3a759b8a0f6,42,ONE_UNIT_SPAWN_UNAVAILABLE,ONE_UNIT_SPAWN_UNAVAILABLE,1,True,
train,map_005145.csv,49b9c4373b229fbd5a11862e9b904ab21677c3f9bd47958f9f94a5d63fbecf1a,42,ONE_UNIT_SPAWN_UNAVAILABLE,ONE_UNIT_SPAWN_UNAVAILABLE,1,True,
train,map_003495.csv,4a02c2b7d1927777d2f2ef899462968c061d3882ffbde60401ca71f56c7021e6,42,ONE_UNIT_SPAWN_UNAVAILABLE,ONE_UNIT_SPAWN_UNAVAILABLE,1,True,
train,map_003273.csv,4a6ee3bf55cfe0a49b69bb4cbd0ca2a23701ad2244e0c05a7c0f1c7e51acc0a3,42,ONE_UNIT_SPAWN_UNAVAILABLE,ONE_UNIT_SPAWN_UNAVAILABLE,1,True,
train,map_000658.csv,4a72db8783a2bdeb5aafc0e2be7aa2e1d4c2fcf3c638df22e8e8d4572e25cc68,42,ONE_UNIT_SPAWN_UNAVAILABLE,ONE_UNIT_SPAWN_UNAVAILABLE,1,True,
train,map_000020.csv,4ad1a94a233dcd85e0b44b195dd89ce64bf668e35d55cf77150475d12846d0d6,42,ONE_UNIT_SPAWN_UNAVAILABLE,ONE_UNIT_SPAWN_UNAVAILABLE,1,True,
train,map_005358.csv,4b067e4aa4e9e0c30e6586fea60e936401e6d7b52a7cd7eab25d27d5113af493,42,ONE_UNIT_SPAWN_UNAVAILABLE,ONE_UNIT_SPAWN_UNAVAILABLE,1,True,
train,map_000473.csv,4b0bb9080c2b9c116fa43f17113761669079f0de240cfe39c8cf8edf54470a0f,42,ONE_UNIT_SPAWN_UNAVAILABLE,ONE_UNIT_SPAWN_UNAVAILABLE,1,True,
train,map_000135.csv,4b34c3976a362ebe8743ffca954edef40b0c6b913504ac992ee669fdd72652bd,42,ONE_UNIT_SPAWN_UNAVAILABLE,ONE_UNIT_SPAWN_UNAVAILABLE,1,True,
train,map_000985.csv,4b426421a6520e0e7d8441555201bb5704ae0bb6c6687a4374541756de4a4eec,42,ONE_UNIT_SPAWN_UNAVAILABLE,ONE_UNIT_SPAWN_UNAVAILABLE,1,True,
train,map_002358.csv,4b575c3113ca3b7e3708181566f6fc34ba71080a8b2912999c0046a02d26ca3f,42,ONE_UNIT_SPAWN_UNAVAILABLE,ONE_UNIT_SPAWN_UNAVAILABLE,1,True,
train,map_001915.csv,4bb52bea6c677f5ee7982c3ae5370a6b2603d7790297c89b87dc03a23288aee8,42,ONE_UNIT_SPAWN_UNAVAILABLE,ONE_UNIT_SPAWN_UNAVAILABLE,1,True,
train,map_005503.csv,4be344ad6ddd598d87d20e04fdb2b8f9cc570491c386f79acbdf6738597027f5,42,ONE_UNIT_SPAWN_UNAVAILABLE,ONE_UNIT_SPAWN_UNAVAILABLE,1,True,
train,map_003692.csv,4c200826a835199cedb7a0fb11566660ee219e0e91af5ea3abc47e74abf06a13,42,ONE_UNIT_SPAWN_UNAVAILABLE,ONE_UNIT_SPAWN_UNAVAILABLE,1,True,
train,map_004923.csv,4c284b0e061b639e4a2c1f1c9034bdc2f6aa16b0893bef6f423d27ddafe4ef6d,42,ONE_UNIT_SPAWN_UNAVAILABLE,ONE_UNIT_SPAWN_UNAVAILABLE,1,True,
train,map_005194.csv,4c6fd7732a91c8d44ffefdf9614f10edcde9e557952e766dbc40fb70e012cd2d,42,ONE_UNIT_SPAWN_UNAVAILABLE,ONE_UNIT_SPAWN_UNAVAILABLE,1,True,
train,map_003810.csv,4c8e57bd654a9200f30713a6d10f9e831d72e537d93adae0bd374070c1cfdf58,42,ONE_UNIT_SPAWN_UNAVAILABLE,ONE_UNIT_SPAWN_UNAVAILABLE,1,True,
train,map_003112.csv,4ca1daa764d581943147a9ba960bfc1c59fc50295e1421c9d915765fe5958bef,42,ONE_UNIT_SPAWN_UNAVAILABLE,ONE_UNIT_SPAWN_UNAVAILABLE,1,True,
train,map_003703.csv,4cae2e47b73827c918af1a93b23d6d482ad6cf0232c101af8f468390ef3e50e1,42,ONE_UNIT_SPAWN_UNAVAILABLE,ONE_UNIT_SPAWN_UNAVAILABLE,1,True,
train,map_001773.csv,4cbadaa3a8132d98f1d8da39930285064c4a0230702e0192b44a0a5207ade8b9,42,ONE_UNIT_SPAWN_UNAVAILABLE,ONE_UNIT_SPAWN_UNAVAILABLE,1,True,
train,map_001181.csv,4ceee9b3e2db56fa9f7e87aedaf1dcdb4e9716bd387384257c185d156df28868,42,ONE_UNIT_SPAWN_UNAVAILABLE,ONE_UNIT_SPAWN_UNAVAILABLE,1,True,
train,map_002268.csv,4cfe0b47b1695fb83705a32a74deb16f1d741e06f83b7667b877eb86f8fadd83,42,ONE_UNIT_SPAWN_UNAVAILABLE,ONE_UNIT_SPAWN_UNAVAILABLE,1,True,
train,map_001260.csv,4d0659e05999bf1ecfa05f83bf2c08e7d22dea329d06bfe21ea533bc33b60690,42,ONE_UNIT_SPAWN_UNAVAILABLE,ONE_UNIT_SPAWN_UNAVAILABLE,1,True,
train,map_002602.csv,4d2ef7bf9f41ab6d243037acd6d2898c9afa9fba277f23c16f39bb24585fec28,42,ONE_UNIT_SPAWN_UNAVAILABLE,ONE_UNIT_SPAWN_UNAVAILABLE,1,True,
train,map_000679.csv,4d4c838597500af04e2ffb427a06033bae709ab501fa3c5abf89b2dcc25baa3a,42,ONE_UNIT_SPAWN_UNAVAILABLE,ONE_UNIT_SPAWN_UNAVAILABLE,1,True,
train,map_000492.csv,4d63212e431903c2dfa5a9f469ad0835469f913cc78f86cbabf31dbb2852d219,42,ONE_UNIT_SPAWN_UNAVAILABLE,ONE_UNIT_SPAWN_UNAVAILABLE,1,True,
train,map_003100.csv,4d716738aa35fead0343daf2de79fcf4c24bf140a82b24cb6ba8b383a5f12f02,42,ONE_UNIT_SPAWN_UNAVAILABLE,ONE_UNIT_SPAWN_UNAVAILABLE,1,True,
train,map_004261.csv,4d8f1d581a4679ef60b808b7d55ef655784d47f2aa4b72bf83e4d6d9fc8feddf,42,ONE_UNIT_SPAWN_UNAVAILABLE,ONE_UNIT_SPAWN_UNAVAILABLE,1,True,
train,map_004751.csv,4d9157390e860b308cde842142e5b093d100f3178ac41498f1e4e71b43cff675,42,ONE_UNIT_SPAWN_UNAVAILABLE,ONE_UNIT_SPAWN_UNAVAILABLE,1,True,
train,map_002964.csv,4d9c189c9f8b79ffc179ebbba2ddac28bbd1aea3b9626ab1e81368a33cdffc01,42,ONE_UNIT_SPAWN_UNAVAILABLE,ONE_UNIT_SPAWN_UNAVAILABLE,1,True,
train,map_005267.csv,4dc75d726c1af72c6934e9f0a07fc56f0e953b06f7842626d1621bcc33e804a0,42,ONE_UNIT_SPAWN_UNAVAILABLE,ONE_UNIT_SPAWN_UNAVAILABLE,1,True,
train,map_003898.csv,4dd705b679b5bb7d5158b9f06bfa94b5c09d63a96258f190764fd7b002d12285,42,ONE_UNIT_SPAWN_UNAVAILABLE,ONE_UNIT_SPAWN_UNAVAILABLE,1,True,
train,map_000360.csv,4df76468e6c73ba4ec5833d8d3a235b738e8dfbbee97d534fff96415516b8d34,42,ONE_UNIT_SPAWN_UNAVAILABLE,ONE_UNIT_SPAWN_UNAVAILABLE,1,True,
train,map_003148.csv,4e2d33a66869ccb06b038517731c1903e696dff033a75ddd33b16d3fea920bc8,42,ONE_UNIT_SPAWN_UNAVAILABLE,ONE_UNIT_SPAWN_UNAVAILABLE,1,True,
train,map_005336.csv,4e3ea2d1ecc6f6110071c38df288b46109619460717cbb2a878b0974222fe20a,42,ONE_UNIT_SPAWN_UNAVAILABLE,ONE_UNIT_SPAWN_UNAVAILABLE,1,True,
train,map_001849.csv,4e4f3dcecc1664f05c927facc2e65099628514839d88ad62ff3f372d017ec208,42,ONE_UNIT_SPAWN_UNAVAILABLE,ONE_UNIT_SPAWN_UNAVAILABLE,1,True,
train,map_001891.csv,4e5edc28d30bac735627ac15afba830e19aa4147ed64a3f4a5b6655a1df437ff,42,ONE_UNIT_SPAWN_UNAVAILABLE,ONE_UNIT_SPAWN_UNAVAILABLE,1,True,
train,map_004820.csv,4e8227ae9ceee525c70be6e2519696551230d5f31db3367dde31c9bb8c7663de,42,ONE_UNIT_SPAWN_UNAVAILABLE,ONE_UNIT_SPAWN_UNAVAILABLE,1,True,
train,map_000739.csv,4e8c118ec627f1a08bc0c8d6a2630d86d65a80ebb08568606facdfe0c1c24463,42,ONE_UNIT_SPAWN_UNAVAILABLE,ONE_UNIT_SPAWN_UNAVAILABLE,1,True,
train,map_004947.csv,4e9bbac50144a21fa1365d4a7a54df3da3c631189d6e2917eb14490b4e74772d,42,ONE_UNIT_SPAWN_UNAVAILABLE,ONE_UNIT_SPAWN_UNAVAILABLE,1,True,
train,map_000585.csv,4e9d4b8c4c51d3f12af3cdd2ca92679ad413705c73fec3d4f7625c7187a970bf,42,ONE_UNIT_SPAWN_UNAVAILABLE,ONE_UNIT_SPAWN_UNAVAILABLE,1,True,
train,map_002952.csv,4eb90bf0e826799edebcb0fecc4be21a8f7021abf01819f645d387b2100bf10e,42,ONE_UNIT_SPAWN_UNAVAILABLE,ONE_UNIT_SPAWN_UNAVAILABLE,1,True,
train,map_002307.csv,4ec29af031304c2727983a803d5e7f18ed3f9e3189d64f466d9c8cc6b9c94f03,42,ONE_UNIT_SPAWN_UNAVAILABLE,ONE_UNIT_SPAWN_UNAVAILABLE,1,True,
train,map_002984.csv,4ed0c3e8dc1cd85057be489bc753d271cffdeb4ec7a8ccc4ea0a1e62a344eb55,42,ONE_UNIT_SPAWN_UNAVAILABLE,ONE_UNIT_SPAWN_UNAVAILABLE,1,True,
train,map_000893.csv,4efd944842a67323f1044a5ddaae1226ffd45bcdc9f69e065cfb5cd407d47950,42,ONE_UNIT_SPAWN_UNAVAILABLE,ONE_UNIT_SPAWN_UNAVAILABLE,1,True,
train,map_004918.csv,4f13b616bde6ec92269c390591f7b13a9793d7be804d09e66cea55c85aa68781,42,ONE_UNIT_SPAWN_UNAVAILABLE,ONE_UNIT_SPAWN_UNAVAILABLE,1,True,
train,map_001712.csv,4f2f6e1ccc5eec7b7655f1807fea2b092d99ba8e17f7148bad747550e1da7399,42,ONE_UNIT_SPAWN_UNAVAILABLE,ONE_UNIT_SPAWN_UNAVAILABLE,1,True,
train,map_003406.csv,4f79db9b68066e925b8529aae2bfbdf3f5563f28145b965e1c9bb98f7d8f6a66,42,ONE_UNIT_SPAWN_UNAVAILABLE,ONE_UNIT_SPAWN_UNAVAILABLE,1,True,
train,map_002913.csv,4f926f0bea6d3b3af9718dfdd411690b5bb812d8dd4b49fff75acb64f8a841cc,42,ONE_UNIT_SPAWN_UNAVAILABLE,ONE_UNIT_SPAWN_UNAVAILABLE,1,True,
train,map_002517.csv,4f9fb37917bf92df663e54a6222daa9d0c8a427594e56a3e1e87cc34e807f164,42,ONE_UNIT_SPAWN_UNAVAILABLE,ONE_UNIT_SPAWN_UNAVAILABLE,1,True,
train,map_001596.csv,4fbfb379abb9f8ae9c506c109b1187085d621a0d7c1bfe21c6149f3ae64e1158,42,ONE_UNIT_SPAWN_UNAVAILABLE,ONE_UNIT_SPAWN_UNAVAILABLE,1,True,
train,map_001656.csv,4ff051a567eed7e00f3ab93b8e11a27210056e22f48b92a1918dd78cee3ee331,42,ONE_UNIT_SPAWN_UNAVAILABLE,ONE_UNIT_SPAWN_UNAVAILABLE,1,True,
train,map_003345.csv,502aaee1b5c6512b8952f993a950b8c6ee9c41f30a3198552d6eb68a0c2c7b82,42,ONE_UNIT_SPAWN_UNAVAILABLE,ONE_UNIT_SPAWN_UNAVAILABLE,1,True,
train,map_004458.csv,5054a871da3ae5074f09c931d513b6538096201b6925d0cfeb224467d91af5ce,42,ONE_UNIT_SPAWN_UNAVAILABLE,ONE_UNIT_SPAWN_UNAVAILABLE,1,True,
train,map_002316.csv,505a0f22d0117e7ef9d5c001ba5f135055d605e4387c137f93d32a20ca0b906c,42,ONE_UNIT_SPAWN_UNAVAILABLE,ONE_UNIT_SPAWN_UNAVAILABLE,1,True,
train,map_000660.csv,5090cb3f8b10c9a91b0e98e9ac8000c77915593396ba2baf56ddae827631f255,42,ONE_UNIT_SPAWN_UNAVAILABLE,ONE_UNIT_SPAWN_UNAVAILABLE,1,True,
train,map_005098.csv,50d3f23cab25caeebe44ea4058fe6717feb3ce251cc3aed8b1300433bee2513d,42,ONE_UNIT_SPAWN_UNAVAILABLE,ONE_UNIT_SPAWN_UNAVAILABLE,1,True,
train,map_003599.csv,510b363c8356a401f5fc3d5fb21c98c96e809f38ba2ffb61d3e31c5b937cbeaf,42,ONE_UNIT_SPAWN_UNAVAILABLE,ONE_UNIT_SPAWN_UNAVAILABLE,1,True,
train,map_005125.csv,51271bf8cd0fde279a645b82b22d247a8fe94c6ca9be1a7591a44ca35fec0599,42,ONE_UNIT_SPAWN_UNAVAILABLE,ONE_UNIT_SPAWN_UNAVAILABLE,1,True,
train,map_001226.csv,5129ccfaa6f7beb608dc432b888bb852a811a4f3428a5c49adcf359f48cfb28f,42,ONE_UNIT_SPAWN_UNAVAILABLE,ONE_UNIT_SPAWN_UNAVAILABLE,1,True,
train,map_000025.csv,51514a278ef1170ab891e762c8686ab8b8e963816ce25e6d8e612c12a166d72d,42,ONE_UNIT_SPAWN_UNAVAILABLE,ONE_UNIT_SPAWN_UNAVAILABLE,1,True,
train,map_002115.csv,516ad50cbca08c231da1b5640b80c6f12075e33a9f06c24a420b8cea3df07430,42,ONE_UNIT_SPAWN_UNAVAILABLE,ONE_UNIT_SPAWN_UNAVAILABLE,1,True,
train,map_001884.csv,5173562a493e367bce039a4fbd0f17f6645e4b456d9f4ec411c2a7ec671885ad,42,ONE_UNIT_SPAWN_UNAVAILABLE,ONE_UNIT_SPAWN_UNAVAILABLE,1,True,
train,map_003804.csv,5192d53156b1e0c97e16cc497c4ba8e2b09018a73249f5c78320931c39236212,42,ONE_UNIT_SPAWN_UNAVAILABLE,ONE_UNIT_SPAWN_UNAVAILABLE,1,True,
train,map_003086.csv,51953c4aecfaf8d176a6d15e5690b9f0a588b6578492b61db71f3330295295dc,42,ONE_UNIT_SPAWN_UNAVAILABLE,ONE_UNIT_SPAWN_UNAVAILABLE,1,True,
train,map_002047.csv,51974f2310a85c0d3c563ef591f817a56d0f0f72a5808c47b01679baafe05230,42,ONE_UNIT_SPAWN_UNAVAILABLE,ONE_UNIT_SPAWN_UNAVAILABLE,1,True,
train,map_003836.csv,51ac4b2b0fc3ba422533b172b0652b601fb67c11b4255aa1e7722939946a34ef,42,ONE_UNIT_SPAWN_UNAVAILABLE,ONE_UNIT_SPAWN_UNAVAILABLE,1,True,
train,map_004277.csv,51e1475480012ef190f133a814840a16997273a91d9d768f24d6138e31287060,42,ONE_UNIT_SPAWN_UNAVAILABLE,ONE_UNIT_SPAWN_UNAVAILABLE,1,True,
train,map_000112.csv,5201090029c1f39488cefc8e206461f466703a93ffd0871f9f28916f8c19f41d,42,ONE_UNIT_SPAWN_UNAVAILABLE,ONE_UNIT_SPAWN_UNAVAILABLE,1,True,
train,map_001388.csv,520d37b173fef540baef68d3353b67d2c8965fece1ac888ba67308e472bec885,42,ONE_UNIT_SPAWN_UNAVAILABLE,ONE_UNIT_SPAWN_UNAVAILABLE,1,True,
train,map_000452.csv,52241e13cca4d8275231f1aa3e92207c99364980d0f3725d87a4346668479192,42,ONE_UNIT_SPAWN_UNAVAILABLE,ONE_UNIT_SPAWN_UNAVAILABLE,1,True,
train,map_001054.csv,522fda044fb81ed2daa136871630da0a2616c3777e1f9a789a15ef1224ddeacd,42,ONE_UNIT_SPAWN_UNAVAILABLE,ONE_UNIT_SPAWN_UNAVAILABLE,1,True,
train,map_003243.csv,5236e538d01e2d07c2e3a4b8ef7ecc3dc7e1849cd62bd848928be09d79e61ecf,42,ONE_UNIT_SPAWN_UNAVAILABLE,ONE_UNIT_SPAWN_UNAVAILABLE,1,True,
train,map_003084.csv,526e249d939f2fb5c833103eeae691adad416b5cdd4275d6323ec7102968d2da,42,ONE_UNIT_SPAWN_UNAVAILABLE,ONE_UNIT_SPAWN_UNAVAILABLE,1,True,
train,map_003848.csv,527a1605e70fcb33b546e7f8f91af63693ef67b56e8f610ae22079e47d5795b5,42,ONE_UNIT_SPAWN_UNAVAILABLE,ONE_UNIT_SPAWN_UNAVAILABLE,1,True,
train,map_001077.csv,5282221555047e166a574820afc7c16a9f8b98d57b3c16b9406dfb9dfc659679,42,ONE_UNIT_SPAWN_UNAVAILABLE,ONE_UNIT_SPAWN_UNAVAILABLE,1,True,
train,map_000017.csv,528bed3c7a1f1f633c9bb9f2d96524f74f2e171658a6b1fbacdb415dede4d036,42,ONE_UNIT_SPAWN_UNAVAILABLE,ONE_UNIT_SPAWN_UNAVAILABLE,1,True,
train,map_001672.csv,528ca66aa42dc20cc8271df7295f287910b3ca7b2d7482fba43df8742290776a,42,ONE_UNIT_SPAWN_UNAVAILABLE,ONE_UNIT_SPAWN_UNAVAILABLE,1,True,
train,map_003548.csv,52eac54c9a9b6ecc9907a4022f903013f5b619a1c76bff3d03a2e54bebfc39f3,42,ONE_UNIT_SPAWN_UNAVAILABLE,ONE_UNIT_SPAWN_UNAVAILABLE,1,True,
train,map_001057.csv,530dbb22644aff444ed618bb8123a825eb4fd356f31e2147123f963de2d500cd,42,ONE_UNIT_SPAWN_UNAVAILABLE,ONE_UNIT_SPAWN_UNAVAILABLE,1,True,
train,map_004868.csv,530f6d2cf2a21e92ef0e6b574563cea2096f877dd8f95b0828eff39ca66e3f2c,42,ONE_UNIT_SPAWN_UNAVAILABLE,ONE_UNIT_SPAWN_UNAVAILABLE,1,True,
train,map_000695.csv,5314b2250c4c0fc40b03021dd1cbaa0e744166b8933adc76c37bd9e895913b1a,42,ONE_UNIT_SPAWN_UNAVAILABLE,ONE_UNIT_SPAWN_UNAVAILABLE,1,True,
train,map_004080.csv,531cc128f414cdf5166224f7a67153db487b425af29dbb1c9966d34acde186ad,42,ONE_UNIT_SPAWN_UNAVAILABLE,ONE_UNIT_SPAWN_UNAVAILABLE,1,True,
train,map_005231.csv,533f57e9f87882b3015ccc77aa0629b295feeb045f3605d8c90e9bfb5dfc695f,42,ONE_UNIT_SPAWN_UNAVAILABLE,ONE_UNIT_SPAWN_UNAVAILABLE,1,True,
train,map_004793.csv,53515027a62b8bbe7e60776aa72de4df89102cbc3358cd7897f650dacbd341ac,42,ONE_UNIT_SPAWN_UNAVAILABLE,ONE_UNIT_SPAWN_UNAVAILABLE,1,True,
train,map_001558.csv,5383ad80bb89584385c979440c00dfcc4a91972ea3c5725f6cb9f952ef58fa43,42,ONE_UNIT_SPAWN_UNAVAILABLE,ONE_UNIT_SPAWN_UNAVAILABLE,1,True,
train,map_000890.csv,5387e50760212e28c8a9484175e3867effa7b7ee847cfe032ba5dbe9a5455dd5,42,ONE_UNIT_SPAWN_UNAVAILABLE,ONE_UNIT_SPAWN_UNAVAILABLE,1,True,
train,map_001004.csv,53b06f7eef7e78ce2d56c6b0dd966928b3048e1f6d05f50b04dc5a1ae3d1e038,42,ONE_UNIT_SPAWN_UNAVAILABLE,ONE_UNIT_SPAWN_UNAVAILABLE,1,True,
train,map_001689.csv,53d55d588e9bd0fefca95263a4244c0e1d5266e756ff180a1e9f5ed70c155365,42,ONE_UNIT_SPAWN_UNAVAILABLE,ONE_UNIT_SPAWN_UNAVAILABLE,1,True,
train,map_003213.csv,5409d34b7a7e64c688bbcdc873beb944d1f14e9c265149f88074f9702f317cab,42,ONE_UNIT_SPAWN_UNAVAILABLE,ONE_UNIT_SPAWN_UNAVAILABLE,1,True,
train,map_002939.csv,5475fd78931693a39b783aa881b56b125ec028d3bf0cb18c0657ec44698b44a6,42,ONE_UNIT_SPAWN_UNAVAILABLE,ONE_UNIT_SPAWN_UNAVAILABLE,1,True,
train,map_002333.csv,548e90b622e66bbc097e801249ddd11bf0b6c83a1aced8548e08053b0a0d4c66,42,ONE_UNIT_SPAWN_UNAVAILABLE,ONE_UNIT_SPAWN_UNAVAILABLE,1,True,
train,map_005399.csv,54d0769e587068a7c766def8e94d9fcab54f1edd857e95c6e8ed291688a67b0b,42,ONE_UNIT_SPAWN_UNAVAILABLE,ONE_UNIT_SPAWN_UNAVAILABLE,1,True,
train,map_001684.csv,55072f784d28d56360f2339911e138c7fefa76937ef868110e8cb053ac463f57,42,ONE_UNIT_SPAWN_UNAVAILABLE,ONE_UNIT_SPAWN_UNAVAILABLE,1,True,
train,map_002173.csv,551989a2011eac22e3f4205b3a7bfe6bc1883cb3f3a7ef295046cde0df8d29a4,42,ONE_UNIT_SPAWN_UNAVAILABLE,ONE_UNIT_SPAWN_UNAVAILABLE,1,True,
train,map_002083.csv,55384b900701479f7abea67500e6a10d7f44f5480a81eb440a9e69f2bdf423c2,42,ONE_UNIT_SPAWN_UNAVAILABLE,ONE_UNIT_SPAWN_UNAVAILABLE,1,True,
train,map_000737.csv,554b451f3f1f1c26e78e393492496dbf5bfb634a1adb76b8ba4f938e6e585b49,42,ONE_UNIT_SPAWN_UNAVAILABLE,ONE_UNIT_SPAWN_UNAVAILABLE,1,True,
train,map_002617.csv,5550e9f4625c042ad3648c8c2cd05249d2ff577822ff481f9ea6dfe036183158,42,ONE_UNIT_SPAWN_UNAVAILABLE,ONE_UNIT_SPAWN_UNAVAILABLE,1,True,
train,map_003490.csv,55550891c4ca43ca165f67a8820e08f30369f889c32b7974ee76ef8628944a91,42,ONE_UNIT_SPAWN_UNAVAILABLE,ONE_UNIT_SPAWN_UNAVAILABLE,1,True,
train,map_003672.csv,557e489ede3bb8aba67b573373f9f836c8127983d392451225e99ff67ecb6a5b,42,ONE_UNIT_SPAWN_UNAVAILABLE,ONE_UNIT_SPAWN_UNAVAILABLE,1,True,
train,map_002637.csv,55a77dea22ae43acc175ffe2eb0d59a04224ba3a5817f1615974981035f10139,42,ONE_UNIT_SPAWN_UNAVAILABLE,ONE_UNIT_SPAWN_UNAVAILABLE,1,True,
train,map_002474.csv,55a9317696d99305cc1094da1881f745ad7aa28b04b8faecc80fb48abb0e9186,42,ONE_UNIT_SPAWN_UNAVAILABLE,ONE_UNIT_SPAWN_UNAVAILABLE,1,True,
train,map_004816.csv,55a99698f0cbd53aa1356fdd63f97024033812f20d6cdbc4d57f00dee80854a3,42,ONE_UNIT_SPAWN_UNAVAILABLE,ONE_UNIT_SPAWN_UNAVAILABLE,1,True,
train,map_000061.csv,55cb058219f283a853525a5fdcbdc262665fa6653342f1fa72f30bd73a4e64cb,42,ONE_UNIT_SPAWN_UNAVAILABLE,ONE_UNIT_SPAWN_UNAVAILABLE,1,True,
train,map_000348.csv,55f4107c76726fced228650f9d88f6b6aefafb3b3fcbd7481b8665e84da5cc0f,42,ONE_UNIT_SPAWN_UNAVAILABLE,ONE_UNIT_SPAWN_UNAVAILABLE,1,True,
train,map_001823.csv,5619ea89c6a74f82667e7832c4c70fce066bb38ea6245f8ed02e995dac04ef8b,42,ONE_UNIT_SPAWN_UNAVAILABLE,ONE_UNIT_SPAWN_UNAVAILABLE,1,True,
train,map_002334.csv,5625054656fb002ddf729471e432de92a789c72bb0f48d889cef3616a0134bf1,42,ONE_UNIT_SPAWN_UNAVAILABLE,ONE_UNIT_SPAWN_UNAVAILABLE,1,True,
train,map_002610.csv,56377ba8cd0f42fc85da821e120fea6e327333b8d43f0a0a599270e70b8c1000,42,ONE_UNIT_SPAWN_UNAVAILABLE,ONE_UNIT_SPAWN_UNAVAILABLE,1,True,
train,map_003145.csv,5642c89c9fc70639e7cc36c4dbf30252b081fbbe6b9eeb4bebf6ac7a4da18a25,42,ONE_UNIT_SPAWN_UNAVAILABLE,ONE_UNIT_SPAWN_UNAVAILABLE,1,True,
train,map_001569.csv,5671fe61897d2f648d354d1618c7afe633d52cbb1fea48d47ee11a1f95a14a63,42,ONE_UNIT_SPAWN_UNAVAILABLE,ONE_UNIT_SPAWN_UNAVAILABLE,1,True,
train,map_001058.csv,5679cfc094ef5433830acb61b0bc106f68170b1c3980e3fd0c7a12da9d701aba,42,ONE_UNIT_SPAWN_UNAVAILABLE,ONE_UNIT_SPAWN_UNAVAILABLE,1,True,
train,map_000155.csv,568381a1e8456b5a4eae2235b439c14a5f87815cb94a9c4f8671eb35ba94c8b9,42,ONE_UNIT_SPAWN_UNAVAILABLE,ONE_UNIT_SPAWN_UNAVAILABLE,1,True,
train,map_003950.csv,568f40b34e67d85ad168ee0120e6931d14f50e3ff7bff4b34864b659b528f9f5,42,ONE_UNIT_SPAWN_UNAVAILABLE,ONE_UNIT_SPAWN_UNAVAILABLE,1,True,
train,map_002925.csv,56a27715fb9ea3f94434a88953f976778f82108ffc8d8ae015d2a9947b47c48c,42,ONE_UNIT_SPAWN_UNAVAILABLE,ONE_UNIT_SPAWN_UNAVAILABLE,1,True,
train,map_001131.csv,56b42ca6a2bcef259419a0fab37b349afb67d1ede53c2cde632aa285e7bbd9b6,42,ONE_UNIT_SPAWN_UNAVAILABLE,ONE_UNIT_SPAWN_UNAVAILABLE,1,True,
train,map_000178.csv,56c0f7b86fd32fc22b4d006cc6d0b2a7f85ef8c90e04e9677c14566807923f0a,42,ONE_UNIT_SPAWN_UNAVAILABLE,ONE_UNIT_SPAWN_UNAVAILABLE,1,True,
train,map_002386.csv,56d33fe6d14cf13a1341d332567ccc15fe85b4bab7ceb35dd1d8393f9e7b34cf,42,ONE_UNIT_SPAWN_UNAVAILABLE,ONE_UNIT_SPAWN_UNAVAILABLE,1,True,
train,map_000141.csv,5712d74bce389aab8bb15bd9c82c24312600b117f8d58df32dfdf19fa0dfc510,42,ONE_UNIT_SPAWN_UNAVAILABLE,ONE_UNIT_SPAWN_UNAVAILABLE,1,True,
train,map_001493.csv,572c3bcb57a375e62aa100e3eacf84673f1978eac38361ec9bf1d3cbe25313be,42,ONE_UNIT_SPAWN_UNAVAILABLE,ONE_UNIT_SPAWN_UNAVAILABLE,1,True,
train,map_003070.csv,575e5432a235d0966ca1578814733538dcac62b4944cb442ed86b2e9b826e793,42,ONE_UNIT_SPAWN_UNAVAILABLE,ONE_UNIT_SPAWN_UNAVAILABLE,1,True,
train,map_001578.csv,575ea2df42aeff2224c8c457d9fdac15ab6d7f555319d86bdbb05b946f85daed,42,ONE_UNIT_SPAWN_UNAVAILABLE,ONE_UNIT_SPAWN_UNAVAILABLE,1,True,
train,map_000186.csv,5773b41872a17c4f42ff295add74c7382e28e1e34a3b9082e82ab78a2a0461c1,42,ONE_UNIT_SPAWN_UNAVAILABLE,ONE_UNIT_SPAWN_UNAVAILABLE,1,True,
train,map_002622.csv,5788655d65edb1bd73f8254dda1d6e9e1c35538fbd6bf9b40b75240f4fd7bf2a,42,ONE_UNIT_SPAWN_UNAVAILABLE,ONE_UNIT_SPAWN_UNAVAILABLE,1,True,
train,map_002419.csv,57b237bf20242dce09a79ec73ddcc29adcb7b670e61737cc2ebcc8b5ad5e5e0a,42,ONE_UNIT_SPAWN_UNAVAILABLE,ONE_UNIT_SPAWN_UNAVAILABLE,1,True,
train,map_005344.csv,57c61b98fc2dafa34ba4170172e40c1b454947813a4e1e086de919f21f93b0ed,42,ONE_UNIT_SPAWN_UNAVAILABLE,ONE_UNIT_SPAWN_UNAVAILABLE,1,True,
train,map_001612.csv,57ed8bfdf6a9da9d6e217fcce69e95dad6f1d6a7a19ebe3e707b0649c0bb32e8,42,ONE_UNIT_SPAWN_UNAVAILABLE,ONE_UNIT_SPAWN_UNAVAILABLE,1,True,
train,map_001542.csv,58315ffdd419b1dfc359b6672cdd6fa1287038f8efdeba1ccab75a420b1868b7,42,ONE_UNIT_SPAWN_UNAVAILABLE,ONE_UNIT_SPAWN_UNAVAILABLE,1,True,
train,map_000818.csv,584a7272938019403d308762339bc5c4a816af713054b9cb54c7774b392657b5,42,ONE_UNIT_SPAWN_UNAVAILABLE,ONE_UNIT_SPAWN_UNAVAILABLE,1,True,
train,map_004985.csv,586b260593ef51caaf791dd4c230e0788256905f3c4cf1976b42700adb76b4c8,42,ONE_UNIT_SPAWN_UNAVAILABLE,ONE_UNIT_SPAWN_UNAVAILABLE,1,True,
train,map_003488.csv,58cb03513317cac8da616ddbf1cc3e4bdefa68b0183f12266e835b6be6d56133,42,ONE_UNIT_SPAWN_UNAVAILABLE,ONE_UNIT_SPAWN_UNAVAILABLE,1,True,
train,map_002404.csv,58d7fecc8e712e57e6c96e2a5aa3c92c30b00d6f245ea51d082e2662ae0d2a80,42,ONE_UNIT_SPAWN_UNAVAILABLE,ONE_UNIT_SPAWN_UNAVAILABLE,1,True,
train,map_004104.csv,58de3a390fe5c8e536c9f611eb815fe7b6a8957ad4d30710fa3892d49d15b65f,42,ONE_UNIT_SPAWN_UNAVAILABLE,ONE_UNIT_SPAWN_UNAVAILABLE,1,True,
train,map_001655.csv,58e637571c54f11d3d398b55c8f2f1740a9d41139964d8222953348c5ad3cacf,42,ONE_UNIT_SPAWN_UNAVAILABLE,ONE_UNIT_SPAWN_UNAVAILABLE,1,True,
train,map_002027.csv,5925f89639811ca00e3a031fbca3f16ca32f1b48624ddf9b0411ad54086d5d5c,42,ONE_UNIT_SPAWN_UNAVAILABLE,ONE_UNIT_SPAWN_UNAVAILABLE,1,True,
train,map_003268.csv,592a60006aaf0915ad6047eae5a764c17957384a1fc4a9bac6ec5d3d289b46a5,42,ONE_UNIT_SPAWN_UNAVAILABLE,ONE_UNIT_SPAWN_UNAVAILABLE,1,True,
train,map_004573.csv,598ecd9236a32fd953a1301d611d7f199ae2d3d1cca7e69f26bed28d7d502e0e,42,ONE_UNIT_SPAWN_UNAVAILABLE,ONE_UNIT_SPAWN_UNAVAILABLE,1,True,
train,map_003868.csv,59c9c4d060e26d34018dc060207ba0a3bd9252d62f2e7254283f1eed1e48dcba,42,ONE_UNIT_SPAWN_UNAVAILABLE,ONE_UNIT_SPAWN_UNAVAILABLE,1,True,
train,map_004606.csv,59cb795645cfdd1fda95cbbe5d3540bcd0a8be0ca8aac1c89c6877ff953389e9,42,ONE_UNIT_SPAWN_UNAVAILABLE,ONE_UNIT_SPAWN_UNAVAILABLE,1,True,
train,map_002000.csv,59d931674ad90fc8a9b3017b5c54204bdecc8d4a8acf6ae23869864deff07521,42,ONE_UNIT_SPAWN_UNAVAILABLE,ONE_UNIT_SPAWN_UNAVAILABLE,1,True,
train,map_002385.csv,59e855fda756225a67b8361a939538e63143affefd71e9cce516a2d165b31e31,42,ONE_UNIT_SPAWN_UNAVAILABLE,ONE_UNIT_SPAWN_UNAVAILABLE,1,True,
train,map_001203.csv,59ee5dbd0a82b5aa59e5f23a0845b9ecbf255eb73cba7da02f9a5d648dc98f7f,42,ONE_UNIT_SPAWN_UNAVAILABLE,ONE_UNIT_SPAWN_UNAVAILABLE,1,True,
train,map_001512.csv,5a1fc6594d5113965bf34a88b054771333f005905bd301f476ec341536c499fb,42,ONE_UNIT_SPAWN_UNAVAILABLE,ONE_UNIT_SPAWN_UNAVAILABLE,1,True,
train,map_004018.csv,5a3833c968e53b7dffd8a1b1a48ea71e3bd201b912d2ec8f840e1546cd0c722c,42,ONE_UNIT_SPAWN_UNAVAILABLE,ONE_UNIT_SPAWN_UNAVAILABLE,1,True,
train,map_003028.csv,5a3944556100b994a863c1decaf4ce00865554c9c0a0dedb5960f8c50f9cada4,42,ONE_UNIT_SPAWN_UNAVAILABLE,ONE_UNIT_SPAWN_UNAVAILABLE,1,True,
train,map_002706.csv,5a697ce0ed6854b8a2179460554150da8eeb58c6cb28930a508d9e466f98d9c3,42,ONE_UNIT_SPAWN_UNAVAILABLE,ONE_UNIT_SPAWN_UNAVAILABLE,1,True,
train,map_003373.csv,5a73e7d987a61d2ea6d9c378b5c30a403a5adad1908751ce446afb3b9cb9f498,42,ONE_UNIT_SPAWN_UNAVAILABLE,ONE_UNIT_SPAWN_UNAVAILABLE,1,True,
train,map_001435.csv,5a74c0f5e213524610c923403b6cac68f860260d9f20c96b6237f3266bdef597,42,ONE_UNIT_SPAWN_UNAVAILABLE,ONE_UNIT_SPAWN_UNAVAILABLE,1,True,
train,map_002726.csv,5a89e08aca5ed77c48728417fc8b8d57170e3a4042360ff32bbbd9c15d48e833,42,ONE_UNIT_SPAWN_UNAVAILABLE,ONE_UNIT_SPAWN_UNAVAILABLE,1,True,
train,map_004067.csv,5a99b83439fc43d4b440399b936ab42cb03244adb5eaff53649ec741c67e6eac,42,ONE_UNIT_SPAWN_UNAVAILABLE,ONE_UNIT_SPAWN_UNAVAILABLE,1,True,
train,map_001311.csv,5aad00e29df655fe6867938dec85e947fa561bf6a7077a896a8825613aa6902c,42,ONE_UNIT_SPAWN_UNAVAILABLE,ONE_UNIT_SPAWN_UNAVAILABLE,1,True,
train,map_004651.csv,5ad3f23077ce26532e17b17d3ffedc453be4ea73589988cb52bc811ddf7ff1a8,42,ONE_UNIT_SPAWN_UNAVAILABLE,ONE_UNIT_SPAWN_UNAVAILABLE,1,True,
train,map_004009.csv,5b0acad4b88b8772a95e8ab655ad210b63a6f3ecd3c420355717812b837f7b75,42,ONE_UNIT_SPAWN_UNAVAILABLE,ONE_UNIT_SPAWN_UNAVAILABLE,1,True,
train,map_002205.csv,5b226739d173ddb2a1d0afa5b61d03e523afd7a40c8b7dcf6d898eba743d44b1,42,ONE_UNIT_SPAWN_UNAVAILABLE,ONE_UNIT_SPAWN_UNAVAILABLE,1,True,
train,map_003701.csv,5b2daa9ab369c37e5968a9813add37b7a351e30a1ca0c8226e6453f48a37cf1f,42,ONE_UNIT_SPAWN_UNAVAILABLE,ONE_UNIT_SPAWN_UNAVAILABLE,1,True,
train,map_002164.csv,5b45c52fa735b094a16fe5d31a0d20f46e432771171de8c368db251c86fae8ae,42,ONE_UNIT_SPAWN_UNAVAILABLE,ONE_UNIT_SPAWN_UNAVAILABLE,1,True,
train,map_003705.csv,5b8ee5fc2dbe904666bc039eb6e59a105fcb68b1aaa252df18d88c3eabc78a77,42,ONE_UNIT_SPAWN_UNAVAILABLE,ONE_UNIT_SPAWN_UNAVAILABLE,1,True,
train,map_004198.csv,5bcd18d7bad49abf6462148234d9a5b4eceb93591107e6742ccebaf2a98e6761,42,ONE_UNIT_SPAWN_UNAVAILABLE,ONE_UNIT_SPAWN_UNAVAILABLE,1,True,
train,map_004174.csv,5bdb6baf2dedd43f3086a85a87aa8e00c2c25e8369b2a7c928bd79f477ea46ab,42,ONE_UNIT_SPAWN_UNAVAILABLE,ONE_UNIT_SPAWN_UNAVAILABLE,1,True,
train,map_000665.csv,5be1ce1d4564ea88f72ff6140ea51e7810ae25844cdd9246e4e09b3cbf6dd827,42,ONE_UNIT_SPAWN_UNAVAILABLE,ONE_UNIT_SPAWN_UNAVAILABLE,1,True,
train,map_003708.csv,5bf506d15d6011eefd508d5863f9285470d9627ca86ce07a1343fab15d7aef3c,42,ONE_UNIT_SPAWN_UNAVAILABLE,ONE_UNIT_SPAWN_UNAVAILABLE,1,True,
train,map_002586.csv,5c090169bcace09325c2b193b9aad67fb5ef0c356d17da2ecc7395a22d66e1c0,42,ONE_UNIT_SPAWN_UNAVAILABLE,ONE_UNIT_SPAWN_UNAVAILABLE,1,True,
train,map_000966.csv,5c3d1704d1814f08bdb7ffe56f415a778429a53e9c57796da82f95e5deb9b8d1,42,ONE_UNIT_SPAWN_UNAVAILABLE,ONE_UNIT_SPAWN_UNAVAILABLE,1,True,
train,map_002890.csv,5c42187addd262e02a9f424eb8e9ca92f9d3fd79518facdd9d9dd0bac4c74538,42,ONE_UNIT_SPAWN_UNAVAILABLE,ONE_UNIT_SPAWN_UNAVAILABLE,1,True,
train,map_002760.csv,5c8f372637e902e57956f2e67a3cfe3441d129700aa43b3df8c82e6389e70177,42,ONE_UNIT_SPAWN_UNAVAILABLE,ONE_UNIT_SPAWN_UNAVAILABLE,1,True,
train,map_005398.csv,5cbe1b241cba14480c0ade5563365266ec0256ba12f66aa4bef838ec84e1c508,42,ONE_UNIT_SPAWN_UNAVAILABLE,ONE_UNIT_SPAWN_UNAVAILABLE,1,True,
train,map_003157.csv,5ce4e56f4209bf734622282295dcf7b466ffd9b0235fda710445de955eb08d2e,42,ONE_UNIT_SPAWN_UNAVAILABLE,ONE_UNIT_SPAWN_UNAVAILABLE,1,True,
train,map_000146.csv,5cf37079c1050539fcec8b0564506618c30e8889864a69fa448864d48890a461,42,ONE_UNIT_SPAWN_UNAVAILABLE,ONE_UNIT_SPAWN_UNAVAILABLE,1,True,
train,map_001562.csv,5d02fb0bd43292ffe28ebec5fbbfab8b4b46929525281a5e81edc7bd5757e005,42,ONE_UNIT_SPAWN_UNAVAILABLE,ONE_UNIT_SPAWN_UNAVAILABLE,1,True,
train,map_001881.csv,5d8ec820bbefd91d3f5e1ea3fe06618cd29e9e44ba5ed1ea72c81c35275ce5cb,42,ONE_UNIT_SPAWN_UNAVAILABLE,ONE_UNIT_SPAWN_UNAVAILABLE,1,True,
train,map_001316.csv,5d924b378112473f979b8de8a5be06bbe8c5fbd219f6fef41559c0207d8cbf8d,42,ONE_UNIT_SPAWN_UNAVAILABLE,ONE_UNIT_SPAWN_UNAVAILABLE,1,True,
train,map_004244.csv,5e017a195225524ac910bc5f658992145cd936561a42d38d7591fae578a565ab,42,ONE_UNIT_SPAWN_UNAVAILABLE,ONE_UNIT_SPAWN_UNAVAILABLE,1,True,
train,map_001895.csv,5e034d16b2ae8e1bec8b7ee3836e4c5fafc63b2ddea42959a2d2a5d50d230c1e,42,ONE_UNIT_SPAWN_UNAVAILABLE,ONE_UNIT_SPAWN_UNAVAILABLE,1,True,
train,map_003111.csv,5e20843f765b002a7995a9040b15e18d27ac6e3667af0555a286655cc838430c,42,ONE_UNIT_SPAWN_UNAVAILABLE,ONE_UNIT_SPAWN_UNAVAILABLE,1,True,
train,map_004683.csv,5e57e93fde4e6f6a68d229702482c6b81ac68e6090c4e5e55f1fd64a67d5d1ed,42,ONE_UNIT_SPAWN_UNAVAILABLE,ONE_UNIT_SPAWN_UNAVAILABLE,1,True,
train,map_005228.csv,5e69aa9c47db6b772b789358f7e5972177c60007e8c833cf29242414d43bf335,42,ONE_UNIT_SPAWN_UNAVAILABLE,ONE_UNIT_SPAWN_UNAVAILABLE,1,True,
train,map_001328.csv,5e9734a642e34062c7daa00609ad4e6edcb124a59e78cfd409612ac11403e8be,42,ONE_UNIT_SPAWN_UNAVAILABLE,ONE_UNIT_SPAWN_UNAVAILABLE,1,True,
train,map_002999.csv,5e9c003139bcffaae0aa04c2376f7d4f1a1fd091473141a55cd202be4fa0c441,42,ONE_UNIT_SPAWN_UNAVAILABLE,ONE_UNIT_SPAWN_UNAVAILABLE,1,True,
train,map_002532.csv,5ea866d03e0e7f90c305b67d9d1009dffb0d5b79b2bf9551e5ab77ae731eea44,42,ONE_UNIT_SPAWN_UNAVAILABLE,ONE_UNIT_SPAWN_UNAVAILABLE,1,True,
train,map_003978.csv,5ed0b4f70899f556cead5df86f26cea0a23ceb7e96df0789570a0414ff9ac578,42,ONE_UNIT_SPAWN_UNAVAILABLE,ONE_UNIT_SPAWN_UNAVAILABLE,1,True,
train,map_001269.csv,5eedbf67010fe2edbd0e0633338c9d001cf77b4cdf06bdfef4aad10076c358e7,42,ONE_UNIT_SPAWN_UNAVAILABLE,ONE_UNIT_SPAWN_UNAVAILABLE,1,True,
train,map_003353.csv,5ef5169a9ad57b18af34c351d44031c7eedd4d88d84a51a525f9e5b995a2725f,42,ONE_UNIT_SPAWN_UNAVAILABLE,ONE_UNIT_SPAWN_UNAVAILABLE,1,True,
train,map_001932.csv,5f040885e1b970bec16d16fe7411099a43e172328777e88cef9db95ec861e8bb,42,ONE_UNIT_SPAWN_UNAVAILABLE,ONE_UNIT_SPAWN_UNAVAILABLE,1,True,
train,map_002076.csv,5f199420cb48e09c03c317ab0b8b91a517b9c7c1415d8afd518146f3f3907dea,42,ONE_UNIT_SPAWN_UNAVAILABLE,ONE_UNIT_SPAWN_UNAVAILABLE,1,True,
train,map_005449.csv,5f2bbefc09854237fc2da8e9ee57a4bf516f7649892d23f5a83bd1a86d3b7bd7,42,ONE_UNIT_SPAWN_UNAVAILABLE,ONE_UNIT_SPAWN_UNAVAILABLE,1,True,
train,map_000541.csv,5f3ccea1d1decc755351b0d6a25d8f80a10110e7628aafee58ba1edf982de074,42,ONE_UNIT_SPAWN_UNAVAILABLE,ONE_UNIT_SPAWN_UNAVAILABLE,1,True,
train,map_001874.csv,5f66259d9c6c90d2a3aca471288682b3556d6573937f2d561d00d8e07dd96531,42,ONE_UNIT_SPAWN_UNAVAILABLE,ONE_UNIT_SPAWN_UNAVAILABLE,1,True,
train,map_001821.csv,5f8f7b56904dfa2f552c0474ccd1fa64e50cbd8e48a8a25e1517795a27945b69,42,ONE_UNIT_SPAWN_UNAVAILABLE,ONE_UNIT_SPAWN_UNAVAILABLE,1,True,
train,map_001356.csv,601c3eb163413646c8546c5caf8d2e28b4e54ada3a88902a7380e88e364f8e48,42,ONE_UNIT_SPAWN_UNAVAILABLE,ONE_UNIT_SPAWN_UNAVAILABLE,1,True,
train,map_004133.csv,6030dbc4d88a7f6230a5b01526463164f5585e499872094f3dcfc9a8375e00e0,42,ONE_UNIT_SPAWN_UNAVAILABLE,ONE_UNIT_SPAWN_UNAVAILABLE,1,True,
train,map_005359.csv,603597e03effbe8b87497e0e3b257194b2b2a598b8a22db9e39d6dad24f9a612,42,ONE_UNIT_SPAWN_UNAVAILABLE,ONE_UNIT_SPAWN_UNAVAILABLE,1,True,
train,map_003077.csv,6047a7611f22d9b6b5b96a3b49db75d1182bde201aaffe84339e72f8753da5f0,42,ONE_UNIT_SPAWN_UNAVAILABLE,ONE_UNIT_SPAWN_UNAVAILABLE,1,True,
train,map_003721.csv,607975336a9d772a489d95f3e9826e7f04f2a18f5e96f58d6e628924689fbb47,42,ONE_UNIT_SPAWN_UNAVAILABLE,ONE_UNIT_SPAWN_UNAVAILABLE,1,True,
train,map_003474.csv,607f1d8af419ee0b76e21deb5c24f2246f0f70a2d309b02b15c9532859861ec4,42,ONE_UNIT_SPAWN_UNAVAILABLE,ONE_UNIT_SPAWN_UNAVAILABLE,1,True,
train,map_005171.csv,60a25956b1e8246412f991f8b3c81dc428a900426034fc2c93bc4e11cd8e8bb9,42,ONE_UNIT_SPAWN_UNAVAILABLE,ONE_UNIT_SPAWN_UNAVAILABLE,1,True,
train,map_005222.csv,60a47bba0861a3cab5d5f3370517d49df274a03e445ce375b93d111907c9ba5d,42,ONE_UNIT_SPAWN_UNAVAILABLE,ONE_UNIT_SPAWN_UNAVAILABLE,1,True,
train,map_005339.csv,611cf9c511ca577189c1f869d36ff7c7f0571fbf44038edd04a8253ecb568f03,42,ONE_UNIT_SPAWN_UNAVAILABLE,ONE_UNIT_SPAWN_UNAVAILABLE,1,True,
train,map_003359.csv,6148e309d50687bdc99d30376ffe6c4f3164de878599f86dbfbaa5338de6d252,42,ONE_UNIT_SPAWN_UNAVAILABLE,ONE_UNIT_SPAWN_UNAVAILABLE,1,True,
train,map_002990.csv,614e3f627c3a2ad850c0c5876e17f6735af5ff6928caacf3cbae2cde35ea5349,42,ONE_UNIT_SPAWN_UNAVAILABLE,ONE_UNIT_SPAWN_UNAVAILABLE,1,True,
train,map_002478.csv,615d78ee8c01d75369a469be995f983c19c67593171fce3a139fa50e719e31de,42,ONE_UNIT_SPAWN_UNAVAILABLE,ONE_UNIT_SPAWN_UNAVAILABLE,1,True,
train,map_000007.csv,61701c1bc6f0e7c3b1ef7a8468233d5aa44592a25b1dc0f96c46ac6d185c1243,42,ONE_UNIT_SPAWN_UNAVAILABLE,ONE_UNIT_SPAWN_UNAVAILABLE,1,True,
train,map_004942.csv,61702c237361c47d802de3111c54c63cf5831079f8675d007ff9d38804f6aaa1,42,ONE_UNIT_SPAWN_UNAVAILABLE,ONE_UNIT_SPAWN_UNAVAILABLE,1,True,
train,map_000803.csv,61bfd8e934a5ed71f33a546085b27806ef507dcb5a81c358d04b6e56f7094516,42,ONE_UNIT_SPAWN_UNAVAILABLE,ONE_UNIT_SPAWN_UNAVAILABLE,1,True,
train,map_002887.csv,61cb763a5720c1bd211f31c0359c5cc581e8b1a3390affefe3d08424cb83b440,42,ONE_UNIT_SPAWN_UNAVAILABLE,ONE_UNIT_SPAWN_UNAVAILABLE,1,True,
train,map_003821.csv,61d02eb4ca1f81279deb4d60521ce678cbc1f2bbad32f9c5bed146d16499696c,42,ONE_UNIT_SPAWN_UNAVAILABLE,ONE_UNIT_SPAWN_UNAVAILABLE,1,True,
train,map_004430.csv,61e2317fd77dedcb533b4c99f588812089ad7d1ff02b3566a65e70996d084943,42,ONE_UNIT_SPAWN_UNAVAILABLE,ONE_UNIT_SPAWN_UNAVAILABLE,1,True,
train,map_000948.csv,620da13582d5833d76ac3aec6ebee2b966f050e8f080feae11de67d0aa79f3a7,42,ONE_UNIT_SPAWN_UNAVAILABLE,ONE_UNIT_SPAWN_UNAVAILABLE,1,True,
train,map_003410.csv,621403cf8aae863a80fdaeb05fd9403e4c8395118942ee356194c893232ba302,42,ONE_UNIT_SPAWN_UNAVAILABLE,ONE_UNIT_SPAWN_UNAVAILABLE,1,True,
train,map_004927.csv,6215e4af8df50c7e84e7383e5612000ef8884b6d63ee023a5d5ade62d7248435,42,ONE_UNIT_SPAWN_UNAVAILABLE,ONE_UNIT_SPAWN_UNAVAILABLE,1,True,
train,map_005066.csv,6232e5a34bb5fcf1796efd7415595099d9ab5067d0a3e4e9b95f86a368a7c080,42,ONE_UNIT_SPAWN_UNAVAILABLE,ONE_UNIT_SPAWN_UNAVAILABLE,1,True,
train,map_003731.csv,62562caa2968993f138f70b7926c80449120dc5f2194532f5a4d6b362550383a,42,ONE_UNIT_SPAWN_UNAVAILABLE,ONE_UNIT_SPAWN_UNAVAILABLE,1,True,
train,map_005362.csv,625a2ad516de529264d28b162e8acc553d6f7f0474093f5e52c91fb9c9c71551,42,ONE_UNIT_SPAWN_UNAVAILABLE,ONE_UNIT_SPAWN_UNAVAILABLE,1,True,
train,map_004147.csv,625b3bad42ebf10c73f25f46e95ecf54762529d777e6594aca0b12c6abfe9daf,42,ONE_UNIT_SPAWN_UNAVAILABLE,ONE_UNIT_SPAWN_UNAVAILABLE,1,True,
train,map_003060.csv,625fe6ee72fd2df29850982b1f2308864d7ca4966c5e53d2f714912b75ee6370,42,ONE_UNIT_SPAWN_UNAVAILABLE,ONE_UNIT_SPAWN_UNAVAILABLE,1,True,
train,map_001327.csv,6265fff986d86dc46b93edd6c850cb5d58be196eef7b2108db97992d162a8890,42,ONE_UNIT_SPAWN_UNAVAILABLE,ONE_UNIT_SPAWN_UNAVAILABLE,1,True,
train,map_004001.csv,628e63765f8f32115ede526a762dafa9371a1c0392fee08655b99beddef1815a,42,ONE_UNIT_SPAWN_UNAVAILABLE,ONE_UNIT_SPAWN_UNAVAILABLE,1,True,
train,map_004372.csv,62a1de398d8fde96d9acf8a66e443fe6876f5788186e9a2b11129a0e4ac08916,42,ONE_UNIT_SPAWN_UNAVAILABLE,ONE_UNIT_SPAWN_UNAVAILABLE,1,True,
train,map_003160.csv,62ac3412ab6c27fe8408fddd419449b2240842bb9ab89107f355c98589fabe66,42,ONE_UNIT_SPAWN_UNAVAILABLE,ONE_UNIT_SPAWN_UNAVAILABLE,1,True,
train,map_000978.csv,62b3be24481ad26381cbe386d87cc630aa9bdffc51356cd4dc134d9d5c942329,42,ONE_UNIT_SPAWN_UNAVAILABLE,ONE_UNIT_SPAWN_UNAVAILABLE,1,True,
train,map_002636.csv,62b545167f3517a85220915a5d4fdd22a7add35d8d3bce53d3e504ed722f7150,42,ONE_UNIT_SPAWN_UNAVAILABLE,ONE_UNIT_SPAWN_UNAVAILABLE,1,True,
train,map_000371.csv,62be2f48177aa30139f8abdef05c712fa729260995a07fe5cfe7eca5f757d293,42,ONE_UNIT_SPAWN_UNAVAILABLE,ONE_UNIT_SPAWN_UNAVAILABLE,1,True,
train,map_002034.csv,6359777c71765f168c6e97e189e1207a77b065d3a61319fcb6a658dca6e6bf26,42,ONE_UNIT_SPAWN_UNAVAILABLE,ONE_UNIT_SPAWN_UNAVAILABLE,1,True,
train,map_001587.csv,6383f0ce95000e31cbd595d7eacb415fd6387976dc89dea48de7238963675c8f,42,ONE_UNIT_SPAWN_UNAVAILABLE,ONE_UNIT_SPAWN_UNAVAILABLE,1,True,
train,map_003989.csv,6409db8541991eb159bc85105e520da473464d7ef7e936062bde3b734a5c2a91,42,ONE_UNIT_SPAWN_UNAVAILABLE,ONE_UNIT_SPAWN_UNAVAILABLE,1,True,
train,map_002509.csv,641818f3ef157bee8c70754746b0913d3ec0da6e4bac847ea6173bac00f5bf16,42,ONE_UNIT_SPAWN_UNAVAILABLE,ONE_UNIT_SPAWN_UNAVAILABLE,1,True,
train,map_001315.csv,641926a5585b4a0adab6acce2e69c22844b3e9d59892496504c1e323377537fe,42,ONE_UNIT_SPAWN_UNAVAILABLE,ONE_UNIT_SPAWN_UNAVAILABLE,1,True,
train,map_001331.csv,64287f49bd84792c906691650e5f8dc13dc8640fe7d1227ac0dd293e989deac2,42,ONE_UNIT_SPAWN_UNAVAILABLE,ONE_UNIT_SPAWN_UNAVAILABLE,1,True,
train,map_003350.csv,6489d22472c2c666c34b9f22c344cb88c1ffba5dda738d2a37ece1c35e136626,42,ONE_UNIT_SPAWN_UNAVAILABLE,ONE_UNIT_SPAWN_UNAVAILABLE,1,True,
train,map_004141.csv,649deb6db5c70dd11ca5f5046af1c4fdac1686940426eae8d6ee708e102d49fb,42,ONE_UNIT_SPAWN_UNAVAILABLE,ONE_UNIT_SPAWN_UNAVAILABLE,1,True,
train,map_000922.csv,64bfa5934eadb86087c3c7af912589cdb23fa56917369c63bccb752202ed9fe0,42,ONE_UNIT_SPAWN_UNAVAILABLE,ONE_UNIT_SPAWN_UNAVAILABLE,1,True,
train,map_001593.csv,64f8dfc71c959ff7c2cce4d2a721de624129c353ee5df941ddb7edb22a1d8cd2,42,ONE_UNIT_SPAWN_UNAVAILABLE,ONE_UNIT_SPAWN_UNAVAILABLE,1,True,
train,map_001850.csv,651bbd722d16a00f4971669abd661bd28c6cc4d4c762dd88648e327ef0e21790,42,ONE_UNIT_SPAWN_UNAVAILABLE,ONE_UNIT_SPAWN_UNAVAILABLE,1,True,
train,map_000133.csv,651fd427e5ca3c0ea38b127c9345949ec6eab92ab9475e9dc1a1f2ba1fd6857c,42,ONE_UNIT_SPAWN_UNAVAILABLE,ONE_UNIT_SPAWN_UNAVAILABLE,1,True,
train,map_003763.csv,65899f9a6b8f6015b57b57c7b326de9a88ec9bca232fcaf7d301cb7c4f5a4aeb,42,ONE_UNIT_SPAWN_UNAVAILABLE,ONE_UNIT_SPAWN_UNAVAILABLE,1,True,
train,map_005314.csv,658c9270ef62cb6e536d1e4e76cf87f7ae3f7249ba7da6746b9917078dbe5eec,42,ONE_UNIT_SPAWN_UNAVAILABLE,ONE_UNIT_SPAWN_UNAVAILABLE,1,True,
train,map_000384.csv,65b50e6373c270ac811d6847846797e9d775b755b66cec32778bb53a71429dbe,42,ONE_UNIT_SPAWN_UNAVAILABLE,ONE_UNIT_SPAWN_UNAVAILABLE,1,True,
train,map_000474.csv,65d2cae5df934b7c704dd3df30a975429e25b85a8834ee4e96cc17146ce33ccb,42,ONE_UNIT_SPAWN_UNAVAILABLE,ONE_UNIT_SPAWN_UNAVAILABLE,1,True,
train,map_002170.csv,65d415dd0d2816014e2644eaa5b6dde38c09b94319042e38ff149de894fde076,42,ONE_UNIT_SPAWN_UNAVAILABLE,ONE_UNIT_SPAWN_UNAVAILABLE,1,True,
train,map_004966.csv,65e616e8135f6b2013aa22e1d3f2968a7cd3fdae3a2de5ed3f6fbfabcdcc7517,42,ONE_UNIT_SPAWN_UNAVAILABLE,ONE_UNIT_SPAWN_UNAVAILABLE,1,True,
train,map_000532.csv,6613f3517da79edece508fbccbc7136a780dccfe210790be6b8b6202b5356803,42,ONE_UNIT_SPAWN_UNAVAILABLE,ONE_UNIT_SPAWN_UNAVAILABLE,1,True,
train,map_000131.csv,661af680cf6b424d3eb630b09171d41cbb7678ac81fdde0456b1b1a3d75a1677,42,ONE_UNIT_SPAWN_UNAVAILABLE,ONE_UNIT_SPAWN_UNAVAILABLE,1,True,
train,map_000386.csv,669375a2fd69c7667bb3621c70b6d9e5624222e8979136e9a16723b009e5d80d,42,ONE_UNIT_SPAWN_UNAVAILABLE,ONE_UNIT_SPAWN_UNAVAILABLE,1,True,
train,map_003835.csv,669ed4966b47d42f59d524308c544aebb2a18d18ea036335a6407d909fc8caa7,42,ONE_UNIT_SPAWN_UNAVAILABLE,ONE_UNIT_SPAWN_UNAVAILABLE,1,True,
train,map_003608.csv,66a829577c2d26b8d5961730354bf3e615d0c68e81fba56b8bb81f3dd6b4c53b,42,ONE_UNIT_SPAWN_UNAVAILABLE,ONE_UNIT_SPAWN_UNAVAILABLE,1,True,
train,map_004062.csv,66b54bb91d98160eb7632356e4bb53cbf7b00c67d3847b67cb7b1224c72ef04f,42,ONE_UNIT_SPAWN_UNAVAILABLE,ONE_UNIT_SPAWN_UNAVAILABLE,1,True,
train,map_000475.csv,66bee88386548cb191615df3c4964f0142008ba840a6499b6c4794f2426dcedb,42,ONE_UNIT_SPAWN_UNAVAILABLE,ONE_UNIT_SPAWN_UNAVAILABLE,1,True,
train,map_000272.csv,66cc81791665113cc352a4284a62d23b985c95239ac296fb34db608af5cfea2d,42,ONE_UNIT_SPAWN_UNAVAILABLE,ONE_UNIT_SPAWN_UNAVAILABLE,1,True,
train,map_004502.csv,6720dee5a63076ff234d8318bcaf40ddc445bcaf1f1ab7cea72c6e8f4786da43,42,ONE_UNIT_SPAWN_UNAVAILABLE,ONE_UNIT_SPAWN_UNAVAILABLE,1,True,
train,map_005416.csv,67345191ad813217fb187595604ac9609b06f73c49ced4ffdc8ebce9bc9fe186,42,ONE_UNIT_SPAWN_UNAVAILABLE,ONE_UNIT_SPAWN_UNAVAILABLE,1,True,
train,map_000837.csv,675774f47bb5eeae76883575768114476ef72bc442b1cb40d9a67eb215fa5b82,42,ONE_UNIT_SPAWN_UNAVAILABLE,ONE_UNIT_SPAWN_UNAVAILABLE,1,True,
train,map_001786.csv,675e69580a9b44833bdb89898a605024788892f9e99a6dc99093d2e3b9b9cc70,42,ONE_UNIT_SPAWN_UNAVAILABLE,ONE_UNIT_SPAWN_UNAVAILABLE,1,True,
train,map_002738.csv,6760af85c36d0ce0ea549421f42c7fde855283e8516963ec0420d631d89466fe,42,ONE_UNIT_SPAWN_UNAVAILABLE,ONE_UNIT_SPAWN_UNAVAILABLE,1,True,
train,map_005188.csv,678524834445f758e4ad922737256042f332b4208fd569b62d162aba90827c57,42,ONE_UNIT_SPAWN_UNAVAILABLE,ONE_UNIT_SPAWN_UNAVAILABLE,1,True,
train,map_003078.csv,67a7a43ba9fd06f9c4f52cdb13dd4e265465f6f8f45276bc4fc2ae35c2f1de4b,42,ONE_UNIT_SPAWN_UNAVAILABLE,ONE_UNIT_SPAWN_UNAVAILABLE,1,True,
train,map_000767.csv,67addf41bc0ec0fb45ee0e416ed9472220a411e096aeb1493de20261ab92475e,42,ONE_UNIT_SPAWN_UNAVAILABLE,ONE_UNIT_SPAWN_UNAVAILABLE,1,True,
train,map_004533.csv,67cbfe41ecf418c8c52814c5b75934a07fb0a06484ec7bc3e3b0aaf1035439ef,42,ONE_UNIT_SPAWN_UNAVAILABLE,ONE_UNIT_SPAWN_UNAVAILABLE,1,True,
train,map_003242.csv,67ffed70d88af0305c692a5d9c00f7520a86b4d0832dff9f5e73b72beb2fa489,42,ONE_UNIT_SPAWN_UNAVAILABLE,ONE_UNIT_SPAWN_UNAVAILABLE,1,True,
train,map_000173.csv,6844fd29454b951dfad91c6e55d0e214eadf1232871a5dee8e8402e4ab1cc73b,42,ONE_UNIT_SPAWN_UNAVAILABLE,ONE_UNIT_SPAWN_UNAVAILABLE,1,True,
train,map_002868.csv,688033b0a00d052177a00044829b343692b10c373cb6ab8b97cf0d1f10a8e035,42,ONE_UNIT_SPAWN_UNAVAILABLE,ONE_UNIT_SPAWN_UNAVAILABLE,1,True,
train,map_004871.csv,68a25b57a663ad665a44624b3303b4de9d4a1c6e5e151b12457a950e44ecd023,42,ONE_UNIT_SPAWN_UNAVAILABLE,ONE_UNIT_SPAWN_UNAVAILABLE,1,True,
train,map_001342.csv,68a79719c7346b7eccb4fda91877dec1b031ee8d28e630bcf6ac13ce4ae82620,42,ONE_UNIT_SPAWN_UNAVAILABLE,ONE_UNIT_SPAWN_UNAVAILABLE,1,True,
train,map_002680.csv,68b2c9fa7df7c30d651dddffe0b75c68f7cb92295fe29141f2a2eea4ed511ef6,42,ONE_UNIT_SPAWN_UNAVAILABLE,ONE_UNIT_SPAWN_UNAVAILABLE,1,True,
train,map_001030.csv,690b1f0a72cb696bf9ce860049d40e04f981f0ad0252cd55c80d157aa2640820,42,ONE_UNIT_SPAWN_UNAVAILABLE,ONE_UNIT_SPAWN_UNAVAILABLE,1,True,
train,map_002308.csv,6917eed6cbb2fb5008dd96836effe779390bddac02d8c686a2abebcace8e78b4,42,ONE_UNIT_SPAWN_UNAVAILABLE,ONE_UNIT_SPAWN_UNAVAILABLE,1,True,
train,map_003613.csv,6927e0fd644b001558d11f9616d7da98be953b5754fe6a75497371af88be0f75,42,ONE_UNIT_SPAWN_UNAVAILABLE,ONE_UNIT_SPAWN_UNAVAILABLE,1,True,
train,map_004498.csv,69288cc0470dc3679b24ee5224ed70051bee7dea145a336900fa8e21c0516cbb,42,ONE_UNIT_SPAWN_UNAVAILABLE,ONE_UNIT_SPAWN_UNAVAILABLE,1,True,
train,map_004518.csv,6958424975d660d1a82d4ac4c541486f1ed2cec16250dd9c4392bdafca9f29d8,42,ONE_UNIT_SPAWN_UNAVAILABLE,ONE_UNIT_SPAWN_UNAVAILABLE,1,True,
train,map_002032.csv,697748ddff918572851169abc412a7369f0bc8939f59e369d0857c3c0cc4dda2,42,ONE_UNIT_SPAWN_UNAVAILABLE,ONE_UNIT_SPAWN_UNAVAILABLE,1,True,
train,map_005410.csv,69957669997ba194ee7886869c9530c63db1aaf4a4d27fc2b1bd208b2f0825c2,42,ONE_UNIT_SPAWN_UNAVAILABLE,ONE_UNIT_SPAWN_UNAVAILABLE,1,True,
train,map_003046.csv,69d307748011c1b9f251c34586b454c37cd06bb816d461e634c3d875365f3e73,42,ONE_UNIT_SPAWN_UNAVAILABLE,ONE_UNIT_SPAWN_UNAVAILABLE,1,True,
train,map_005095.csv,69d399409c69005f8301b7f939fbcc113e59caaa0e420d5fdc5bfed941f46d52,42,ONE_UNIT_SPAWN_UNAVAILABLE,ONE_UNIT_SPAWN_UNAVAILABLE,1,True,
train,map_000445.csv,69e493e6b1cb12262291cd5212fdd926a9a8c4e0adec99decb6e0b1ac0531dd2,42,ONE_UNIT_SPAWN_UNAVAILABLE,ONE_UNIT_SPAWN_UNAVAILABLE,1,True,
train,map_003049.csv,69e8d0b10e308e064936737fdac378065ecb3cee397bc34f87ecc766ffa665a1,42,ONE_UNIT_SPAWN_UNAVAILABLE,ONE_UNIT_SPAWN_UNAVAILABLE,1,True,
train,map_003727.csv,6a1d7553fbc64f7f58ec910a1022a03df3364588595746256da2a858bbea5dbd,42,ONE_UNIT_SPAWN_UNAVAILABLE,ONE_UNIT_SPAWN_UNAVAILABLE,1,True,
train,map_004230.csv,6a5d2580cad2454743732ada36f6c6ba548d6062fb8846c2a49531d97841db57,42,ONE_UNIT_SPAWN_UNAVAILABLE,ONE_UNIT_SPAWN_UNAVAILABLE,1,True,
train,map_005473.csv,6a6bda361bc1e98ed68d7dea271e14a42757d41aab7aafd069953bf3585bbb9d,42,ONE_UNIT_SPAWN_UNAVAILABLE,ONE_UNIT_SPAWN_UNAVAILABLE,1,True,
train,map_003890.csv,6b0ba46713ba672e7fe70868c8fd8b32419c46463f64cf38cf2f248f1d1980e8,42,ONE_UNIT_SPAWN_UNAVAILABLE,ONE_UNIT_SPAWN_UNAVAILABLE,1,True,
train,map_003267.csv,6b3cb42938b879a2dfd77e361e0f84b3e1e4e63034715972daab3b32f70101c7,42,ONE_UNIT_SPAWN_UNAVAILABLE,ONE_UNIT_SPAWN_UNAVAILABLE,1,True,
train,map_004556.csv,6b50a6941c4d330f99434e93d8910acec1810c3b16c4bd88c30c9a98cf2d279e,42,ONE_UNIT_SPAWN_UNAVAILABLE,ONE_UNIT_SPAWN_UNAVAILABLE,1,True,
train,map_002185.csv,6b55823871e92a372c50b11a972e9203bed1e84a4ae0bfc351b4d3495b50c3de,42,ONE_UNIT_SPAWN_UNAVAILABLE,ONE_UNIT_SPAWN_UNAVAILABLE,1,True,
train,map_001666.csv,6b6213f3aade80434b88034721daa61937f1409e01cc0fe1a7b0db14c3e141e9,42,ONE_UNIT_SPAWN_UNAVAILABLE,ONE_UNIT_SPAWN_UNAVAILABLE,1,True,
train,map_003008.csv,6b8dfb2318aeaee9d3216054f6dda2b27fcf611a3b99f873f0f6c69a54e6370b,42,ONE_UNIT_SPAWN_UNAVAILABLE,ONE_UNIT_SPAWN_UNAVAILABLE,1,True,
train,map_004121.csv,6bb997f6075d1582f7bb3447d3a7d48329ac2bb357865a145f5df0ae058794a9,42,ONE_UNIT_SPAWN_UNAVAILABLE,ONE_UNIT_SPAWN_UNAVAILABLE,1,True,
train,map_003059.csv,6bd467b2cdd1e67e89cf2bdb71a071ff558fd004076d21a4f8fdb68789fc8ccf,42,ONE_UNIT_SPAWN_UNAVAILABLE,ONE_UNIT_SPAWN_UNAVAILABLE,1,True,
train,map_000078.csv,6bf528b3b1832c32d8759c711d7ebfa608ea3a088bfb9b59a6fca0c5a39c81f8,42,ONE_UNIT_SPAWN_UNAVAILABLE,ONE_UNIT_SPAWN_UNAVAILABLE,1,True,
train,map_002112.csv,6c0749d8a118df177ac5e21fa052adcf5e9094727cb68a20cdf0b65d9b6bced3,42,ONE_UNIT_SPAWN_UNAVAILABLE,ONE_UNIT_SPAWN_UNAVAILABLE,1,True,
train,map_004513.csv,6c15e8889b297fca36df53d6f1d425697e207aa180cbbfbc2b5fa52c4c47b441,42,ONE_UNIT_SPAWN_UNAVAILABLE,ONE_UNIT_SPAWN_UNAVAILABLE,1,True,
train,map_001769.csv,6c206599629ecba09d44410740ed3cad4140c85230ee7c6fccf0e0f519a13754,42,ONE_UNIT_SPAWN_UNAVAILABLE,ONE_UNIT_SPAWN_UNAVAILABLE,1,True,
train,map_004574.csv,6c8308db96a62fbfcef84a326352dd7ee032ba23f705b51800eaf6e94b396220,42,ONE_UNIT_SPAWN_UNAVAILABLE,ONE_UNIT_SPAWN_UNAVAILABLE,1,True,
train,map_004882.csv,6c9a8d78fb6c6ca25d07822be28062f5d20f979f3a821c2a8d14669b44d48aac,42,ONE_UNIT_SPAWN_UNAVAILABLE,ONE_UNIT_SPAWN_UNAVAILABLE,1,True,
train,map_002520.csv,6cb78efe04d8de260a2b4610c800eff8ab9fb959fa1c784fbf935625e83e0340,42,ONE_UNIT_SPAWN_UNAVAILABLE,ONE_UNIT_SPAWN_UNAVAILABLE,1,True,
train,map_003882.csv,6cc3663d604a83b2e34d869f908a8f7d65dbc53dbddfe4dfadfa5c71a3c5b10a,42,ONE_UNIT_SPAWN_UNAVAILABLE,ONE_UNIT_SPAWN_UNAVAILABLE,1,True,
train,map_000988.csv,6cd3ba6f888cf722a76c4dcf5162c18e9f9e69e7e9214ff98d47301494157e46,42,ONE_UNIT_SPAWN_UNAVAILABLE,ONE_UNIT_SPAWN_UNAVAILABLE,1,True,
train,map_000323.csv,6d0e6269c09617fb1af33cb82025b43bf98815e2aa625deb3021ecadb07d3878,42,ONE_UNIT_SPAWN_UNAVAILABLE,ONE_UNIT_SPAWN_UNAVAILABLE,1,True,
train,map_003014.csv,6d1431c49d24883c07db3f52f6a06fa149c1bebdf0af80d8e82cfa2cb3b56997,42,ONE_UNIT_SPAWN_UNAVAILABLE,ONE_UNIT_SPAWN_UNAVAILABLE,1,True,
train,map_003999.csv,6d1645d38789287f8f73f15de8e157ee43fb9c80cada17adc10fa45dfe155aa1,42,ONE_UNIT_SPAWN_UNAVAILABLE,ONE_UNIT_SPAWN_UNAVAILABLE,1,True,
train,map_004719.csv,6d29794bc35db671b00e4834c73a2f5bc29bd88c4c0e622477d6c99626b63d72,42,ONE_UNIT_SPAWN_UNAVAILABLE,ONE_UNIT_SPAWN_UNAVAILABLE,1,True,
train,map_002707.csv,6d5c738f3a9b9af4f4af87f380d80536e9276e174d8117b23b60d4e2ade1049a,42,ONE_UNIT_SPAWN_UNAVAILABLE,ONE_UNIT_SPAWN_UNAVAILABLE,1,True,
train,map_005189.csv,6d70bbdeda283b3ed85ce84ecd0244825794e0eefb009eed0a66dd85fbca2f04,42,ONE_UNIT_SPAWN_UNAVAILABLE,ONE_UNIT_SPAWN_UNAVAILABLE,1,True,
train,map_004492.csv,6df8e4b0ef7979b77108b09d4e60991e6f8899994fb9da86951787c153e7ddcc,42,ONE_UNIT_SPAWN_UNAVAILABLE,ONE_UNIT_SPAWN_UNAVAILABLE,1,True,
train,map_004631.csv,6e03b0aabf074afe0fd43b7db20eb8fbf37730ffe6ebc680937e4c7fa73a52f1,42,ONE_UNIT_SPAWN_UNAVAILABLE,ONE_UNIT_SPAWN_UNAVAILABLE,1,True,
train,map_002624.csv,6e138e586140dd9d7f1290f7f6d5c18f9ab67f7485b449530dc25daca08128e9,42,ONE_UNIT_SPAWN_UNAVAILABLE,ONE_UNIT_SPAWN_UNAVAILABLE,1,True,
train,map_002147.csv,6e49ab336e19feb3d40da45b0d8769b4bc38336ad186123a0902bb9a10d006af,42,ONE_UNIT_SPAWN_UNAVAILABLE,ONE_UNIT_SPAWN_UNAVAILABLE,1,True,
train,map_003571.csv,6e5a5a7904953ed433bb8632c2b294dfe593c1c15bdfd92532a627aa6c65cf8e,42,ONE_UNIT_SPAWN_UNAVAILABLE,ONE_UNIT_SPAWN_UNAVAILABLE,1,True,
train,map_004290.csv,6e68674e072daffca7d5d9b1a03169df091ac3bf7236525f5dd255ae333d3863,42,ONE_UNIT_SPAWN_UNAVAILABLE,ONE_UNIT_SPAWN_UNAVAILABLE,1,True,
train,map_002598.csv,6ea8f89ca688fb5ceae2906981396a4f059eebe2695838134a7faf0370f8622e,42,ONE_UNIT_SPAWN_UNAVAILABLE,ONE_UNIT_SPAWN_UNAVAILABLE,1,True,
train,map_003065.csv,6eb1e13a176e9f67346510e3a210ddc7ae0a3ed687cfea2f93e80c2b444a862c,42,ONE_UNIT_SPAWN_UNAVAILABLE,ONE_UNIT_SPAWN_UNAVAILABLE,1,True,
train,map_001467.csv,6ebbe8a1c22334eb1018a94ede4eb13c1cfa13d8c503931fc295496ad947a723,42,ONE_UNIT_SPAWN_UNAVAILABLE,ONE_UNIT_SPAWN_UNAVAILABLE,1,True,
train,map_004454.csv,6edd22287ac99850002ac96f70e6536706cf47c3c95cf8d713903e88664f54c4,42,ONE_UNIT_SPAWN_UNAVAILABLE,ONE_UNIT_SPAWN_UNAVAILABLE,1,True,
train,map_002223.csv,6ef730d691faa3480416a991cfb6daa693683eb5c4c2d1c889ac2fc95b44d8e9,42,ONE_UNIT_SPAWN_UNAVAILABLE,ONE_UNIT_SPAWN_UNAVAILABLE,1,True,
train,map_002445.csv,6f00ca86354e560b3639bf96fa550b1a244c6845739b55b36e1b1b6549c8ab7e,42,ONE_UNIT_SPAWN_UNAVAILABLE,ONE_UNIT_SPAWN_UNAVAILABLE,1,True,
train,map_002695.csv,6f0a98c9c886f76689193f27a5a42dbdd250ae2c26c897270360c20c05064f87,42,ONE_UNIT_SPAWN_UNAVAILABLE,ONE_UNIT_SPAWN_UNAVAILABLE,1,True,
train,map_005056.csv,6f137208ce3f7c6a147422c50d332a02035da9b51d64f1563f35c6f54eb05ece,42,ONE_UNIT_SPAWN_UNAVAILABLE,ONE_UNIT_SPAWN_UNAVAILABLE,1,True,
train,map_001239.csv,6f1a2e71cccc471b5f08411df3a0095872f218673f898b27068d48b2c24cad9e,42,ONE_UNIT_SPAWN_UNAVAILABLE,ONE_UNIT_SPAWN_UNAVAILABLE,1,True,
train,map_003130.csv,6f2825765d6dcca3e4beb89ccbc0a0cc7eb774711c8d47b97d1d3519d45411ea,42,ONE_UNIT_SPAWN_UNAVAILABLE,ONE_UNIT_SPAWN_UNAVAILABLE,1,True,
train,map_001223.csv,6f85ab9b9d700ec19193e93206d542e6d466cc25b9f79768c23b41e980103a1f,42,ONE_UNIT_SPAWN_UNAVAILABLE,ONE_UNIT_SPAWN_UNAVAILABLE,1,True,
train,map_000668.csv,6f8b877f4d15abdb5d2f5db4086487a00bce4ada3aa76a5a1330726721840bbb,42,ONE_UNIT_SPAWN_UNAVAILABLE,ONE_UNIT_SPAWN_UNAVAILABLE,1,True,
train,map_004848.csv,6f90a57cee717d55f9eccf9d3123459e1aa3824408512c7ac76a4d4cc8b4c950,42,ONE_UNIT_SPAWN_UNAVAILABLE,ONE_UNIT_SPAWN_UNAVAILABLE,1,True,
train,map_005009.csv,6facea8e73f1ac22a9fd11de1c33752bb84ac2072bfa2f406085fce69576b75b,42,ONE_UNIT_SPAWN_UNAVAILABLE,ONE_UNIT_SPAWN_UNAVAILABLE,1,True,
train,map_000965.csv,6fe60bba3761ca89fcbb78193d081936ea59aadc6450d0050abbd916b852374c,42,ONE_UNIT_SPAWN_UNAVAILABLE,ONE_UNIT_SPAWN_UNAVAILABLE,1,True,
train,map_000805.csv,6ff9432aef95fa4bc9a73d6fcb12d3b0d63064564be5e257844e3120fdbda26f,42,ONE_UNIT_SPAWN_UNAVAILABLE,ONE_UNIT_SPAWN_UNAVAILABLE,1,True,
train,map_001796.csv,6ffa864082d34711898aaf2cef2672b4375dc642615ed6dccabbd0db6cb129e8,42,ONE_UNIT_SPAWN_UNAVAILABLE,ONE_UNIT_SPAWN_UNAVAILABLE,1,True,
train,map_004154.csv,6ffe5b4b680764bafc4825b77f96c3e787a8529c08e0a08acadc5d4325a5148b,42,ONE_UNIT_SPAWN_UNAVAILABLE,ONE_UNIT_SPAWN_UNAVAILABLE,1,True,
train,map_005123.csv,70000475a7c2b8ef05c605ad71a43109d690742389cc657087109ec607761289,42,ONE_UNIT_SPAWN_UNAVAILABLE,ONE_UNIT_SPAWN_UNAVAILABLE,1,True,
train,map_002619.csv,702bf8da3294d3b1d53ca35c0fa1598b026e3cb6fc39b4d29885071e260b1ef3,42,ONE_UNIT_SPAWN_UNAVAILABLE,ONE_UNIT_SPAWN_UNAVAILABLE,1,True,
train,map_000211.csv,70703c6856d467b88e3848870d222aa388a78f18043e2ec82db91dc319fca57a,42,ONE_UNIT_SPAWN_UNAVAILABLE,ONE_UNIT_SPAWN_UNAVAILABLE,1,True,
train,map_001204.csv,709c711690fa7df11af37f22ff4c192801bbe7b2606d6a16c595626cea9cb411,42,ONE_UNIT_SPAWN_UNAVAILABLE,ONE_UNIT_SPAWN_UNAVAILABLE,1,True,
train,map_004994.csv,70a95d7589d11d38e14e50f3b957c5fc30d6c7dbc6474c7618256ad5321cb759,42,ONE_UNIT_SPAWN_UNAVAILABLE,ONE_UNIT_SPAWN_UNAVAILABLE,1,True,
train,map_002121.csv,711922b5d124a7940a6e8bb50952bd45c2240dad4c106dff52a2e46b651330e8,42,ONE_UNIT_SPAWN_UNAVAILABLE,ONE_UNIT_SPAWN_UNAVAILABLE,1,True,
train,map_004201.csv,7120d927e7306bf96521f3245a3282da77d7268040f973f4bd3aa1f7ea5457f3,42,ONE_UNIT_SPAWN_UNAVAILABLE,ONE_UNIT_SPAWN_UNAVAILABLE,1,True,
train,map_000761.csv,7139370d8188f17572800af91b8b1544625f18f40f0db98eb81ac428eb144c67,42,ONE_UNIT_SPAWN_UNAVAILABLE,ONE_UNIT_SPAWN_UNAVAILABLE,1,True,
train,map_003555.csv,717ab640c19444ac8f97d6d7d10dfed17c653806cf0389a175af4b9778ec6036,42,ONE_UNIT_SPAWN_UNAVAILABLE,ONE_UNIT_SPAWN_UNAVAILABLE,1,True,
train,map_003197.csv,71905c900a97293ce0097b611787f253dc3e8d970794b1e10ac0d1f491922d29,42,ONE_UNIT_SPAWN_UNAVAILABLE,ONE_UNIT_SPAWN_UNAVAILABLE,1,True,
train,map_002869.csv,71a1d4c050e82207cb4aa4eb9831b4b38b031f7233d57494e0e58fadc0ed005b,42,ONE_UNIT_SPAWN_UNAVAILABLE,ONE_UNIT_SPAWN_UNAVAILABLE,1,True,
train,map_002365.csv,71bad9df8bdf0e8909fd26e03f833c90dac4c1756149946e64f553c9333841a7,42,ONE_UNIT_SPAWN_UNAVAILABLE,ONE_UNIT_SPAWN_UNAVAILABLE,1,True,
train,map_003513.csv,71e94033adb365f6b84b0cce55fc1df2fdeceb5db506b9e4dab965c4df619228,42,ONE_UNIT_SPAWN_UNAVAILABLE,ONE_UNIT_SPAWN_UNAVAILABLE,1,True,
train,map_003334.csv,7231fa15000f4ec4d24615576810d24c05defefe7fe25eb4f9f86acc319c5931,42,ONE_UNIT_SPAWN_UNAVAILABLE,ONE_UNIT_SPAWN_UNAVAILABLE,1,True,
train,map_004673.csv,723518aebba91d9d04166f5f5136849d301a9aac5cc663ac0b21093d123494cd,42,ONE_UNIT_SPAWN_UNAVAILABLE,ONE_UNIT_SPAWN_UNAVAILABLE,1,True,
train,map_002094.csv,72438eb064c49bd0bde987898b3391cbda4de3f4f0f5d059d94cd846eaa71c4f,42,ONE_UNIT_SPAWN_UNAVAILABLE,ONE_UNIT_SPAWN_UNAVAILABLE,1,True,
train,map_001165.csv,7256c35f99afa9cd45821f19e4a0614558cb9b1fac1c6a2b7ddef7d26510f85a,42,ONE_UNIT_SPAWN_UNAVAILABLE,ONE_UNIT_SPAWN_UNAVAILABLE,1,True,
train,map_000917.csv,72a542145cededcc98995d6d3973d3d61fc39413f004f81103f6120faed1af8e,42,ONE_UNIT_SPAWN_UNAVAILABLE,ONE_UNIT_SPAWN_UNAVAILABLE,1,True,
train,map_003238.csv,72a8eb13b7e54b8fc38d81101bce683053f5ac542d9f11d939f4c59c0c32cebc,42,ONE_UNIT_SPAWN_UNAVAILABLE,ONE_UNIT_SPAWN_UNAVAILABLE,1,True,
train,map_002921.csv,72b5f8f594b666c8dda1147fd841e18b5893445779cd98c1baf2f12af9e89d4c,42,ONE_UNIT_SPAWN_UNAVAILABLE,ONE_UNIT_SPAWN_UNAVAILABLE,1,True,
train,map_000168.csv,72d04dbf2e09050e18afcab1928c0c28b13cc6028d8e3a4e51b303fff05414bf,42,ONE_UNIT_SPAWN_UNAVAILABLE,ONE_UNIT_SPAWN_UNAVAILABLE,1,True,
train,map_003158.csv,72d175fb4c4919c2e71494f51bba9bfcdf30bdee3dc2153025168592a96ce3cd,42,ONE_UNIT_SPAWN_UNAVAILABLE,ONE_UNIT_SPAWN_UNAVAILABLE,1,True,
train,map_003449.csv,72ed350b6f0612d389b214f33db45aa521a548ee45f4a4267f2a65340c7700b4,42,ONE_UNIT_SPAWN_UNAVAILABLE,ONE_UNIT_SPAWN_UNAVAILABLE,1,True,
train,map_004065.csv,7326a003c8ed0ed495877d9a61998f1a8f53e495edccdefb40bb03868b0b9023,42,ONE_UNIT_SPAWN_UNAVAILABLE,ONE_UNIT_SPAWN_UNAVAILABLE,1,True,
train,map_000877.csv,734a76edb391bc41388bd8409e2a3b9f6cc717deb3adf7a7af96af1afe1443fc,42,ONE_UNIT_SPAWN_UNAVAILABLE,ONE_UNIT_SPAWN_UNAVAILABLE,1,True,
train,map_001413.csv,73543f37ad299451bcf33cd5c4cb32da83f48a123d420c502c4d9a96c2e5bbae,42,ONE_UNIT_SPAWN_UNAVAILABLE,ONE_UNIT_SPAWN_UNAVAILABLE,1,True,
train,map_000512.csv,735b49e1d85348b6a90b602726d3c8c0054c83334fc78046ac403fe0dc08df56,42,ONE_UNIT_SPAWN_UNAVAILABLE,ONE_UNIT_SPAWN_UNAVAILABLE,1,True,
train,map_001036.csv,735f5532b21e38cc9fdbe31d858cc8d21f34907be7f7b36177c871f7d09ae586,42,ONE_UNIT_SPAWN_UNAVAILABLE,ONE_UNIT_SPAWN_UNAVAILABLE,1,True,
train,map_005303.csv,73647b45f24c262fc89b7f2fd52a493397223306c64661be49469ceedea54f00,42,ONE_UNIT_SPAWN_UNAVAILABLE,ONE_UNIT_SPAWN_UNAVAILABLE,1,True,
train,map_000154.csv,73b94326249fbbb19470e57963b7151e475329a2b1f735b3a594a44a1311cbd5,42,ONE_UNIT_SPAWN_UNAVAILABLE,ONE_UNIT_SPAWN_UNAVAILABLE,1,True,
train,map_000932.csv,73c941480492bff8f698623cc317bbf9c29c6da4433493854338aca328d606ed,42,ONE_UNIT_SPAWN_UNAVAILABLE,ONE_UNIT_SPAWN_UNAVAILABLE,1,True,
train,map_002162.csv,73d2c21854b733a41069783b2064867140ef85a20a9916db7210cd329a192bef,42,ONE_UNIT_SPAWN_UNAVAILABLE,ONE_UNIT_SPAWN_UNAVAILABLE,1,True,
train,map_001093.csv,73e289885eaa135ed7bc5f6211422fcb12672bfb9216eb3f609ceaaf61a86e7a,42,ONE_UNIT_SPAWN_UNAVAILABLE,ONE_UNIT_SPAWN_UNAVAILABLE,1,True,
train,map_005034.csv,73e4b1c7b90c5ee03ef814c1a5cde5059389f601ae2ea0d8078d224bf026c0e9,42,ONE_UNIT_SPAWN_UNAVAILABLE,ONE_UNIT_SPAWN_UNAVAILABLE,1,True,
train,map_005405.csv,73ec871648875357bdfa1a6fc4ad0682117b5e99acc978db8d24ce9dcdf7964d,42,ONE_UNIT_SPAWN_UNAVAILABLE,ONE_UNIT_SPAWN_UNAVAILABLE,1,True,
train,map_000353.csv,73ee4384809eddecbed35870c9fc29d2a725b50cda44b76ed656fee94c5b4fda,42,ONE_UNIT_SPAWN_UNAVAILABLE,ONE_UNIT_SPAWN_UNAVAILABLE,1,True,
train,map_001834.csv,740a3ca20b4478481b27dc5c39c4f2f0044421d4ec5d2f6746ad6eab3108ac6b,42,ONE_UNIT_SPAWN_UNAVAILABLE,ONE_UNIT_SPAWN_UNAVAILABLE,1,True,
train,map_004587.csv,740e08e9fc2457ebaa8fba368336575d1414fc5823f4f6a91258dc6dc252f78a,42,ONE_UNIT_SPAWN_UNAVAILABLE,ONE_UNIT_SPAWN_UNAVAILABLE,1,True,
train,map_004189.csv,74658d767773e8646b2a7ba293a57286210a277eafa2940b1d5bee4533215706,42,ONE_UNIT_SPAWN_UNAVAILABLE,ONE_UNIT_SPAWN_UNAVAILABLE,1,True,
train,map_003825.csv,74743b4dc12aac775fba552fbcf0848bf9227030cf527671b14c3766b0ff0b6f,42,ONE_UNIT_SPAWN_UNAVAILABLE,ONE_UNIT_SPAWN_UNAVAILABLE,1,True,
train,map_004179.csv,74b5caad918c06552dc7096b71f401ec65f5d9a687b88735d6f60abd616b3238,42,ONE_UNIT_SPAWN_UNAVAILABLE,ONE_UNIT_SPAWN_UNAVAILABLE,1,True,
train,map_003261.csv,74dc5c7a0239fd784f199ea209d0f74351e996767c23237422acc571acb2dec6,42,ONE_UNIT_SPAWN_UNAVAILABLE,ONE_UNIT_SPAWN_UNAVAILABLE,1,True,
train,map_000807.csv,74ed81fd971113920f4fb66edc1a92de483eb5ae7e4f11bd219a9a3b15fd326a,42,ONE_UNIT_SPAWN_UNAVAILABLE,ONE_UNIT_SPAWN_UNAVAILABLE,1,True,
train,map_001169.csv,74eff6a3921fadaa32a4d4e8e7a619d24aeee9c93046fc612326fd381cfa0afd,42,ONE_UNIT_SPAWN_UNAVAILABLE,ONE_UNIT_SPAWN_UNAVAILABLE,1,True,
train,map_003997.csv,74fb3a1db1c79d96b65776104db9fa5ef97fcadf2978b2e061853478ccdeb33a,42,ONE_UNIT_SPAWN_UNAVAILABLE,ONE_UNIT_SPAWN_UNAVAILABLE,1,True,
train,map_003063.csv,75039f0a47beec0a828554d8611fe354e18a9b6450a1c8a5ee6525da8378a7fe,42,ONE_UNIT_SPAWN_UNAVAILABLE,ONE_UNIT_SPAWN_UNAVAILABLE,1,True,
train,map_005467.csv,750fdaec71035f5a03ecee8d667cae990254854b152009817e7661a13fe11294,42,ONE_UNIT_SPAWN_UNAVAILABLE,ONE_UNIT_SPAWN_UNAVAILABLE,1,True,
train,map_001963.csv,752b6671bed1d734ca5616cfa0117e2bd02b859c6c05e8fc3d490c774b451df3,42,ONE_UNIT_SPAWN_UNAVAILABLE,ONE_UNIT_SPAWN_UNAVAILABLE,1,True,
train,map_000319.csv,75327c34170174dca3fdb6505046530cf98400962bd995c986ee7d9d15d90311,42,ONE_UNIT_SPAWN_UNAVAILABLE,ONE_UNIT_SPAWN_UNAVAILABLE,1,True,
train,map_001611.csv,756c86db39ce4e5183fac469770ea749d1896eccda9fccafff2174814033b92a,42,ONE_UNIT_SPAWN_UNAVAILABLE,ONE_UNIT_SPAWN_UNAVAILABLE,1,True,
train,map_004078.csv,75930448d6f17ad37aa23dd052757268e36c9d9e3634aa0abd115b76317f56f2,42,ONE_UNIT_SPAWN_UNAVAILABLE,ONE_UNIT_SPAWN_UNAVAILABLE,1,True,
train,map_005006.csv,75b4de1dd691b518f740dae0191572d9f03f78f69512a655d2cd9197b487ff4d,42,ONE_UNIT_SPAWN_UNAVAILABLE,ONE_UNIT_SPAWN_UNAVAILABLE,1,True,
train,map_001720.csv,75dbcadd3b6554beb588e23f03ea1f57590807dd7797f06f9bd4f071572e3901,42,ONE_UNIT_SPAWN_UNAVAILABLE,ONE_UNIT_SPAWN_UNAVAILABLE,1,True,
train,map_005341.csv,760cba74f3ab720581368d04acce9ba11df135d9388f1af7a9cc710e205263f1,42,ONE_UNIT_SPAWN_UNAVAILABLE,ONE_UNIT_SPAWN_UNAVAILABLE,1,True,
train,map_003017.csv,761151b954202c56fff471397599b523c947df35365ba41fd4e13c70585c64b7,42,ONE_UNIT_SPAWN_UNAVAILABLE,ONE_UNIT_SPAWN_UNAVAILABLE,1,True,
train,map_005429.csv,7650256f37e5e2e4c21ae17e441ee0fd59231e948359d2e725948ba6995abb16,42,ONE_UNIT_SPAWN_UNAVAILABLE,ONE_UNIT_SPAWN_UNAVAILABLE,1,True,
train,map_001779.csv,767f56bc286bde6e0ec13acdc9d54c1d653a62c574900f4e7abe67b2db8c428b,42,ONE_UNIT_SPAWN_UNAVAILABLE,ONE_UNIT_SPAWN_UNAVAILABLE,1,True,
train,map_001993.csv,76acda435acfd757811e8b8cbc5871a72456b2bbd62eeb67c3b00c6854f4f869,42,ONE_UNIT_SPAWN_UNAVAILABLE,ONE_UNIT_SPAWN_UNAVAILABLE,1,True,
train,map_001476.csv,76b38c74f18a0b3d4eea23b03f3ba00f0dc35ce2df322abbddb3648e31f28882,42,ONE_UNIT_SPAWN_UNAVAILABLE,ONE_UNIT_SPAWN_UNAVAILABLE,1,True,
train,map_000725.csv,76e4de33da8c1ae2d760de1e058b3b8999f1bac08c8f2871632aa8278406fbd3,42,ONE_UNIT_SPAWN_UNAVAILABLE,ONE_UNIT_SPAWN_UNAVAILABLE,1,True,
train,map_003381.csv,76f0a5dc24bfbe393edd523aac97f3c6e92a394311d1f8c6a3c438c3c34643e9,42,ONE_UNIT_SPAWN_UNAVAILABLE,ONE_UNIT_SPAWN_UNAVAILABLE,1,True,
train,map_004264.csv,771e7224cf34fba5168ed5c86adde0c274a8a8866fd4610e67cad63990acdd36,42,ONE_UNIT_SPAWN_UNAVAILABLE,ONE_UNIT_SPAWN_UNAVAILABLE,1,True,
train,map_001410.csv,77418e5eeba5ae19aeed74cdf0c3c125b0bd9bde188e3dbc26e810467cf55945,42,ONE_UNIT_SPAWN_UNAVAILABLE,ONE_UNIT_SPAWN_UNAVAILABLE,1,True,
train,map_003132.csv,774f2fdde0a79d7013aa23fe4ce09c8560777c2ef9b290c74439e31212900f9b,42,ONE_UNIT_SPAWN_UNAVAILABLE,ONE_UNIT_SPAWN_UNAVAILABLE,1,True,
train,map_004983.csv,776ace9a81b1f1a61ace6160f7f3b8691267206f0458693eda40c6c6441f107c,42,ONE_UNIT_SPAWN_UNAVAILABLE,ONE_UNIT_SPAWN_UNAVAILABLE,1,True,
train,map_003501.csv,776d7da8c9ab205a2aef33a300cc04e490dc529c989540702d709dac957145cb,42,ONE_UNIT_SPAWN_UNAVAILABLE,ONE_UNIT_SPAWN_UNAVAILABLE,1,True,
train,map_000883.csv,776e6ddc1c2285d29edb0975e2da952e67f570cf1224e044db83bc62f58358d3,42,ONE_UNIT_SPAWN_UNAVAILABLE,ONE_UNIT_SPAWN_UNAVAILABLE,1,True,
train,map_003025.csv,777182f9dcf32e2b8a8e5366bdbbb7dd3da2d055594deb20b7182efbe99ba1c1,42,ONE_UNIT_SPAWN_UNAVAILABLE,ONE_UNIT_SPAWN_UNAVAILABLE,1,True,
train,map_000605.csv,77779d9d5763eac2dbeb63fd3d07e1f1f8389c57a6ca13ea88b2f7ae2a8e8563,42,ONE_UNIT_SPAWN_UNAVAILABLE,ONE_UNIT_SPAWN_UNAVAILABLE,1,True,
train,map_001917.csv,778162df4ad9cc5c7cb556ade02d0b98d6ce95ca8e7ae82acce57ad78ae5395c,42,ONE_UNIT_SPAWN_UNAVAILABLE,ONE_UNIT_SPAWN_UNAVAILABLE,1,True,
train,map_001034.csv,779da35e43636b1aa3dde132cfcad9a77e988b9bbfc5d81a832896ee635178af,42,ONE_UNIT_SPAWN_UNAVAILABLE,ONE_UNIT_SPAWN_UNAVAILABLE,1,True,
train,map_004385.csv,77b5f7635030a7db9e1ad28050ee02b11e2618df6edfef83d3795abffd8e90ea,42,ONE_UNIT_SPAWN_UNAVAILABLE,ONE_UNIT_SPAWN_UNAVAILABLE,1,True,
train,map_001753.csv,77b8234c41cbf73fc51dce7866175129925c6ef6eab0a3b837fa5eb7acc7e539,42,ONE_UNIT_SPAWN_UNAVAILABLE,ONE_UNIT_SPAWN_UNAVAILABLE,1,True,
train,map_000863.csv,77d536d791de554755adc51c7bc423e12cf22344f6ff3c5142adf1eaad8ee898,42,ONE_UNIT_SPAWN_UNAVAILABLE,ONE_UNIT_SPAWN_UNAVAILABLE,1,True,
train,map_003889.csv,780671546e0ebd8a276f8873e84d8e699a61e27a4508c5d50ed42b4544be0b38,42,ONE_UNIT_SPAWN_UNAVAILABLE,ONE_UNIT_SPAWN_UNAVAILABLE,1,True,
train,map_000322.csv,7818e4546f2f16050588601b87fb5e1bf59dcd6692ffa3b4eb36e57e4eb21d62,42,ONE_UNIT_SPAWN_UNAVAILABLE,ONE_UNIT_SPAWN_UNAVAILABLE,1,True,
train,map_003619.csv,781ddcd770d7aab464e9bd6d67e569f068b2b6530a29c06295c64bde8c35b124,42,ONE_UNIT_SPAWN_UNAVAILABLE,ONE_UNIT_SPAWN_UNAVAILABLE,1,True,
train,map_003237.csv,786db4c299ca3eaf807d5188afd8141ced0f4da3ba3ba073f7645ba9dd165358,42,ONE_UNIT_SPAWN_UNAVAILABLE,ONE_UNIT_SPAWN_UNAVAILABLE,1,True,
train,map_002137.csv,7888043bde235ac14ae56d2d9e0c87dfe8311815f8341bc26bbe46fe791b68a3,42,ONE_UNIT_SPAWN_UNAVAILABLE,ONE_UNIT_SPAWN_UNAVAILABLE,1,True,
train,map_005365.csv,7944bf29e5a4a44aa54d7d554cec41a16482f643c8e5aca16d02066b06b41a24,42,ONE_UNIT_SPAWN_UNAVAILABLE,ONE_UNIT_SPAWN_UNAVAILABLE,1,True,
train,map_002388.csv,795c65ae5bbca49e205b6a2c42ace4e4829ef21e189c5483f7c89b2bc8deeb2b,42,ONE_UNIT_SPAWN_UNAVAILABLE,ONE_UNIT_SPAWN_UNAVAILABLE,1,True,
train,map_003699.csv,796ae7856f0413a723d83f701815a43e98bcbcb94fb26be2d65ba902e743c298,42,ONE_UNIT_SPAWN_UNAVAILABLE,ONE_UNIT_SPAWN_UNAVAILABLE,1,True,
train,map_003953.csv,79875d36d88fd4707fc067b4e8f7da915b2f63872e5172a6e0e10951116c15b0,42,ONE_UNIT_SPAWN_UNAVAILABLE,ONE_UNIT_SPAWN_UNAVAILABLE,1,True,
train,map_001734.csv,798cf8c0857b059dee0c3e8695ddd272497cf00e93bad4cbb5a8e72b9ade3e9d,42,ONE_UNIT_SPAWN_UNAVAILABLE,ONE_UNIT_SPAWN_UNAVAILABLE,1,True,
train,map_003402.csv,79ca9fdf9f17f9755f9cff761481ebd4da63bbf09098e9993a64ecc4bb64086d,42,ONE_UNIT_SPAWN_UNAVAILABLE,ONE_UNIT_SPAWN_UNAVAILABLE,1,True,
train,map_002589.csv,79e4a52eeddc508ed6772ca5dc5c2e7d8dc84e538e1335d6592581a626613555,42,ONE_UNIT_SPAWN_UNAVAILABLE,ONE_UNIT_SPAWN_UNAVAILABLE,1,True,
train,map_003824.csv,79fae507dc7ef682455a1210f058a3d4c06d32685baa1687dfad6175312ba459,42,ONE_UNIT_SPAWN_UNAVAILABLE,ONE_UNIT_SPAWN_UNAVAILABLE,1,True,
train,map_003210.csv,7a0a1475d63f819a74ad1ed301cf22f2ba15bf0863fa7d7f2ee84f210a1f10df,42,ONE_UNIT_SPAWN_UNAVAILABLE,ONE_UNIT_SPAWN_UNAVAILABLE,1,True,
train,map_001887.csv,7a7d1c26a9ffe118f7c60f790b3dc20e9e47138a120fc6d89e860695bf0975fb,42,ONE_UNIT_SPAWN_UNAVAILABLE,ONE_UNIT_SPAWN_UNAVAILABLE,1,True,
train,map_003914.csv,7a81ef8a385d459d47b53baa65b044933f778990016ff4f867c524941740c6ec,42,ONE_UNIT_SPAWN_UNAVAILABLE,ONE_UNIT_SPAWN_UNAVAILABLE,1,True,
train,map_002097.csv,7a8e5fcd6b697d384b628e8f9d20036a298a1b6d86b23b310556f8e27cefad64,42,ONE_UNIT_SPAWN_UNAVAILABLE,ONE_UNIT_SPAWN_UNAVAILABLE,1,True,
train,map_001880.csv,7a959e2cff338918f7ed745a3abb2d187698d9e8fae98b7e7f25e54374bfc534,42,ONE_UNIT_SPAWN_UNAVAILABLE,ONE_UNIT_SPAWN_UNAVAILABLE,1,True,
train,map_000409.csv,7a9c0a87068b1cba8fabcba30759a0e09569654cd13f98b01e619eba7b1c612a,42,ONE_UNIT_SPAWN_UNAVAILABLE,ONE_UNIT_SPAWN_UNAVAILABLE,1,True,
train,map_005077.csv,7a9c929d110efa0e1b34917e02ecd0b96a7776cd931beb9722e7d0612eaaf737,42,ONE_UNIT_SPAWN_UNAVAILABLE,ONE_UNIT_SPAWN_UNAVAILABLE,1,True,
train,map_001960.csv,7abd555d767a36528d37e86e70639aeed0fefd504dc8a4522232a44e0bfefda0,42,ONE_UNIT_SPAWN_UNAVAILABLE,ONE_UNIT_SPAWN_UNAVAILABLE,1,True,
train,map_002289.csv,7aca06e459d63943960d2a881025cc938684d0f8b411293d2f2e5e5874fcff57,42,ONE_UNIT_SPAWN_UNAVAILABLE,ONE_UNIT_SPAWN_UNAVAILABLE,1,True,
train,map_001229.csv,7ae349c0d2fa11c5cdd026959d055544225192ef2f5ab6125fb889f9cdc707d3,42,ONE_UNIT_SPAWN_UNAVAILABLE,ONE_UNIT_SPAWN_UNAVAILABLE,1,True,
train,map_003303.csv,7b08966ec00afd4e161de95ab3431643559f640b705200410b37fea67e754ffe,42,ONE_UNIT_SPAWN_UNAVAILABLE,ONE_UNIT_SPAWN_UNAVAILABLE,1,True,
train,map_002527.csv,7b19230ec48663da6906ffe01c2251e6aeda085903031dcadb3fc806bafa1659,42,ONE_UNIT_SPAWN_UNAVAILABLE,ONE_UNIT_SPAWN_UNAVAILABLE,1,True,
train,map_002463.csv,7b324b283cc0a95a24d14f9c430b734a61346fc3d7b8222d09847d14adaa0641,42,ONE_UNIT_SPAWN_UNAVAILABLE,ONE_UNIT_SPAWN_UNAVAILABLE,1,True,
train,map_005495.csv,7b573c2af95e6ed254dbbdc23115f34968db107e42d12529fcb817f029a847e2,42,ONE_UNIT_SPAWN_UNAVAILABLE,ONE_UNIT_SPAWN_UNAVAILABLE,1,True,
train,map_003884.csv,7b721a139bbb588d5effca44a172318e9c2460b153acc6b50a5af3804d7847ad,42,ONE_UNIT_SPAWN_UNAVAILABLE,ONE_UNIT_SPAWN_UNAVAILABLE,1,True,
train,map_002186.csv,7b76c87af10b18b1aab01b458cb8620d699c17460acd3d0d26a20677c14e76ee,42,ONE_UNIT_SPAWN_UNAVAILABLE,ONE_UNIT_SPAWN_UNAVAILABLE,1,True,
train,map_004532.csv,7b869e018d3e118e770bbe7826530eee97e367dceee368ccabf99fc15d84cdb1,42,ONE_UNIT_SPAWN_UNAVAILABLE,ONE_UNIT_SPAWN_UNAVAILABLE,1,True,
train,map_000926.csv,7bd1f0e7778e1a243cc7b1c0458662a0a4ae0debb54236635c5cc5097a6ca1e1,42,ONE_UNIT_SPAWN_UNAVAILABLE,ONE_UNIT_SPAWN_UNAVAILABLE,1,True,
train,map_004202.csv,7bd663163979a830055a7cfad3afcff5e1f94dc1de07f4fef6f84a15aab2a78e,42,ONE_UNIT_SPAWN_UNAVAILABLE,ONE_UNIT_SPAWN_UNAVAILABLE,1,True,
train,map_001521.csv,7bdc6a3998aded9c049ae265cb9751d391b56c68189d386bf7d6824b9d978801,42,ONE_UNIT_SPAWN_UNAVAILABLE,ONE_UNIT_SPAWN_UNAVAILABLE,1,True,
train,map_005349.csv,7bfe79a772b2d9e3fb8cac1ec0ff24eb3e172398afce84460fa0f53ea65f2b2a,42,ONE_UNIT_SPAWN_UNAVAILABLE,ONE_UNIT_SPAWN_UNAVAILABLE,1,True,
train,map_002143.csv,7c27d1528bc1945f3f6e8814ec77672ac8b179ed612fbbdb4e63f6528d8d78ca,42,ONE_UNIT_SPAWN_UNAVAILABLE,ONE_UNIT_SPAWN_UNAVAILABLE,1,True,
train,map_001814.csv,7c2cb5fa948de68c6ab7370e68ac82ee9616bb45d5386decf450e668808caa91,42,ONE_UNIT_SPAWN_UNAVAILABLE,ONE_UNIT_SPAWN_UNAVAILABLE,1,True,
train,map_000703.csv,7c2fb10c3cda6194d650906866fc12fe68b924ba337a14979199af71c598bac5,42,ONE_UNIT_SPAWN_UNAVAILABLE,ONE_UNIT_SPAWN_UNAVAILABLE,1,True,
train,map_003711.csv,7c4fe42cb7a4108c70b1ac9487e9c899412250a4b2bd9fc0b07676d9bf509475,42,ONE_UNIT_SPAWN_UNAVAILABLE,ONE_UNIT_SPAWN_UNAVAILABLE,1,True,
train,map_004809.csv,7c8cbbf6a75761dbd7b313d78637290b744ce133293d75d04f52340226db88dc,42,ONE_UNIT_SPAWN_UNAVAILABLE,ONE_UNIT_SPAWN_UNAVAILABLE,1,True,
train,map_004988.csv,7c9e7c016ae78202e5a24477c248336daecf1fadd8f967fd45a2379cec8f5aca,42,ONE_UNIT_SPAWN_UNAVAILABLE,ONE_UNIT_SPAWN_UNAVAILABLE,1,True,
train,map_000113.csv,7cab1f42e59a761f51e84effa48d1a72706655e30df40c596ac92ed3022fcb17,42,ONE_UNIT_SPAWN_UNAVAILABLE,ONE_UNIT_SPAWN_UNAVAILABLE,1,True,
train,map_002777.csv,7cbb8ef0f9e9d24cacff04af1afdd6e113dd1160cc145ca41e330f18be8e7ce6,42,ONE_UNIT_SPAWN_UNAVAILABLE,ONE_UNIT_SPAWN_UNAVAILABLE,1,True,
train,map_001314.csv,7ccd65f1fbf4a66cab48dc296ba86239beba9ecfc43ca40d47bd25c4c0d9a702,42,ONE_UNIT_SPAWN_UNAVAILABLE,ONE_UNIT_SPAWN_UNAVAILABLE,1,True,
train,map_002997.csv,7cce0d63b29753dce5a24af13de439b499df35df5f27847e701e9d037a129c3b,42,ONE_UNIT_SPAWN_UNAVAILABLE,ONE_UNIT_SPAWN_UNAVAILABLE,1,True,
train,map_000766.csv,7ce37c56fc25f8803c6f1bccfaecf1b802826aca128308ebf5d3649912509848,42,ONE_UNIT_SPAWN_UNAVAILABLE,ONE_UNIT_SPAWN_UNAVAILABLE,1,True,
train,map_002496.csv,7ce4a7e2a3738adbe5448088b3f27f7b44c2508feaebba4d39adc69340d25781,42,ONE_UNIT_SPAWN_UNAVAILABLE,ONE_UNIT_SPAWN_UNAVAILABLE,1,True,
train,map_004471.csv,7cee74e7a9957068204206a8625e3f4a6c09cbb68ca514a6038778f27a27d2f5,42,ONE_UNIT_SPAWN_UNAVAILABLE,ONE_UNIT_SPAWN_UNAVAILABLE,1,True,
train,map_003344.csv,7cf0b9dc7e154cd3605234d8cd8b16e25f3b14c2391463952feb653bf12fd132,42,ONE_UNIT_SPAWN_UNAVAILABLE,ONE_UNIT_SPAWN_UNAVAILABLE,1,True,
train,map_002171.csv,7d13f4f24e30602914f1a155707d05b510f7d11d29e383d808e4dc51fc3c9bf2,42,ONE_UNIT_SPAWN_UNAVAILABLE,ONE_UNIT_SPAWN_UNAVAILABLE,1,True,
train,map_004713.csv,7d2605760df66d1db2efbd54115f08892ee1487b6bb191afb88d9cb1d0062de8,42,ONE_UNIT_SPAWN_UNAVAILABLE,ONE_UNIT_SPAWN_UNAVAILABLE,1,True,
train,map_004565.csv,7d6f1c04ea5911fe3ed94b9336e42ae84c06db427ff738dbcbbe247e390b2d59,42,ONE_UNIT_SPAWN_UNAVAILABLE,ONE_UNIT_SPAWN_UNAVAILABLE,1,True,
train,map_003131.csv,7d6f577a9a90a41701151ebf9c0fba8be1f5796c07ca1a53b5f67afcf6dc2ab5,42,ONE_UNIT_SPAWN_UNAVAILABLE,ONE_UNIT_SPAWN_UNAVAILABLE,1,True,
train,map_000119.csv,7daaf63a3eb4456c252c9ec15b72a47464626919aab1a949a79edfb11b116da9,42,ONE_UNIT_SPAWN_UNAVAILABLE,ONE_UNIT_SPAWN_UNAVAILABLE,1,True,
train,map_000852.csv,7dc8b80268a1a704f77312fa9205646fd3b629a10cdbc24761a06d5945ca709d,42,ONE_UNIT_SPAWN_UNAVAILABLE,ONE_UNIT_SPAWN_UNAVAILABLE,1,True,
train,map_005040.csv,7ddf8ca71840c3905907ec3ff8dc8a81a51a1edec1ed7d8c9063f63344a42697,42,ONE_UNIT_SPAWN_UNAVAILABLE,ONE_UNIT_SPAWN_UNAVAILABLE,1,True,
train,map_000071.csv,7de6c5ea994dda186ec7d99e90e80687f8020bda179348f085f74aae8234e687,42,ONE_UNIT_SPAWN_UNAVAILABLE,ONE_UNIT_SPAWN_UNAVAILABLE,1,True,
train,map_001209.csv,7dea860e99fa187c8b0500eb10a8e248e8ea9d0300ae8d9e663dfbc511a5f3da,42,ONE_UNIT_SPAWN_UNAVAILABLE,ONE_UNIT_SPAWN_UNAVAILABLE,1,True,
train,map_000643.csv,7df0ee3ab95d84aaa2581e6f408de8cec72bfabe9a1d7bf09fe146650c2b9527,42,ONE_UNIT_SPAWN_UNAVAILABLE,ONE_UNIT_SPAWN_UNAVAILABLE,1,True,
train,map_004711.csv,7e082ec1c78e8abe71db2efa35c8077b46bced9aa19ec0da223f585f42cb0138,42,ONE_UNIT_SPAWN_UNAVAILABLE,ONE_UNIT_SPAWN_UNAVAILABLE,1,True,
train,map_000363.csv,7e1e9b7c76c5c0f15566d09c94bce2ad90103b4ebd35651f4189095905fba7fd,42,ONE_UNIT_SPAWN_UNAVAILABLE,ONE_UNIT_SPAWN_UNAVAILABLE,1,True,
train,map_003768.csv,7e512e18657d3ef1256821650954846da491d4f408f44d565327f6d28e7f5e6f,42,ONE_UNIT_SPAWN_UNAVAILABLE,ONE_UNIT_SPAWN_UNAVAILABLE,1,True,
train,map_000783.csv,7e5862aefcc79ab637321f4d818f63445a758144d96270495816d3edfdcbab07,42,ONE_UNIT_SPAWN_UNAVAILABLE,ONE_UNIT_SPAWN_UNAVAILABLE,1,True,
train,map_004870.csv,7e6d32124ab47b711865d326573d1f87b033df4e02c67a1eb33702044d31ca3c,42,ONE_UNIT_SPAWN_UNAVAILABLE,ONE_UNIT_SPAWN_UNAVAILABLE,1,True,
train,map_003384.csv,7e75a007592ba7eb935daa90e097f696629188fec97c9d5f2a2e11890166e21d,42,ONE_UNIT_SPAWN_UNAVAILABLE,ONE_UNIT_SPAWN_UNAVAILABLE,1,True,
train,map_001832.csv,7e93ce1a979929e475754e23e6c0ff11685685af7bd511fc076259404d6c1263,42,ONE_UNIT_SPAWN_UNAVAILABLE,ONE_UNIT_SPAWN_UNAVAILABLE,1,True,
train,map_002919.csv,7eb18385e87648d30b35f4c6db2f1316416cae1c724834625de086fe9f35ae22,42,ONE_UNIT_SPAWN_UNAVAILABLE,ONE_UNIT_SPAWN_UNAVAILABLE,1,True,
train,map_000706.csv,7ed25f594662be96a34266aa772643001f5e282528c993c1d457c412dfea9127,42,ONE_UNIT_SPAWN_UNAVAILABLE,ONE_UNIT_SPAWN_UNAVAILABLE,1,True,
train,map_003061.csv,7f1506850a51d55c4b58aed33869094f67187f48088a2430d7f2570a57ce4c69,42,ONE_UNIT_SPAWN_UNAVAILABLE,ONE_UNIT_SPAWN_UNAVAILABLE,1,True,
train,map_002054.csv,7f1c44821add6059ecb18e75844d025c50ab49788f86b9cd6ad6a9a349f7c3bb,42,ONE_UNIT_SPAWN_UNAVAILABLE,ONE_UNIT_SPAWN_UNAVAILABLE,1,True,
train,map_004516.csv,7f205f614ce5af8cb381308897d35fab2e8de47295e6d51711bb0353c6b50875,42,ONE_UNIT_SPAWN_UNAVAILABLE,ONE_UNIT_SPAWN_UNAVAILABLE,1,True,
train,map_001008.csv,7f2b7b3aaf0645c003faf59e8cd20d7a1465086658a28a6d5ef7da9329676f18,42,ONE_UNIT_SPAWN_UNAVAILABLE,ONE_UNIT_SPAWN_UNAVAILABLE,1,True,
train,map_004177.csv,7f5f862e3669c9392ed0d19417f0e75031df50803ebf9a63d1c2742b712de015,42,ONE_UNIT_SPAWN_UNAVAILABLE,ONE_UNIT_SPAWN_UNAVAILABLE,1,True,
train,map_000077.csv,7fa4e1260db9f08cf7d37f889931b9cf22a99336daa4a64f8868b653f81d3ee6,42,ONE_UNIT_SPAWN_UNAVAILABLE,ONE_UNIT_SPAWN_UNAVAILABLE,1,True,
train,map_001905.csv,7fb2eca8ac1e17999a3595e42013f9be19b2b575bb5f02e74521afa9b37124ab,42,ONE_UNIT_SPAWN_UNAVAILABLE,ONE_UNIT_SPAWN_UNAVAILABLE,1,True,
train,map_001090.csv,7fc6a7d308c2ff819672b118dd620f210b7d9ebddc247bc5f559afe7a32cd957,42,ONE_UNIT_SPAWN_UNAVAILABLE,ONE_UNIT_SPAWN_UNAVAILABLE,1,True,
train,map_001060.csv,7fefcca23fcb97dc3cd9e677b1493ccf3bb64d285fe344dbd23e3092daa7b36a,42,ONE_UNIT_SPAWN_UNAVAILABLE,ONE_UNIT_SPAWN_UNAVAILABLE,1,True,
train,map_001718.csv,7ff93e4036bc0f1f187464b078ef5237a29713f1516c382553a1013df1aa8bb4,42,ONE_UNIT_SPAWN_UNAVAILABLE,ONE_UNIT_SPAWN_UNAVAILABLE,1,True,
train,map_004227.csv,8014b39bb332c9d27cc6516d600efb07e9817961577e74bf04f04310bf3bf5e7,42,ONE_UNIT_SPAWN_UNAVAILABLE,ONE_UNIT_SPAWN_UNAVAILABLE,1,True,
train,map_004961.csv,807a4a1b5b5a7b76f9a9a4cac8c79a18e1c41a9ee300d0afcdb6ace1b26c620a,42,ONE_UNIT_SPAWN_UNAVAILABLE,ONE_UNIT_SPAWN_UNAVAILABLE,1,True,
train,map_000684.csv,80a14b622d43d8a5a31357758714e3951e7445fb74bba2b099b5ecaf4f5b46c8,42,ONE_UNIT_SPAWN_UNAVAILABLE,ONE_UNIT_SPAWN_UNAVAILABLE,1,True,
train,map_001952.csv,80b7bd7c7a780918d5c4e985f68cd9c849af7e1355d4a9afc476ae253ae7714f,42,ONE_UNIT_SPAWN_UNAVAILABLE,ONE_UNIT_SPAWN_UNAVAILABLE,1,True,
train,map_002937.csv,80fe50d70698d32fcd5241eae92e8ac2c98d4acd98e86e54403a49e0e51013c0,42,ONE_UNIT_SPAWN_UNAVAILABLE,ONE_UNIT_SPAWN_UNAVAILABLE,1,True,
train,map_004707.csv,813076671e48ef834c79879a377bfc8951e5e683267ee18d3f31afc781b13e3e,42,ONE_UNIT_SPAWN_UNAVAILABLE,ONE_UNIT_SPAWN_UNAVAILABLE,1,True,
train,map_001076.csv,813ac7cf3da98fec83d37a5263182d78134307397dc671c4292f4dd083c2cf49,42,ONE_UNIT_SPAWN_UNAVAILABLE,ONE_UNIT_SPAWN_UNAVAILABLE,1,True,
train,map_003296.csv,813b36bc5462fbc29d8f7de3b4c986dc91f8fc97c07da7970783ec63d3fc411e,42,ONE_UNIT_SPAWN_UNAVAILABLE,ONE_UNIT_SPAWN_UNAVAILABLE,1,True,
train,map_002022.csv,815acdb3f2695b8110190bf40c0ec27aaae348334b8b23adcb7664e24f94cdc1,42,ONE_UNIT_SPAWN_UNAVAILABLE,ONE_UNIT_SPAWN_UNAVAILABLE,1,True,
train,map_004452.csv,81607f47beec4be59135876dca7368bed6462f749b40dba5860d145cbcfb83a0,42,ONE_UNIT_SPAWN_UNAVAILABLE,ONE_UNIT_SPAWN_UNAVAILABLE,1,True,
train,map_000008.csv,8166f5b0be388fc06dfcc36cc414c3a802135d7dae802a66032865ec61873c7b,42,ONE_UNIT_SPAWN_UNAVAILABLE,ONE_UNIT_SPAWN_UNAVAILABLE,1,True,
train,map_003045.csv,819d07a28fae93daf8fe1b8964ee1058b00187349e6cfefd45e36ce178625df8,42,ONE_UNIT_SPAWN_UNAVAILABLE,ONE_UNIT_SPAWN_UNAVAILABLE,1,True,
train,map_001967.csv,81c2c8c20602c6b4f3b2bc7149ea83f8de783b665d3976eac1fefc0186acda67,42,ONE_UNIT_SPAWN_UNAVAILABLE,ONE_UNIT_SPAWN_UNAVAILABLE,1,True,
train,map_000287.csv,821a32015abc41326f07c64e69e8a8a8912959cabb65f44f548ec8f66f2b549f,42,ONE_UNIT_SPAWN_UNAVAILABLE,ONE_UNIT_SPAWN_UNAVAILABLE,1,True,
train,map_001645.csv,82352ebbf324e8eebd1e37a57f647e13302570c2edb075e191f3f8cd160ffde3,42,ONE_UNIT_SPAWN_UNAVAILABLE,ONE_UNIT_SPAWN_UNAVAILABLE,1,True,
train,map_004908.csv,823849d0b5a4ff395e8989577d5f5e623b9129570c4290d851989955e296b56c,42,ONE_UNIT_SPAWN_UNAVAILABLE,ONE_UNIT_SPAWN_UNAVAILABLE,1,True,
train,map_000509.csv,823cd9e92fd979d263068bd0e90e4788bb8d072c1038ed2c3e8ac9072d9f5458,42,ONE_UNIT_SPAWN_UNAVAILABLE,ONE_UNIT_SPAWN_UNAVAILABLE,1,True,
train,map_001811.csv,825234aee5304a92ec3dd5b1d0838db5fecac0165868c64f990368d57e6de508,42,ONE_UNIT_SPAWN_UNAVAILABLE,ONE_UNIT_SPAWN_UNAVAILABLE,1,True,
train,map_003866.csv,8295dd174cf3bb0facebc8311efd7793328f53ccc2474a2d01dd89313546cc9f,42,ONE_UNIT_SPAWN_UNAVAILABLE,ONE_UNIT_SPAWN_UNAVAILABLE,1,True,
train,map_000366.csv,82badba7dad6c1df6a5edb2a2045bf596061037f9f7e09dff009db2a97742732,42,ONE_UNIT_SPAWN_UNAVAILABLE,ONE_UNIT_SPAWN_UNAVAILABLE,1,True,
train,map_002526.csv,82c92266e2efece1e78d4cda09fe857a04a173c5f420f9598cc732092f6fc01a,42,ONE_UNIT_SPAWN_UNAVAILABLE,ONE_UNIT_SPAWN_UNAVAILABLE,1,True,
train,map_004773.csv,82de158c63d95ec38c825053edd38a7001910a58ff4d9c232d78196a4e37900a,42,ONE_UNIT_SPAWN_UNAVAILABLE,ONE_UNIT_SPAWN_UNAVAILABLE,1,True,
train,map_002401.csv,82e869a8dc297cefe2926097c906647d5d0a079560c3633e05a2a8fb8bf4611f,42,ONE_UNIT_SPAWN_UNAVAILABLE,ONE_UNIT_SPAWN_UNAVAILABLE,1,True,
train,map_004855.csv,82fa9d975763761f1a5359c34f8ad195f88fc5612b9cb334f6822866beba1efd,42,ONE_UNIT_SPAWN_UNAVAILABLE,ONE_UNIT_SPAWN_UNAVAILABLE,1,True,
train,map_003272.csv,83160095f227de7d99a4803593e7c3fc8a74ac952ba15dad5f5b634797efbc62,42,ONE_UNIT_SPAWN_UNAVAILABLE,ONE_UNIT_SPAWN_UNAVAILABLE,1,True,
train,map_001411.csv,8321ffc2e289a6049a98ec3769cfdbf712e6f0dffa9657b5e8908fecb025ed9c,42,ONE_UNIT_SPAWN_UNAVAILABLE,ONE_UNIT_SPAWN_UNAVAILABLE,1,True,
train,map_005200.csv,8326a8eda222474d8092e6e52c095d8afa81fd071dd8b96b7bb26fd8d435e49c,42,ONE_UNIT_SPAWN_UNAVAILABLE,ONE_UNIT_SPAWN_UNAVAILABLE,1,True,
train,map_000101.csv,834b0b46d397a670055cf14f9707944d46460e179f65946a1f105031c2d42049,42,ONE_UNIT_SPAWN_UNAVAILABLE,ONE_UNIT_SPAWN_UNAVAILABLE,1,True,
train,map_004550.csv,8351944453f49931d212aea13b902c2cd3809541f66795c7fb08a12f3571f54a,42,ONE_UNIT_SPAWN_UNAVAILABLE,ONE_UNIT_SPAWN_UNAVAILABLE,1,True,
train,map_001815.csv,8367a7c2032d0c7aa08b79a40ccb23bb71a4ddc7ac28917898ad9bd5553a5441,42,ONE_UNIT_SPAWN_UNAVAILABLE,ONE_UNIT_SPAWN_UNAVAILABLE,1,True,
train,map_002239.csv,83909df47b94d9a64de2bd58f757e73617da102cb57655b5097789e4283cf389,42,ONE_UNIT_SPAWN_UNAVAILABLE,ONE_UNIT_SPAWN_UNAVAILABLE,1,True,
train,map_005309.csv,8392fcd0cd2715ebb72a5670eb87d3adc795996cc3156da4e6834313cfb237e4,42,ONE_UNIT_SPAWN_UNAVAILABLE,ONE_UNIT_SPAWN_UNAVAILABLE,1,True,
train,map_003103.csv,83b437f79697dda02e700c2e73aeb17100218757c74033c3a28430cfaf122b90,42,ONE_UNIT_SPAWN_UNAVAILABLE,ONE_UNIT_SPAWN_UNAVAILABLE,1,True,
train,map_004788.csv,83d0d13ae6400d24ecbf3a8f13cb130a6b1355f6e6acc2ad83e79a88b6fad387,42,ONE_UNIT_SPAWN_UNAVAILABLE,ONE_UNIT_SPAWN_UNAVAILABLE,1,True,
train,map_003374.csv,83dd713793e913cfd6327c0916ddd8f583e9e09e6e23fa5a1231289225bbee1a,42,ONE_UNIT_SPAWN_UNAVAILABLE,ONE_UNIT_SPAWN_UNAVAILABLE,1,True,
train,map_004920.csv,83e62514449cb286866600c8a52a61cb1ec3c1400f25671ead118ab33657c39d,42,ONE_UNIT_SPAWN_UNAVAILABLE,ONE_UNIT_SPAWN_UNAVAILABLE,1,True,
train,map_004108.csv,8412fdbdb60408aa84683a73c2c5fcc15115656d5f56c0da4eaab83a7a4c8562,42,ONE_UNIT_SPAWN_UNAVAILABLE,ONE_UNIT_SPAWN_UNAVAILABLE,1,True,
train,map_000780.csv,844a1069b5e1effe2a3259c5b9477eafccc353e5c4628c4b49e157d69a3801d8,42,ONE_UNIT_SPAWN_UNAVAILABLE,ONE_UNIT_SPAWN_UNAVAILABLE,1,True,
train,map_001690.csv,846af5e4324dcd89d08c2b958e7af2c0c800a4bf665e9db7e95bd9d6005cc147,42,ONE_UNIT_SPAWN_UNAVAILABLE,ONE_UNIT_SPAWN_UNAVAILABLE,1,True,
train,map_003676.csv,84753b34819546af43b3bbba859328c9af95afd8fee6a4032540f1dbdf660e31,42,ONE_UNIT_SPAWN_UNAVAILABLE,ONE_UNIT_SPAWN_UNAVAILABLE,1,True,
train,map_002701.csv,847d6647a32311cac28b99f364ba852a4d52ff36fd79f2695b4fa3b09718053d,42,ONE_UNIT_SPAWN_UNAVAILABLE,ONE_UNIT_SPAWN_UNAVAILABLE,1,True,
train,map_000817.csv,849576ee356d63e529ce82fb85e7965bfc39da5e89ac6d189ada8806e9da7e82,42,ONE_UNIT_SPAWN_UNAVAILABLE,ONE_UNIT_SPAWN_UNAVAILABLE,1,True,
train,map_003928.csv,84a4089dbb8780921005084ad1415b27b578402c877643e863c8154a865d3c32,42,ONE_UNIT_SPAWN_UNAVAILABLE,ONE_UNIT_SPAWN_UNAVAILABLE,1,True,
train,map_005474.csv,84b2758588431f89c87a2ba94ace0ec460de896c24b0e2bcf5f5380e39b08b8f,42,ONE_UNIT_SPAWN_UNAVAILABLE,ONE_UNIT_SPAWN_UNAVAILABLE,1,True,
train,map_003558.csv,850fd2667a541b0462ba8e92d415a33934a0b6af0d2971112961b760b3065b20,42,ONE_UNIT_SPAWN_UNAVAILABLE,ONE_UNIT_SPAWN_UNAVAILABLE,1,True,
train,map_003282.csv,852c1fb0903ffb44af2e7ece175d2fa1d97b400b4452902127de33489f675b66,42,ONE_UNIT_SPAWN_UNAVAILABLE,ONE_UNIT_SPAWN_UNAVAILABLE,1,True,
train,map_004474.csv,8539285b9495fe98cfdca80642f4a2bea8e58a6851435fd964eaa727647e956d,42,ONE_UNIT_SPAWN_UNAVAILABLE,ONE_UNIT_SPAWN_UNAVAILABLE,1,True,
train,map_001193.csv,856464abdb2b348d85d26b62cd2f822621ed48321a1102f72a583825cc0e7f63,42,ONE_UNIT_SPAWN_UNAVAILABLE,ONE_UNIT_SPAWN_UNAVAILABLE,1,True,
train,map_003252.csv,85a7f72939f13e6680def7c91e683781eac740750eced253528b37ade86d5e73,42,ONE_UNIT_SPAWN_UNAVAILABLE,ONE_UNIT_SPAWN_UNAVAILABLE,1,True,
train,map_004537.csv,85b3cf5cdaa86b1d41b37db449daa18c350af2090c141231fa044db9c988ef37,42,ONE_UNIT_SPAWN_UNAVAILABLE,ONE_UNIT_SPAWN_UNAVAILABLE,1,True,
train,map_002049.csv,85cc17835f192938a8d4deae6c71cd0f1ff1349c89efe123fe96e2b46c243c18,42,ONE_UNIT_SPAWN_UNAVAILABLE,ONE_UNIT_SPAWN_UNAVAILABLE,1,True,
train,map_003704.csv,85cd2f28ba7e36b201e01afcf3e02db35ed3491c64efe7776b71cb83547adc55,42,ONE_UNIT_SPAWN_UNAVAILABLE,ONE_UNIT_SPAWN_UNAVAILABLE,1,True,
train,map_000946.csv,85f48129691a4ee313d406f214edc5c5f08b568c587b7b78f2861cd71b76517d,42,ONE_UNIT_SPAWN_UNAVAILABLE,ONE_UNIT_SPAWN_UNAVAILABLE,1,True,
train,map_005371.csv,860b337a89d84f94bbcc3c739c9a3bb9afa51bb57daaca9beb100c189cd83619,42,ONE_UNIT_SPAWN_UNAVAILABLE,ONE_UNIT_SPAWN_UNAVAILABLE,1,True,
train,map_001648.csv,863d111311706753f23a01361fdfc650dc2a927cee7d03920200b02d24648061,42,ONE_UNIT_SPAWN_UNAVAILABLE,ONE_UNIT_SPAWN_UNAVAILABLE,1,True,
train,map_000865.csv,866bc5546fc96232cc942176413dd5adfe133a2b5581824eeaea1c0d3b905aa7,42,ONE_UNIT_SPAWN_UNAVAILABLE,ONE_UNIT_SPAWN_UNAVAILABLE,1,True,
train,map_005109.csv,86796a1ec8acf85e175d6a8eed0e3651eedae21fb8d4cd7b04cfa2b0ece815eb,42,ONE_UNIT_SPAWN_UNAVAILABLE,ONE_UNIT_SPAWN_UNAVAILABLE,1,True,
train,map_000377.csv,86ca7952c6aa333e28cad17c48e16e96ee4be35660d6bfc9dbc525309e3b9516,42,ONE_UNIT_SPAWN_UNAVAILABLE,ONE_UNIT_SPAWN_UNAVAILABLE,1,True,
train,map_001059.csv,872f9457957595542b6198e7cb34692fc65e94b5fd70a4b318591cf4bced1c4b,42,ONE_UNIT_SPAWN_UNAVAILABLE,ONE_UNIT_SPAWN_UNAVAILABLE,1,True,
train,map_002550.csv,87478238f8e82599d684ea8d7bf921fbd68f290e2412e93a662464a67f1dd0ee,42,ONE_UNIT_SPAWN_UNAVAILABLE,ONE_UNIT_SPAWN_UNAVAILABLE,1,True,
train,map_005143.csv,877dfcf9d33fae92a72ffb3c3adb0c58955a3e2cdbf52b30b33e2c2030dcb2f3,42,ONE_UNIT_SPAWN_UNAVAILABLE,ONE_UNIT_SPAWN_UNAVAILABLE,1,True,
train,map_001294.csv,87928cb4ff91b0eeb09a7f26ecf6656990fa09fe30beba0f4e296bc6bbffbf48,42,ONE_UNIT_SPAWN_UNAVAILABLE,ONE_UNIT_SPAWN_UNAVAILABLE,1,True,
train,map_003176.csv,87f41186ba6cf595c30d0173b21dcae133220a8bc9be304e7914dbea3813b9a0,42,ONE_UNIT_SPAWN_UNAVAILABLE,ONE_UNIT_SPAWN_UNAVAILABLE,1,True,
train,map_002871.csv,8810abdc6b305c89261fd588b193b7db029e6776057c35bc5c93ddce8dd3ea26,42,ONE_UNIT_SPAWN_UNAVAILABLE,ONE_UNIT_SPAWN_UNAVAILABLE,1,True,
train,map_004511.csv,8826aa401349bb95131eed5756928a7109ad5c6f9e50dd82661fb9d013862c77,42,ONE_UNIT_SPAWN_UNAVAILABLE,ONE_UNIT_SPAWN_UNAVAILABLE,1,True,
train,map_003695.csv,88669ae6061d45ff9264f4c479e894b8c2581a32c1e26db47d45a683bf9fb292,42,ONE_UNIT_SPAWN_UNAVAILABLE,ONE_UNIT_SPAWN_UNAVAILABLE,1,True,
train,map_000002.csv,8878e4d01c177f979144f63a0b52bc606e836ede2ae087f9e3bf4c566aae9a83,42,ONE_UNIT_SPAWN_UNAVAILABLE,ONE_UNIT_SPAWN_UNAVAILABLE,1,True,
train,map_002628.csv,887f39ffa29dcf3b79d7e799e8411a899a519658f6b5fe1f5404354f61c45fc4,42,ONE_UNIT_SPAWN_UNAVAILABLE,ONE_UNIT_SPAWN_UNAVAILABLE,1,True,
train,map_003284.csv,889936a4fdb4b4d63e203bcc1dd242754df824f0649aab24b1f131150548f098,42,ONE_UNIT_SPAWN_UNAVAILABLE,ONE_UNIT_SPAWN_UNAVAILABLE,1,True,
train,map_000268.csv,889eebd19a218556d3f6a9149781cb4fa604ca91b60ae76f4f4d69559a4cc81a,42,ONE_UNIT_SPAWN_UNAVAILABLE,ONE_UNIT_SPAWN_UNAVAILABLE,1,True,
train,map_001013.csv,88b0953287f3e1c565ed2e40a32477d714788fbc7fd58df8afc5205d97c0c12e,42,ONE_UNIT_SPAWN_UNAVAILABLE,ONE_UNIT_SPAWN_UNAVAILABLE,1,True,
train,map_002481.csv,88d9521b69797e500beb781fd672de03428b146fd3dc1c30aeb7e552282779db,42,ONE_UNIT_SPAWN_UNAVAILABLE,ONE_UNIT_SPAWN_UNAVAILABLE,1,True,
train,map_003842.csv,88eee6a96366141e1ef860df7d03e00c1aa7c13fc73fb725062c9d63fbb87191,42,ONE_UNIT_SPAWN_UNAVAILABLE,ONE_UNIT_SPAWN_UNAVAILABLE,1,True,
train,map_000600.csv,88f2ef15b9cb5e1a1ab210fd3a8a2e94c8645ff93b212ae523d2c861ec6cdd19,42,ONE_UNIT_SPAWN_UNAVAILABLE,ONE_UNIT_SPAWN_UNAVAILABLE,1,True,
train,map_005260.csv,891b2872de4e55eb5295a508e748d529d006495742a54d7972e01ff85478833b,42,ONE_UNIT_SPAWN_UNAVAILABLE,ONE_UNIT_SPAWN_UNAVAILABLE,1,True,
train,map_001699.csv,8926ebc338c3b77d1052d1426a08283d5079297e5c070de8a81024d2b336efb3,42,ONE_UNIT_SPAWN_UNAVAILABLE,ONE_UNIT_SPAWN_UNAVAILABLE,1,True,
train,map_000693.csv,8992358d4f65128e9bcd1b05d1cca0a73db1f90278d2a5c2a787cb4cbc52518b,42,ONE_UNIT_SPAWN_UNAVAILABLE,ONE_UNIT_SPAWN_UNAVAILABLE,1,True,
train,map_002066.csv,899ee2f64f2ce778ccf21528628c5e08bed4f1c22fb8b55b45a6bed462a54394,42,ONE_UNIT_SPAWN_UNAVAILABLE,ONE_UNIT_SPAWN_UNAVAILABLE,1,True,
train,map_005032.csv,89c56c7ba3a92abf6a7318be50d63397b24a6d37c5edce70252b6c145da3730d,42,ONE_UNIT_SPAWN_UNAVAILABLE,ONE_UNIT_SPAWN_UNAVAILABLE,1,True,
train,map_005161.csv,8a0a3ccb6bf41cbd96b8ac63845ff975966db10fb1c317ae914ac6d0fb42eb57,42,ONE_UNIT_SPAWN_UNAVAILABLE,ONE_UNIT_SPAWN_UNAVAILABLE,1,True,
train,map_000503.csv,8a222bc38059537a3ef57e0b8d8d596c8241ec248c306bbf7d245098fbf51722,42,ONE_UNIT_SPAWN_UNAVAILABLE,ONE_UNIT_SPAWN_UNAVAILABLE,1,True,
train,map_002808.csv,8a973424bfe2f68793db4eef059bdb45c7fbf2a90d2dbc4e2a825bee8e729178,42,ONE_UNIT_SPAWN_UNAVAILABLE,ONE_UNIT_SPAWN_UNAVAILABLE,1,True,
train,map_002282.csv,8aab62b97255e8e18d016a626bd31b5e3354db92e74f59f3546a9a736121cf92,42,ONE_UNIT_SPAWN_UNAVAILABLE,ONE_UNIT_SPAWN_UNAVAILABLE,1,True,
train,map_004163.csv,8ac9f76b2ed8089fbfe601734925af25ebed235b377486fb24339ab0c5e3bc66,42,ONE_UNIT_SPAWN_UNAVAILABLE,ONE_UNIT_SPAWN_UNAVAILABLE,1,True,
train,map_002514.csv,8b2f93411e51845214ce2466f5719dba26fbe1be16985d1c5e932d33b818cd74,42,ONE_UNIT_SPAWN_UNAVAILABLE,ONE_UNIT_SPAWN_UNAVAILABLE,1,True,
train,map_002825.csv,8b460ecdd056331cc8f17508a019f04c4b50434b6655b53aec19d05645df790c,42,ONE_UNIT_SPAWN_UNAVAILABLE,ONE_UNIT_SPAWN_UNAVAILABLE,1,True,
train,map_002968.csv,8b5b518d490739f5655ecfa18654f49c3f2cbb8c1e969f082bb06766a51f394d,42,ONE_UNIT_SPAWN_UNAVAILABLE,ONE_UNIT_SPAWN_UNAVAILABLE,1,True,
train,map_000226.csv,8b64c41a45066888d8bc923d5b27aeec416ffb5cd8504420158a7132cea20c83,42,ONE_UNIT_SPAWN_UNAVAILABLE,ONE_UNIT_SPAWN_UNAVAILABLE,1,True,
train,map_003154.csv,8b70cbe23cefe636c00e581b892151b5bae4dafdaa6797b6108aae2daf7bb174,42,ONE_UNIT_SPAWN_UNAVAILABLE,ONE_UNIT_SPAWN_UNAVAILABLE,1,True,
train,map_003319.csv,8b7e41ac446a36e7d7d344509a9281be149a5df3af9a4cefce3ced0af1b47ed2,42,ONE_UNIT_SPAWN_UNAVAILABLE,ONE_UNIT_SPAWN_UNAVAILABLE,1,True,
train,map_003090.csv,8bbd34f4cec7e8570441d131613addbc649fa61016cc9bc0afb2e22be9a5375f,42,ONE_UNIT_SPAWN_UNAVAILABLE,ONE_UNIT_SPAWN_UNAVAILABLE,1,True,
train,map_003458.csv,8bc3a3fff885907672def4360b0061ae79d10ed731fac634291451522395d621,42,ONE_UNIT_SPAWN_UNAVAILABLE,ONE_UNIT_SPAWN_UNAVAILABLE,1,True,
train,map_004081.csv,8bcb2435f7ad18909de3f874cb5f9adc6735510d08c7ebb1ba6ec50dfe9f292e,42,ONE_UNIT_SPAWN_UNAVAILABLE,ONE_UNIT_SPAWN_UNAVAILABLE,1,True,
train,map_004659.csv,8be0e7c6c04caa70f26c722a707d7ec9130d899ef26aef553fdd22c93876fbdd,42,ONE_UNIT_SPAWN_UNAVAILABLE,ONE_UNIT_SPAWN_UNAVAILABLE,1,True,
train,map_002062.csv,8c094a0e5261ca3a4c239565b2290dd52edbc22937f4a56cf8c7e941ece15dbc,42,ONE_UNIT_SPAWN_UNAVAILABLE,ONE_UNIT_SPAWN_UNAVAILABLE,1,True,
train,map_003733.csv,8c7c4cffa8f479b6de179d1432c8da759b5fb5ed96b39acf6e574b39bb41782d,42,ONE_UNIT_SPAWN_UNAVAILABLE,ONE_UNIT_SPAWN_UNAVAILABLE,1,True,
train,map_003307.csv,8c89f6e1cb2a078a5347e6322818cf2ce09f10baf31f5bab0a663136df4dc382,42,ONE_UNIT_SPAWN_UNAVAILABLE,ONE_UNIT_SPAWN_UNAVAILABLE,1,True,
train,map_004236.csv,8cc577fb1d0f16c80ab5e3591d2f38a2dbdc48ac65fd22e98e33f154b9712019,42,ONE_UNIT_SPAWN_UNAVAILABLE,ONE_UNIT_SPAWN_UNAVAILABLE,1,True,
train,map_001825.csv,8cdad98068f1c657d680e3c2c928a9b6d0085bc54ab287908ad2b5fce186ce57,42,ONE_UNIT_SPAWN_UNAVAILABLE,ONE_UNIT_SPAWN_UNAVAILABLE,1,True,
train,map_002440.csv,8d116d8be04d12565961df3c3733d5b96c7d78df89424553b20a85bca3b900f9,42,ONE_UNIT_SPAWN_UNAVAILABLE,ONE_UNIT_SPAWN_UNAVAILABLE,1,True,
train,map_002160.csv,8d11926b850b3fd35d65cf684341eff78430b0582f8b0f8e3143f2f4953fbaca,42,ONE_UNIT_SPAWN_UNAVAILABLE,ONE_UNIT_SPAWN_UNAVAILABLE,1,True,
train,map_003105.csv,8d12208a5e69927b225a1c8afc5ca92b5d4c037b31919933585fb2782d2b641f,42,ONE_UNIT_SPAWN_UNAVAILABLE,ONE_UNIT_SPAWN_UNAVAILABLE,1,True,
train,map_004158.csv,8d17cca18dd3c0bb9f52e02ee0c57eedc260bfe5b8d401c2576cba42b6a4ddb1,42,ONE_UNIT_SPAWN_UNAVAILABLE,ONE_UNIT_SPAWN_UNAVAILABLE,1,True,
train,map_003400.csv,8d1d6b82cbe69ce9eba5fd1fc67465a493eb421928d92e388f4d308d93b2775e,42,ONE_UNIT_SPAWN_UNAVAILABLE,ONE_UNIT_SPAWN_UNAVAILABLE,1,True,
train,map_000540.csv,8d28d272290e986da6ab56b48a54644cad31365e53e1c43d68e168d901dd7ed5,42,ONE_UNIT_SPAWN_UNAVAILABLE,ONE_UNIT_SPAWN_UNAVAILABLE,1,True,
train,map_000792.csv,8d47855023a5d867192a3ddf92e27eeeaee96a3eb3914e74bfb4746c2301c6ea,42,ONE_UNIT_SPAWN_UNAVAILABLE,ONE_UNIT_SPAWN_UNAVAILABLE,1,True,
train,map_001740.csv,8d5d3068ee30366f096415c1416210130d736947f0e1a8cada6d44c2abf8f1b0,42,ONE_UNIT_SPAWN_UNAVAILABLE,ONE_UNIT_SPAWN_UNAVAILABLE,1,True,
train,map_005294.csv,8d68474802fbbd94cf0d30bd01d59b685272b5f12c7866c9d4eade6c9024ee3f,42,ONE_UNIT_SPAWN_UNAVAILABLE,ONE_UNIT_SPAWN_UNAVAILABLE,1,True,
train,map_001224.csv,8d8a7c30b8d4143ad020e70748c94b2582bc3f3a794c9aadc578f321670e0b61,42,ONE_UNIT_SPAWN_UNAVAILABLE,ONE_UNIT_SPAWN_UNAVAILABLE,1,True,
train,map_000593.csv,8d9ce9dd084fd581465b88bebeffa539d884203bb638785e5f476d0135ef3c9d,42,ONE_UNIT_SPAWN_UNAVAILABLE,ONE_UNIT_SPAWN_UNAVAILABLE,1,True,
train,map_005511.csv,8db797e1c9f2de6d1e7f8bf481d23b52150e0475a8c55588bdadae97e7ec59f5,42,ONE_UNIT_SPAWN_UNAVAILABLE,ONE_UNIT_SPAWN_UNAVAILABLE,1,True,
train,map_004960.csv,8dce24e86b754da7985a26de6850cf75d49312d25cc54a073bcb8400acedc3d3,42,ONE_UNIT_SPAWN_UNAVAILABLE,ONE_UNIT_SPAWN_UNAVAILABLE,1,True,
train,map_003537.csv,8e0b64db99ceb9396f8f704a88b4a8e987b95428276d087af5e2b0167533e7ef,42,ONE_UNIT_SPAWN_UNAVAILABLE,ONE_UNIT_SPAWN_UNAVAILABLE,1,True,
train,map_000743.csv,8e409d6635f1800e8485701f2be3b9c43577bfd1b23bd5a21487edfd4030e35a,42,ONE_UNIT_SPAWN_UNAVAILABLE,ONE_UNIT_SPAWN_UNAVAILABLE,1,True,
train,map_003886.csv,8e5cf9eb9a611a49d54d4942ae04baeb8d900d6cc488d76cf6afcec1dbc969ae,42,ONE_UNIT_SPAWN_UNAVAILABLE,ONE_UNIT_SPAWN_UNAVAILABLE,1,True,
train,map_002288.csv,8e717d8897a99ce4528ea408abe8ca40f66566da1cb979ec738ad8e36a467273,42,ONE_UNIT_SPAWN_UNAVAILABLE,ONE_UNIT_SPAWN_UNAVAILABLE,1,True,
train,map_000713.csv,8ea34847b3d4ddc31c29061e0ef6d8cad757eaa67f6cfff8ea05770e788b86fb,42,ONE_UNIT_SPAWN_UNAVAILABLE,ONE_UNIT_SPAWN_UNAVAILABLE,1,True,
train,map_002319.csv,8ee3221001f67d863114a26cc43f1b1ce7c12323ebc74f1db9b71ab53eb72273,42,ONE_UNIT_SPAWN_UNAVAILABLE,ONE_UNIT_SPAWN_UNAVAILABLE,1,True,
train,map_004753.csv,8f120ed53dcdfd08e3cacb5b0e4c7fad2d36b9cd0aa5dca0d232991194b0a4ef,42,ONE_UNIT_SPAWN_UNAVAILABLE,ONE_UNIT_SPAWN_UNAVAILABLE,1,True,
train,map_003900.csv,8f2524d71275b784e4345ecbb8c387d4fb9705098e4cac6a3af9a2b3634d8eb1,42,ONE_UNIT_SPAWN_UNAVAILABLE,ONE_UNIT_SPAWN_UNAVAILABLE,1,True,
train,map_005355.csv,8f3264ee3ece6dd4074288983a6cdb7ac2451e414bfef667292b253133daf79a,42,ONE_UNIT_SPAWN_UNAVAILABLE,ONE_UNIT_SPAWN_UNAVAILABLE,1,True,
train,map_000357.csv,8f42d410c45f606d5ad8fc0df73acc33235b4415353df0dde8c01e2f671e17c0,42,ONE_UNIT_SPAWN_UNAVAILABLE,ONE_UNIT_SPAWN_UNAVAILABLE,1,True,
train,map_004665.csv,8f820fc88c28a2c7e58e9b5bce1d33867b135e66e045b5ac4c5e94d44edfd27a,42,ONE_UNIT_SPAWN_UNAVAILABLE,ONE_UNIT_SPAWN_UNAVAILABLE,1,True,
train,map_000039.csv,8f99500dc5e7f3cf98043962f0a7cde130b282894cb1d10f71e914e431b669f0,42,ONE_UNIT_SPAWN_UNAVAILABLE,ONE_UNIT_SPAWN_UNAVAILABLE,1,True,
train,map_001264.csv,8f9a3bfbde31a01c1f59df4c8751ee9bd65eadfb9eabf8247df6d12fd8880803,42,ONE_UNIT_SPAWN_UNAVAILABLE,ONE_UNIT_SPAWN_UNAVAILABLE,1,True,
train,map_002507.csv,8fa1a8b0c5bbf690b3cb26e14fc24c861c2e1074017abf33f19227abcf096540,42,ONE_UNIT_SPAWN_UNAVAILABLE,ONE_UNIT_SPAWN_UNAVAILABLE,1,True,
train,map_001508.csv,8fbcc59a5f5686717f2b0e596c5e77fd2cd26e55b271b8a278eee718c2665361,42,ONE_UNIT_SPAWN_UNAVAILABLE,ONE_UNIT_SPAWN_UNAVAILABLE,1,True,
train,map_000495.csv,8fc3420fe747885a820fb72c47ba233c10c3fcc3b8cd3cd2aa071063b63e1b77,42,ONE_UNIT_SPAWN_UNAVAILABLE,ONE_UNIT_SPAWN_UNAVAILABLE,1,True,
train,map_003195.csv,8fcd85e19674406bdbee596a1cd483319a80de1ba9b43f2dc00b73fac3d59a3d,42,ONE_UNIT_SPAWN_UNAVAILABLE,ONE_UNIT_SPAWN_UNAVAILABLE,1,True,
train,map_001233.csv,8fd3542a90be8b7bda5d072bb0c6314135b2af9635e0741a0aa602ad478055f6,42,ONE_UNIT_SPAWN_UNAVAILABLE,ONE_UNIT_SPAWN_UNAVAILABLE,1,True,
train,map_002070.csv,8fd5444a8da5472d45410e760d0cb39a001a424091e986dc1bad7de23fe7d957,42,ONE_UNIT_SPAWN_UNAVAILABLE,ONE_UNIT_SPAWN_UNAVAILABLE,1,True,
train,map_003525.csv,8fe5e77d337f1acb016f68f64ac1c57d5a18fcc1ac71a726022881c8c41481d4,42,ONE_UNIT_SPAWN_UNAVAILABLE,ONE_UNIT_SPAWN_UNAVAILABLE,1,True,
train,map_002971.csv,8ff02a8aa1b4cd8f2baa6ace21f07d825f10f4bf0ef0870a8ff0c55db589fdcc,42,ONE_UNIT_SPAWN_UNAVAILABLE,ONE_UNIT_SPAWN_UNAVAILABLE,1,True,
train,map_004658.csv,90207dfe73305935a70a8eaccee26123867375d33ba069d791833f2d299e9f17,42,ONE_UNIT_SPAWN_UNAVAILABLE,ONE_UNIT_SPAWN_UNAVAILABLE,1,True,
train,map_002120.csv,9039ca489218bdecc2b8b62e664d55d3ab7b279680c121bfddb129a9b165d7ed,42,ONE_UNIT_SPAWN_UNAVAILABLE,ONE_UNIT_SPAWN_UNAVAILABLE,1,True,
train,map_000745.csv,904298c20206867795f6938ea23b70628175def7e34ebdd1ca8123ca53ea751a,42,ONE_UNIT_SPAWN_UNAVAILABLE,ONE_UNIT_SPAWN_UNAVAILABLE,1,True,
train,map_002193.csv,90510e3d37c9e5f8c87345bcbf0a031c90acbc7923430aa60a8220ec3e977070,42,ONE_UNIT_SPAWN_UNAVAILABLE,ONE_UNIT_SPAWN_UNAVAILABLE,1,True,
train,map_001097.csv,90750045f98af56c1a26dbf930e334937a594c6155103b865e52733ba845d5a3,42,ONE_UNIT_SPAWN_UNAVAILABLE,ONE_UNIT_SPAWN_UNAVAILABLE,1,True,
train,map_005465.csv,907661263485cbd1b61df0ef6c8aafbe539def0b85387b94174bcf0ff8e87b1a,42,ONE_UNIT_SPAWN_UNAVAILABLE,ONE_UNIT_SPAWN_UNAVAILABLE,1,True,
train,map_002379.csv,90789a6b60714a266b93b6fb753986eea96a0b3667f277caa4eb749995aa3aae,42,ONE_UNIT_SPAWN_UNAVAILABLE,ONE_UNIT_SPAWN_UNAVAILABLE,1,True,
train,map_002168.csv,9080825752119f3793e66dc145bd2dd4fd9dd5650656cc5c0e23defae676ea3f,42,ONE_UNIT_SPAWN_UNAVAILABLE,ONE_UNIT_SPAWN_UNAVAILABLE,1,True,
train,map_003299.csv,908e7cecb695616534cdef3faeb1d96963cbe63d50a26daf1f827766140fc8c5,42,ONE_UNIT_SPAWN_UNAVAILABLE,ONE_UNIT_SPAWN_UNAVAILABLE,1,True,
train,map_005315.csv,90ba89b1471975ca5d9e017c246f86e59750bbba5869b6ce7b3646ad9165535c,42,ONE_UNIT_SPAWN_UNAVAILABLE,ONE_UNIT_SPAWN_UNAVAILABLE,1,True,
train,map_004093.csv,90d579b3ece655411f4b5b5bb8291073fc714b1da4a53bf0b3040b70ad1bcfc3,42,ONE_UNIT_SPAWN_UNAVAILABLE,ONE_UNIT_SPAWN_UNAVAILABLE,1,True,
train,map_003793.csv,90dd65a42ba39653b09010566586968eacc94b71e62fa6429902ea4c2febe9fd,42,ONE_UNIT_SPAWN_UNAVAILABLE,ONE_UNIT_SPAWN_UNAVAILABLE,1,True,
train,map_000261.csv,910aebe83694892306a597060dadc03e0e83e9ae08fad56fc82616d02232eea5,42,ONE_UNIT_SPAWN_UNAVAILABLE,ONE_UNIT_SPAWN_UNAVAILABLE,1,True,
train,map_002799.csv,9120c65a162e7e6fce6fc0dd9a824d478b7d229873f6d9356afc9980c0ff69cc,42,ONE_UNIT_SPAWN_UNAVAILABLE,ONE_UNIT_SPAWN_UNAVAILABLE,1,True,
train,map_001194.csv,9122830a2c90cc3a22b1cbb46ba25c0d5052af775faadd056e06518832f6463f,42,ONE_UNIT_SPAWN_UNAVAILABLE,ONE_UNIT_SPAWN_UNAVAILABLE,1,True,
train,map_005402.csv,9130df11b6e3060d1f1a5c8c5ee681f129f5805613f6758d9625a8f7342baca0,42,ONE_UNIT_SPAWN_UNAVAILABLE,ONE_UNIT_SPAWN_UNAVAILABLE,1,True,
train,map_005442.csv,913ed8fb7d17e25b33620e31fa90bba94594d2e1a30fa73fcf3d35b34cf6f644,42,ONE_UNIT_SPAWN_UNAVAILABLE,ONE_UNIT_SPAWN_UNAVAILABLE,1,True,
train,map_004584.csv,916a1d78c224dadcb8430b7df93b8b15ea326b1b7c71e235312599b0479032a6,42,ONE_UNIT_SPAWN_UNAVAILABLE,ONE_UNIT_SPAWN_UNAVAILABLE,1,True,
train,map_003390.csv,919a390759240b7d5d3de832abb5a6685aad4102b7981499016cade28979cd99,42,ONE_UNIT_SPAWN_UNAVAILABLE,ONE_UNIT_SPAWN_UNAVAILABLE,1,True,
train,map_001992.csv,91c0c242c3b1ccdbd244013100123c9529cd7e5b9381ccae8c0f88ce9d396a57,42,ONE_UNIT_SPAWN_UNAVAILABLE,ONE_UNIT_SPAWN_UNAVAILABLE,1,True,
train,map_003138.csv,91c3eff09416444234fcdda91594d6f727f3ad10682d6669a78e323d19e00b12,42,ONE_UNIT_SPAWN_UNAVAILABLE,ONE_UNIT_SPAWN_UNAVAILABLE,1,True,
train,map_000479.csv,91ffc5795a85e4a7a9c18518cd08f1070e7d4b30c2ac4bb5d86b953d86afaf5f,42,ONE_UNIT_SPAWN_UNAVAILABLE,ONE_UNIT_SPAWN_UNAVAILABLE,1,True,
train,map_001153.csv,92166300446ed3843fc4b529266859fdac2b92c633f27ada3f67645fc3c9e485,42,ONE_UNIT_SPAWN_UNAVAILABLE,ONE_UNIT_SPAWN_UNAVAILABLE,1,True,
train,map_003476.csv,921e5f549b3f3c74d333eee65c5b2813448f73e41bfb37cac33c32f32fed714c,42,ONE_UNIT_SPAWN_UNAVAILABLE,ONE_UNIT_SPAWN_UNAVAILABLE,1,True,
train,map_002820.csv,9245e7defb535b58400208f18e2fb5efc7afe13079257428e32d5953c6f4e53d,42,ONE_UNIT_SPAWN_UNAVAILABLE,ONE_UNIT_SPAWN_UNAVAILABLE,1,True,
train,map_004085.csv,92ab1389593456f71448a5c910c7fe13618a9e2b22f129c81c67a9b216e084a2,42,ONE_UNIT_SPAWN_UNAVAILABLE,ONE_UNIT_SPAWN_UNAVAILABLE,1,True,
train,map_002659.csv,92ef08127bf5db1a0dcadb2c441aaa400610c72e8ccac7866a69b98f99f0b4d9,42,ONE_UNIT_SPAWN_UNAVAILABLE,ONE_UNIT_SPAWN_UNAVAILABLE,1,True,
train,map_003920.csv,931a4277f12c15b33e9d21e6919f2906b136f41401c3283995f5d660b33629cf,42,ONE_UNIT_SPAWN_UNAVAILABLE,ONE_UNIT_SPAWN_UNAVAILABLE,1,True,
train,map_004448.csv,932411660d854fb35db879ca2cc89463bd1c7c310aed18923dfba24d0b111b73,42,ONE_UNIT_SPAWN_UNAVAILABLE,ONE_UNIT_SPAWN_UNAVAILABLE,1,True,
train,map_003977.csv,9349691b5bdebbd9dad9a0daca4d248bea35dbdac7d00e88f66ed3314dcf3e0b,42,ONE_UNIT_SPAWN_UNAVAILABLE,ONE_UNIT_SPAWN_UNAVAILABLE,1,True,
train,map_005453.csv,935ac63de2ac5640dd76b948711c72f560b58ba1a634d7a443ed556947502085,42,ONE_UNIT_SPAWN_UNAVAILABLE,ONE_UNIT_SPAWN_UNAVAILABLE,1,True,
train,map_001033.csv,936987246d3b3bcde0a0ceaf7c82918aea573674765fae9446b1f636dad53889,42,ONE_UNIT_SPAWN_UNAVAILABLE,ONE_UNIT_SPAWN_UNAVAILABLE,1,True,
train,map_001930.csv,936afd676cca396497d22ef6622c3a17e9faa12f3987f77bf3b64ee92577b3d2,42,ONE_UNIT_SPAWN_UNAVAILABLE,ONE_UNIT_SPAWN_UNAVAILABLE,1,True,
train,map_000010.csv,938d8196c30a1705a60ddcf462a861615be1f0d0e4f1fc98265ca0205db988b0,42,ONE_UNIT_SPAWN_UNAVAILABLE,ONE_UNIT_SPAWN_UNAVAILABLE,1,True,
train,map_000260.csv,938f9702076e034619bf2b2b715c2510c6500201ba108f7d658a8ff4b9ad8783,42,ONE_UNIT_SPAWN_UNAVAILABLE,ONE_UNIT_SPAWN_UNAVAILABLE,1,True,
train,map_004007.csv,93b16c578df6192f82debe55ff87083d728bd36a20c5616a24f80ff9d746165b,42,ONE_UNIT_SPAWN_UNAVAILABLE,ONE_UNIT_SPAWN_UNAVAILABLE,1,True,
train,map_004921.csv,93bcafd3704db37527244ff476cacb91bf365f5882a1a1c3c025dfcef9656fb7,42,ONE_UNIT_SPAWN_UNAVAILABLE,ONE_UNIT_SPAWN_UNAVAILABLE,1,True,
train,map_003741.csv,93d435a9922216dd36bcfb5a899a0ea084ab1bbe27b16b77e123634e1ce2680f,42,ONE_UNIT_SPAWN_UNAVAILABLE,ONE_UNIT_SPAWN_UNAVAILABLE,1,True,
train,map_001687.csv,93dcad1e17fad870b5aaa32f6f7156296f3933787537ecbe5eab914ddb0e32b8,42,ONE_UNIT_SPAWN_UNAVAILABLE,ONE_UNIT_SPAWN_UNAVAILABLE,1,True,
train,map_004038.csv,93f372d74acf1885813245d9a0f39996a93132a66e0fce993ea268adc8fbae6b,42,ONE_UNIT_SPAWN_UNAVAILABLE,ONE_UNIT_SPAWN_UNAVAILABLE,1,True,
train,map_000628.csv,94023c924cef7184f753fcf1ed0bd93dc6cb5536506d3f8a5d71ab6deb7c6a14,42,ONE_UNIT_SPAWN_UNAVAILABLE,ONE_UNIT_SPAWN_UNAVAILABLE,1,True,
train,map_003604.csv,9419255ce9f8e763cd92a76c2cdb676927e6b14ab4eddc271cc675e7459b9911,42,ONE_UNIT_SPAWN_UNAVAILABLE,ONE_UNIT_SPAWN_UNAVAILABLE,1,True,
train,map_005182.csv,9422e2eb286cbdaa61bc6db5d90500f8efdb508a36c450f09708ba3229f127c0,42,ONE_UNIT_SPAWN_UNAVAILABLE,ONE_UNIT_SPAWN_UNAVAILABLE,1,True,
train,map_000267.csv,943386876f525cc2a0c1b7f1cb19185f5d27d1e7b1cc5e37ad450b6b65a95716,42,ONE_UNIT_SPAWN_UNAVAILABLE,ONE_UNIT_SPAWN_UNAVAILABLE,1,True,
train,map_001768.csv,943aebb101de9222aedb076cdcd96d8afca6bb2414e89e2818d69bf527b00d6b,42,ONE_UNIT_SPAWN_UNAVAILABLE,ONE_UNIT_SPAWN_UNAVAILABLE,1,True,
train,map_002810.csv,94422fcba10009c61f0a22cdd63594368fa31aa6530821e440f97d4a58b12d9d,42,ONE_UNIT_SPAWN_UNAVAILABLE,ONE_UNIT_SPAWN_UNAVAILABLE,1,True,
train,map_004602.csv,94632240325278ed1ea299c820bb1ad503172a3afb5c2db8eed515392ed6f6af,42,ONE_UNIT_SPAWN_UNAVAILABLE,ONE_UNIT_SPAWN_UNAVAILABLE,1,True,
train,map_004519.csv,946efdacbc4ddf47b70c356993ec164562c454007e23c6d21326ab8a067f240f,42,ONE_UNIT_SPAWN_UNAVAILABLE,ONE_UNIT_SPAWN_UNAVAILABLE,1,True,
train,map_002024.csv,94718e0657f863a5fe2ca295305f01d60d45668f16ffe2ebd9593bc9950ce4da,42,ONE_UNIT_SPAWN_UNAVAILABLE,ONE_UNIT_SPAWN_UNAVAILABLE,1,True,
train,map_001095.csv,947bc13f7a1d5d517a6ac2084a6b5115b78395ce3d24f466e3b2447e9282b9b8,42,ONE_UNIT_SPAWN_UNAVAILABLE,ONE_UNIT_SPAWN_UNAVAILABLE,1,True,
train,map_001981.csv,94835ef27ee36adc0609072a71b769370765ec44638359e3c5ab9f412d7ba792,42,ONE_UNIT_SPAWN_UNAVAILABLE,ONE_UNIT_SPAWN_UNAVAILABLE,1,True,
train,map_002326.csv,948a2510ade3cd89157350aa82ec0cd014cd3fbf79e74f417f4d23262cddc35f,42,ONE_UNIT_SPAWN_UNAVAILABLE,ONE_UNIT_SPAWN_UNAVAILABLE,1,True,
train,map_005221.csv,94d714b098a94b890e56705c8d5b7781ab3bc432629a3dee555d3c1ad70b662c,42,ONE_UNIT_SPAWN_UNAVAILABLE,ONE_UNIT_SPAWN_UNAVAILABLE,1,True,
train,map_003762.csv,94d862b2d49e963b7c356fdb9e6a245205c96068429bd997538fbf1184b0628d,42,ONE_UNIT_SPAWN_UNAVAILABLE,ONE_UNIT_SPAWN_UNAVAILABLE,1,True,
train,map_002805.csv,950b7f0c02700fa1f03029a7e562a24ec1f01ee65bfc4a43843e9ffe0b9ec67e,42,ONE_UNIT_SPAWN_UNAVAILABLE,ONE_UNIT_SPAWN_UNAVAILABLE,1,True,
train,map_004782.csv,9513b17913d058e6d4d40dd74f7366b931e86f424b268e1ae3527640702bf66c,42,ONE_UNIT_SPAWN_UNAVAILABLE,ONE_UNIT_SPAWN_UNAVAILABLE,1,True,
train,map_004146.csv,9522bb927722ca985c37204d2ba2a76206a0d468158310b5295880090a5d8be0,42,ONE_UNIT_SPAWN_UNAVAILABLE,ONE_UNIT_SPAWN_UNAVAILABLE,1,True,
train,map_002743.csv,9548a9b4070defa957b5e9949f6bba31b2636fb425b7defc71a162a839eaf36d,42,ONE_UNIT_SPAWN_UNAVAILABLE,ONE_UNIT_SPAWN_UNAVAILABLE,1,True,
train,map_004235.csv,9593d494dade7891e2cf61118f9d7efd4087489b928fc8db57b0d204a84e0cc0,42,ONE_UNIT_SPAWN_UNAVAILABLE,ONE_UNIT_SPAWN_UNAVAILABLE,1,True,
train,map_000049.csv,9596206a791c817ae441abf9cac2d9b2a3e517c1448fb02018b21de21ce16cf9,42,ONE_UNIT_SPAWN_UNAVAILABLE,ONE_UNIT_SPAWN_UNAVAILABLE,1,True,
train,map_002130.csv,95e25170b21cb19e592e68cacf5f9c71325819233b835d5ca40cf85c14b66a89,42,ONE_UNIT_SPAWN_UNAVAILABLE,ONE_UNIT_SPAWN_UNAVAILABLE,1,True,
train,map_003538.csv,95f7974d76183c1d2c6f37163c29b13ff12d385d856037bd1b072badc76f58bb,42,ONE_UNIT_SPAWN_UNAVAILABLE,ONE_UNIT_SPAWN_UNAVAILABLE,1,True,
train,map_003602.csv,95f7a6bdfce7e9d42b792aee1927fa9438df901ec2df1b382c14e6a3b3d48920,42,ONE_UNIT_SPAWN_UNAVAILABLE,ONE_UNIT_SPAWN_UNAVAILABLE,1,True,
train,map_001345.csv,960bf7a6253eabb8071a565462bd8c07d41e73137adbddb35b8b0aad7dd3ceb2,42,ONE_UNIT_SPAWN_UNAVAILABLE,ONE_UNIT_SPAWN_UNAVAILABLE,1,True,
train,map_001418.csv,9656686e6571cae9759a09f80ef11f92c5819d0bfa4aa4485a949525da0ba798,42,ONE_UNIT_SPAWN_UNAVAILABLE,ONE_UNIT_SPAWN_UNAVAILABLE,1,True,
train,map_001764.csv,9663f17414f992fd667710c7d7ca666292c13162e747aa8ce697ced956b48e35,42,ONE_UNIT_SPAWN_UNAVAILABLE,ONE_UNIT_SPAWN_UNAVAILABLE,1,True,
train,map_004919.csv,96b6ee37854fba9c81d80a9a4c658c978e846551298675ec18f00d24869d3c52,42,ONE_UNIT_SPAWN_UNAVAILABLE,ONE_UNIT_SPAWN_UNAVAILABLE,1,True,
train,map_005268.csv,96e3ed62c8ace9a828900745fe3bf076137d14bf6419bc902f21d157a642a5a1,42,ONE_UNIT_SPAWN_UNAVAILABLE,ONE_UNIT_SPAWN_UNAVAILABLE,1,True,
train,map_002466.csv,970475f0aa205c6fd5fa2cabc306bd3dd14ac74c8d294699bd47fcc9a17fd6c3,42,ONE_UNIT_SPAWN_UNAVAILABLE,ONE_UNIT_SPAWN_UNAVAILABLE,1,True,
train,map_003712.csv,9727b7f1f568fdfc770f065c577f88545a727bede787fbaf08f6a60a8182ffff,42,ONE_UNIT_SPAWN_UNAVAILABLE,ONE_UNIT_SPAWN_UNAVAILABLE,1,True,
train,map_000685.csv,977be2ff32cb29540003e7ff5d50e2ec758e9bc148e24b8e390a0d87b1290f81,42,ONE_UNIT_SPAWN_UNAVAILABLE,ONE_UNIT_SPAWN_UNAVAILABLE,1,True,
train,map_002261.csv,978fe0df618e4acf0e3461d7594aa96626ff0fcbffd65f366080b2992fb195c7,42,ONE_UNIT_SPAWN_UNAVAILABLE,ONE_UNIT_SPAWN_UNAVAILABLE,1,True,
train,map_004667.csv,97b2e024fd4349e1d8440bea55d5efddc99e0284802c80adee2fbfc8e7a20c84,42,ONE_UNIT_SPAWN_UNAVAILABLE,ONE_UNIT_SPAWN_UNAVAILABLE,1,True,
train,map_002953.csv,97f80ff419455bf2e889edd8b32e83f419453b5061b19cfe56b4d6ca4a9ecd66,42,ONE_UNIT_SPAWN_UNAVAILABLE,ONE_UNIT_SPAWN_UNAVAILABLE,1,True,
train,map_004530.csv,98157f8bb0a1dc5b473951cb3a11bac3ef3e3595a51d53af227183fc69133207,42,ONE_UNIT_SPAWN_UNAVAILABLE,ONE_UNIT_SPAWN_UNAVAILABLE,1,True,
train,map_001422.csv,9827a2e90e92e136438d97044b1efc00844ec036fa5374f3596bef5186b3226c,42,ONE_UNIT_SPAWN_UNAVAILABLE,ONE_UNIT_SPAWN_UNAVAILABLE,1,True,
train,map_004425.csv,988c009087dd279dbc21b24c90cc58486f20e89f2122263fd99ae23d2e0d9e5e,42,ONE_UNIT_SPAWN_UNAVAILABLE,ONE_UNIT_SPAWN_UNAVAILABLE,1,True,
train,map_003872.csv,98a671902530f0a08fff8cfca0acfb7502b2ed5b14a34cba6a2753c97bcaf8f4,42,ONE_UNIT_SPAWN_UNAVAILABLE,ONE_UNIT_SPAWN_UNAVAILABLE,1,True,
train,map_004439.csv,98a7fd95e5eb019b16051e6ae67b40468bbcc2574392a4e7de2c80f1efaafdd1,42,ONE_UNIT_SPAWN_UNAVAILABLE,ONE_UNIT_SPAWN_UNAVAILABLE,1,True,
train,map_001674.csv,98afa56259491e7ef933a3c812a7da774a1e6c24130a8658e4ae3373aaf12932,42,ONE_UNIT_SPAWN_UNAVAILABLE,ONE_UNIT_SPAWN_UNAVAILABLE,1,True,
train,map_003783.csv,98d3a20cbb64e1bd05cd5b9ef56cef6c63dd06ab4b48375cf26bc7bc87c9341f,42,ONE_UNIT_SPAWN_UNAVAILABLE,ONE_UNIT_SPAWN_UNAVAILABLE,1,True,
train,map_003627.csv,98eafa912b4efd03bed42f97283c5e2b2a3c1dcbb47bf1c9b1c68c2c172f4ad9,42,ONE_UNIT_SPAWN_UNAVAILABLE,ONE_UNIT_SPAWN_UNAVAILABLE,1,True,
train,map_003327.csv,98eea25b90b090214f9e16bb4978c5d996e035ac6c47abad80ad64b0bd6c77b8,42,ONE_UNIT_SPAWN_UNAVAILABLE,ONE_UNIT_SPAWN_UNAVAILABLE,1,True,
train,map_002758.csv,990715e8e8ad22a14d3a19df1fe134986764c2cf1b1c8718a6d9efdeb8c228f0,42,ONE_UNIT_SPAWN_UNAVAILABLE,ONE_UNIT_SPAWN_UNAVAILABLE,1,True,
train,map_003725.csv,99102f2a02b9f6e5a73d4980ca3f898bf6ee674f6aa35b8b3eaabca40573cd5d,42,ONE_UNIT_SPAWN_UNAVAILABLE,ONE_UNIT_SPAWN_UNAVAILABLE,1,True,
train,map_000827.csv,992406f14d74183a40e65d7fa2bb9fdf0b2a5546ccb57df05b8e04320fd0beef,42,ONE_UNIT_SPAWN_UNAVAILABLE,ONE_UNIT_SPAWN_UNAVAILABLE,1,True,
train,map_004780.csv,99329a0e996bbd9696fa676d888451d218bcd7d150cf06ee91f846d554ee311a,42,ONE_UNIT_SPAWN_UNAVAILABLE,ONE_UNIT_SPAWN_UNAVAILABLE,1,True,
train,map_000556.csv,993f46cd1cd0fb162a87e3fd91154cee35f060eb704778482bb3a7a8781861ee,42,ONE_UNIT_SPAWN_UNAVAILABLE,ONE_UNIT_SPAWN_UNAVAILABLE,1,True,
train,map_002089.csv,99705019505cbf147090e4bf3848cee78ae399a589b09c6b83a4387513efce73,42,ONE_UNIT_SPAWN_UNAVAILABLE,ONE_UNIT_SPAWN_UNAVAILABLE,1,True,
train,map_004898.csv,9977b41fa2a4dffdd41dfea10bc56bf3023116ad95b16dc7835415ada5265094,42,ONE_UNIT_SPAWN_UNAVAILABLE,ONE_UNIT_SPAWN_UNAVAILABLE,1,True,
train,map_001790.csv,99925f471abdfbb76713e55e295314c6d0505b70285332419bdf9845a1cdc71a,42,ONE_UNIT_SPAWN_UNAVAILABLE,ONE_UNIT_SPAWN_UNAVAILABLE,1,True,
train,map_003491.csv,99e393b534eb36183bb83365e030a6fc72846904c83f4fd43f1545fd5b37c5a5,42,ONE_UNIT_SPAWN_UNAVAILABLE,ONE_UNIT_SPAWN_UNAVAILABLE,1,True,
train,map_001858.csv,99e419751e6eb49a0af7012929a5fd66365812f08757c3f5455003daf7530075,42,ONE_UNIT_SPAWN_UNAVAILABLE,ONE_UNIT_SPAWN_UNAVAILABLE,1,True,
train,map_004691.csv,99eb9264c22e0cb81f818e29029788abda7d63adb79e4efd0be8fe87a02195f7,42,ONE_UNIT_SPAWN_UNAVAILABLE,ONE_UNIT_SPAWN_UNAVAILABLE,1,True,
train,map_001307.csv,99f01ef0445fbc50e20e44f5e272644f34d9f1a85b8731a3ca12b815aa0a020e,42,ONE_UNIT_SPAWN_UNAVAILABLE,ONE_UNIT_SPAWN_UNAVAILABLE,1,True,
train,map_001599.csv,9a02bc77367f7568b7b9395d85ba57b4024266a41b20e36c8fd86caa06db6c65,42,ONE_UNIT_SPAWN_UNAVAILABLE,ONE_UNIT_SPAWN_UNAVAILABLE,1,True,
train,map_003843.csv,9a07fc43b9b4671481f9e104f9963abf00146ef9de0d7bdf5a5d9a3c2caf1993,42,ONE_UNIT_SPAWN_UNAVAILABLE,ONE_UNIT_SPAWN_UNAVAILABLE,1,True,
train,map_000676.csv,9a452e8596fc1731aee4eb18324772ebeb9922e493b12d44bb92304d4707c452,42,ONE_UNIT_SPAWN_UNAVAILABLE,ONE_UNIT_SPAWN_UNAVAILABLE,1,True,
train,map_000549.csv,9a55b08c3a9d802329cf39d8d0ae23b4d08d909fc7ff8be98ac091466c4b3206,42,ONE_UNIT_SPAWN_UNAVAILABLE,ONE_UNIT_SPAWN_UNAVAILABLE,1,True,
train,map_002686.csv,9a55bdca53e79039ef63d7f0ef512dd2e7c2d3c8f59bd0866b6faf44301223e9,42,ONE_UNIT_SPAWN_UNAVAILABLE,ONE_UNIT_SPAWN_UNAVAILABLE,1,True,
train,map_000535.csv,9a6bd7c35cd77db3308b54b54601f61e8d93d4db00386b6ce5f5daede3b24580,42,ONE_UNIT_SPAWN_UNAVAILABLE,ONE_UNIT_SPAWN_UNAVAILABLE,1,True,
train,map_000993.csv,9a6c07c251e6ee0ed708d9b7f7c21ecfdf628dd9f2dd2c3521957ced98cc78b6,42,ONE_UNIT_SPAWN_UNAVAILABLE,ONE_UNIT_SPAWN_UNAVAILABLE,1,True,
train,map_003324.csv,9a6ea9f572eae20919051470fbd8c94883f73432261360218c9eed41127618c5,42,ONE_UNIT_SPAWN_UNAVAILABLE,ONE_UNIT_SPAWN_UNAVAILABLE,1,True,
train,map_000180.csv,9a7516e374df5c8d5e01f31856514f49ebf28397477a0ca7411d83df52a13d41,42,ONE_UNIT_SPAWN_UNAVAILABLE,ONE_UNIT_SPAWN_UNAVAILABLE,1,True,
train,map_001906.csv,9a77ce2052ccf7e38f783658e8351490b163f71af92117d543eeb790ab64e7c2,42,ONE_UNIT_SPAWN_UNAVAILABLE,ONE_UNIT_SPAWN_UNAVAILABLE,1,True,
train,map_003956.csv,9ab1a6ca09189bf0b6207c62cd4b78161d6b9c8e28cdf5f24e17dd42bd77824e,42,ONE_UNIT_SPAWN_UNAVAILABLE,ONE_UNIT_SPAWN_UNAVAILABLE,1,True,
train,map_004685.csv,9ab5d3287401e7120011a5ed4e1975645929835ca96a5ee84dd4a8ae0803bf6e,42,ONE_UNIT_SPAWN_UNAVAILABLE,ONE_UNIT_SPAWN_UNAVAILABLE,1,True,
train,map_001770.csv,9ac0dfbb4c209f3ff92832ad163ba949169cec0a17db073fcd57931757f6aff2,42,ONE_UNIT_SPAWN_UNAVAILABLE,ONE_UNIT_SPAWN_UNAVAILABLE,1,True,
train,map_005079.csv,9b03f47b3449f155988b7465871b5fc05c71b9a74889d0319425f242943e8933,42,ONE_UNIT_SPAWN_UNAVAILABLE,ONE_UNIT_SPAWN_UNAVAILABLE,1,True,
train,map_000421.csv,9b06f8ad60b261ecf7ba8b949924b159b3a51b6b8aa8340aa1d3dddecba195c8,42,ONE_UNIT_SPAWN_UNAVAILABLE,ONE_UNIT_SPAWN_UNAVAILABLE,1,True,
train,map_000895.csv,9b3d29fc801df0d766e803b4c0b8329be0f8c8bd26bfcef69c73007535fd956f,42,ONE_UNIT_SPAWN_UNAVAILABLE,ONE_UNIT_SPAWN_UNAVAILABLE,1,True,
train,map_002819.csv,9ba5c98160cdb3a3c6f5efa4b7768b690611aba77c8e410eb76b2d20a57b9bb4,42,ONE_UNIT_SPAWN_UNAVAILABLE,ONE_UNIT_SPAWN_UNAVAILABLE,1,True,
train,map_001710.csv,9ba7e5ae48b67c8cd71746de82607b6ec1f40a81208810b139f5e95c08c30349,42,ONE_UNIT_SPAWN_UNAVAILABLE,ONE_UNIT_SPAWN_UNAVAILABLE,1,True,
train,map_004527.csv,9babc86ed4aebdc243e0eda24ba6c487ee24937f2b9299f9963f40b431bf6560,42,ONE_UNIT_SPAWN_UNAVAILABLE,ONE_UNIT_SPAWN_UNAVAILABLE,1,True,
train,map_003845.csv,9bac0b1dffdf4eaf61627451f998562c16e5b3126dcf1b3f6d7a7259a2316d6f,42,ONE_UNIT_SPAWN_UNAVAILABLE,ONE_UNIT_SPAWN_UNAVAILABLE,1,True,
train,map_000976.csv,9bb53eae79eb7ec7ebf4f02bc0628aa2a551f0f0aa05b4333e6d2eca98fe4900,42,ONE_UNIT_SPAWN_UNAVAILABLE,ONE_UNIT_SPAWN_UNAVAILABLE,1,True,
train,map_000411.csv,9bbe958be2130c3ccb7b9830e65d0e02c0aa703394b0b2001f7ee19e5287b88d,42,ONE_UNIT_SPAWN_UNAVAILABLE,ONE_UNIT_SPAWN_UNAVAILABLE,1,True,
train,map_005152.csv,9bbf342c91b8a46fd39101afd3e8a6ace3a43612348871bf079b2874df5e6c11,42,ONE_UNIT_SPAWN_UNAVAILABLE,ONE_UNIT_SPAWN_UNAVAILABLE,1,True,
train,map_002293.csv,9bcdcfcbd0d64b2b499e3215b191e8086cbe17de765f23772cba5ac7bf4534a0,42,ONE_UNIT_SPAWN_UNAVAILABLE,ONE_UNIT_SPAWN_UNAVAILABLE,1,True,
train,map_001354.csv,9c2dd758804f6a038a8481d3b202c51eed4687b629f69327b283bea4279d1dc7,42,ONE_UNIT_SPAWN_UNAVAILABLE,ONE_UNIT_SPAWN_UNAVAILABLE,1,True,
train,map_004220.csv,9c3484d6b97f713bea47cc4654e73f86c35e0570387baa564e6aae8ad3555850,42,ONE_UNIT_SPAWN_UNAVAILABLE,ONE_UNIT_SPAWN_UNAVAILABLE,1,True,
train,map_002389.csv,9c44061b3d45cbd62f0f8698148926faec388cd033d64fb847e661b7237b3103,42,ONE_UNIT_SPAWN_UNAVAILABLE,ONE_UNIT_SPAWN_UNAVAILABLE,1,True,
train,map_001266.csv,9c5bfaeaa382181918a93518f4136b5ad4372f75e8aa8299be53558f943ebb04,42,ONE_UNIT_SPAWN_UNAVAILABLE,ONE_UNIT_SPAWN_UNAVAILABLE,1,True,
train,map_001112.csv,9c684bce301258684d07731c37dfaf2895595da52dc1ced400d8c35ef7ff2eff,42,ONE_UNIT_SPAWN_UNAVAILABLE,ONE_UNIT_SPAWN_UNAVAILABLE,1,True,
train,map_000326.csv,9c8ef901762012ed265fff41cc1c71a256f95d7c2212d9295b6504af62d4563b,42,ONE_UNIT_SPAWN_UNAVAILABLE,ONE_UNIT_SPAWN_UNAVAILABLE,1,True,
train,map_001776.csv,9c9defa214c5de68245aa68d568ca8eb53704005a7f33c2b7da73716d10ee071,42,ONE_UNIT_SPAWN_UNAVAILABLE,ONE_UNIT_SPAWN_UNAVAILABLE,1,True,
train,map_001871.csv,9ca1c7c07c55fae3b661affcc4f0d1562708c1280d816ba3506d864765dee44e,42,ONE_UNIT_SPAWN_UNAVAILABLE,ONE_UNIT_SPAWN_UNAVAILABLE,1,True,
train,map_000919.csv,9cc87f98e989ce3fe1073b899c5d346ab0e88d70fcae4832992d42e3188e0c5e,42,ONE_UNIT_SPAWN_UNAVAILABLE,ONE_UNIT_SPAWN_UNAVAILABLE,1,True,
train,map_004976.csv,9ccac0b7d485d23ef6836a23d1c1e382bae3f73d52717f6debcf326edb86b8c2,42,ONE_UNIT_SPAWN_UNAVAILABLE,ONE_UNIT_SPAWN_UNAVAILABLE,1,True,
train,map_000003.csv,9cd82f8cf5f06baacb8160284d9310ef38b4dc242c066adb7021e7dab989624c,42,ONE_UNIT_SPAWN_UNAVAILABLE,ONE_UNIT_SPAWN_UNAVAILABLE,1,True,
train,map_000534.csv,9ce930c955665882ff9d2dad7e32ace7b74199bf30a30d265760d8a488ec5188,42,ONE_UNIT_SPAWN_UNAVAILABLE,ONE_UNIT_SPAWN_UNAVAILABLE,1,True,
train,map_001128.csv,9cfb92944eea7acc1abb1318b7cd673edfc5d056b9aafc49776b272a137b654c,42,ONE_UNIT_SPAWN_UNAVAILABLE,ONE_UNIT_SPAWN_UNAVAILABLE,1,True,
train,map_003642.csv,9cfc65fba1b813e10b43acac91bea9b2a2bb5c47f838355aa4c8a545a6e2a58d,42,ONE_UNIT_SPAWN_UNAVAILABLE,ONE_UNIT_SPAWN_UNAVAILABLE,1,True,
train,map_004326.csv,9d14df1e4620ef9c8b0e802b030ccde31150857c2ecdca9ce5ebe22090e1332b,42,ONE_UNIT_SPAWN_UNAVAILABLE,ONE_UNIT_SPAWN_UNAVAILABLE,1,True,
train,map_004997.csv,9d17b0554d81d0d153356125f3b16064b4cb0b4ab41aa7442ae183db0edc1daa,42,ONE_UNIT_SPAWN_UNAVAILABLE,ONE_UNIT_SPAWN_UNAVAILABLE,1,True,
train,map_003698.csv,9d1ed2def2a233e004e3fc33712502d4306a98315c1bdc1503ab1decbc10720d,42,ONE_UNIT_SPAWN_UNAVAILABLE,ONE_UNIT_SPAWN_UNAVAILABLE,1,True,
train,map_001402.csv,9d5269d69b3388f58039967dcb97498525940e925a16e6c7629ee27c3eb71eff,42,ONE_UNIT_SPAWN_UNAVAILABLE,ONE_UNIT_SPAWN_UNAVAILABLE,1,True,
train,map_000811.csv,9d58e9c3eaa6ce5050cf611f1102e56916beb07be448eeb98272f15919a3d401,42,ONE_UNIT_SPAWN_UNAVAILABLE,ONE_UNIT_SPAWN_UNAVAILABLE,1,True,
train,map_004297.csv,9d81a20b6318a5ea978d187a81ea0d8277d73bcaa0f3b6f05c2d6f6ecc4be53c,42,ONE_UNIT_SPAWN_UNAVAILABLE,ONE_UNIT_SPAWN_UNAVAILABLE,1,True,
train,map_001185.csv,9d90bb687b7dc97e787fbc81f49e275424811a11ce4f0465b9b46a9a9d0fe14a,42,ONE_UNIT_SPAWN_UNAVAILABLE,ONE_UNIT_SPAWN_UNAVAILABLE,1,True,
train,map_000266.csv,9da0fbf3a356b59ede89d9ed37b071345383ee8c7480cd54022a9e72db375df8,42,ONE_UNIT_SPAWN_UNAVAILABLE,ONE_UNIT_SPAWN_UNAVAILABLE,1,True,
train,map_003750.csv,9db19a2184e80d7d972a2abf97e43cea88b9be10bfbc6cdacb003923321e3858,42,ONE_UNIT_SPAWN_UNAVAILABLE,ONE_UNIT_SPAWN_UNAVAILABLE,1,True,
train,map_001148.csv,9db3ea08a5a2b9968ad9254c26aca5a2b7361a1fae5126f262e7c0bc1688a218,42,ONE_UNIT_SPAWN_UNAVAILABLE,ONE_UNIT_SPAWN_UNAVAILABLE,1,True,
train,map_000273.csv,9de6e54eff263103198fb9f37418a80cb4354a0978672f59ff38f74ca7d29383,42,ONE_UNIT_SPAWN_UNAVAILABLE,ONE_UNIT_SPAWN_UNAVAILABLE,1,True,
train,map_004331.csv,9df131cfb2d7e0851729fd7aaf17da6461ea825d6ce387b06f8db7a7ad5764af,42,ONE_UNIT_SPAWN_UNAVAILABLE,ONE_UNIT_SPAWN_UNAVAILABLE,1,True,
train,map_002148.csv,9df7a2079e9fec4c6fafe9a398ec5b3bb1c248a5b484a76504b758069a21ac3e,42,ONE_UNIT_SPAWN_UNAVAILABLE,ONE_UNIT_SPAWN_UNAVAILABLE,1,True,
train,map_004880.csv,9e2c5ec741d4b904cfd075959f061ee3dfb3fa9684f0a0081c88d4f3ad83cfa4,42,ONE_UNIT_SPAWN_UNAVAILABLE,ONE_UNIT_SPAWN_UNAVAILABLE,1,True,
train,map_001183.csv,9e357c58db86c10df56a6fbce00815aaf58bc32dadf48b1b5b4fd44353d8d6cc,42,ONE_UNIT_SPAWN_UNAVAILABLE,ONE_UNIT_SPAWN_UNAVAILABLE,1,True,
train,map_002690.csv,9e795ae07505969c44285ee11465fc088cfff401e2a819b8e08ffb0e0835d9a3,42,ONE_UNIT_SPAWN_UNAVAILABLE,ONE_UNIT_SPAWN_UNAVAILABLE,1,True,
train,map_000874.csv,9eb05d8e41fb1fceee5acddc08933178f5c515a61f2102986502b62eef44eda5,42,ONE_UNIT_SPAWN_UNAVAILABLE,ONE_UNIT_SPAWN_UNAVAILABLE,1,True,
train,map_001198.csv,9ed24c0241de08c280c4e4cfa975925db2b0b22366f3cf1989b389a9543c6924,42,ONE_UNIT_SPAWN_UNAVAILABLE,ONE_UNIT_SPAWN_UNAVAILABLE,1,True,
train,map_004335.csv,9f00a51f6ff440afc190dfd54d57d2e5755812a3efb41bcb303d63822a15b49a,42,ONE_UNIT_SPAWN_UNAVAILABLE,ONE_UNIT_SPAWN_UNAVAILABLE,1,True,
train,map_003982.csv,9f2fc53ce4bfe0497142330e535c3322c08b9b12abb2235ba549992f439d9b08,42,ONE_UNIT_SPAWN_UNAVAILABLE,ONE_UNIT_SPAWN_UNAVAILABLE,1,True,
train,map_000220.csv,9f358781cc7158240547ded2c3c7ac670a93cae0b3dcf7ee174ffb09eec032d5,42,ONE_UNIT_SPAWN_UNAVAILABLE,ONE_UNIT_SPAWN_UNAVAILABLE,1,True,
train,map_005502.csv,9f442710aa2886d8eb6ed05793e9b343f17a11ed4b379d680468a7f219aabc4b,42,ONE_UNIT_SPAWN_UNAVAILABLE,ONE_UNIT_SPAWN_UNAVAILABLE,1,True,
train,map_005395.csv,9f51be908bf2bccbb90717c4ae648ff227e8610d13c87c65a9f22d68e852f684,42,ONE_UNIT_SPAWN_UNAVAILABLE,ONE_UNIT_SPAWN_UNAVAILABLE,1,True,
train,map_001908.csv,9f547c6034a3e7205f6e0d0deabffe112963cd665112d982d771c0088858bbac,42,ONE_UNIT_SPAWN_UNAVAILABLE,ONE_UNIT_SPAWN_UNAVAILABLE,1,True,
train,map_004068.csv,9fc54b0cbb1e5b17e52bd87151e3b661d83a2b7e720ab9895a2accb87a522b68,42,ONE_UNIT_SPAWN_UNAVAILABLE,ONE_UNIT_SPAWN_UNAVAILABLE,1,True,
train,map_004024.csv,9fce399265f0c3474f6a6cebb73550a1d478cf3a261d872c86432348692ef072,42,ONE_UNIT_SPAWN_UNAVAILABLE,ONE_UNIT_SPAWN_UNAVAILABLE,1,True,
train,map_003834.csv,9ff82041f77f84057486b6f7ead1148449922f45a3d254ddbdb8f4a3b7576f81,42,ONE_UNIT_SPAWN_UNAVAILABLE,ONE_UNIT_SPAWN_UNAVAILABLE,1,True,
train,map_000615.csv,a0002e4022486c2f91fda53dd5fb477b9348ab871e91d32c768229606aac3667,42,ONE_UNIT_SPAWN_UNAVAILABLE,ONE_UNIT_SPAWN_UNAVAILABLE,1,True,
train,map_002905.csv,a00531e06450a37c19d41a3ceca23788e387e54fa07ac1e15cf0d58f4d4ff694,42,ONE_UNIT_SPAWN_UNAVAILABLE,ONE_UNIT_SPAWN_UNAVAILABLE,1,True,
train,map_004682.csv,a007622c25a2cb2f537afd58d6049c19fddcf306d633cddcb6c95cf579be3a08,42,ONE_UNIT_SPAWN_UNAVAILABLE,ONE_UNIT_SPAWN_UNAVAILABLE,1,True,
train,map_001549.csv,a0565ad4abe94450f484cde29aeb7223f32cdfc08960d4cfe55864fe288a0688,42,ONE_UNIT_SPAWN_UNAVAILABLE,ONE_UNIT_SPAWN_UNAVAILABLE,1,True,
train,map_002627.csv,a09347f93deaa3210cfabffebfcefc3ef78e134c8ce194213bb5fde048ee01f7,42,ONE_UNIT_SPAWN_UNAVAILABLE,ONE_UNIT_SPAWN_UNAVAILABLE,1,True,
train,map_004329.csv,a0b2333ef4e6ee47c34b263b37603d225cec2f60c7aeb2c1c1667735a6c62578,42,ONE_UNIT_SPAWN_UNAVAILABLE,ONE_UNIT_SPAWN_UNAVAILABLE,1,True,
train,map_001845.csv,a0f570a7e6314443dee7f091f384509a3d88d4c44a39e85f1de1364b2d3916b3,42,ONE_UNIT_SPAWN_UNAVAILABLE,ONE_UNIT_SPAWN_UNAVAILABLE,1,True,
train,map_002053.csv,a0fa0ff096bf4b62c4797ec4a0b71e0ebb1a37aabde305b608e09cc70be5178d,42,ONE_UNIT_SPAWN_UNAVAILABLE,ONE_UNIT_SPAWN_UNAVAILABLE,1,True,
train,map_002733.csv,a0fc6202c7d50dddb2ef49cef802d36224ad454241f4fc04f91a49cfc3433f2a,42,ONE_UNIT_SPAWN_UNAVAILABLE,ONE_UNIT_SPAWN_UNAVAILABLE,1,True,
train,map_000500.csv,a112851ef78c71a3ceb72e5f65277ac8b57aa3e6615ea0b77e33c96276975348,42,ONE_UNIT_SPAWN_UNAVAILABLE,ONE_UNIT_SPAWN_UNAVAILABLE,1,True,
train,map_001920.csv,a14446b86dc94ad8ba752393d8ef9a3921fee7a1e50bc9e5c79d091844b6fc6c,42,ONE_UNIT_SPAWN_UNAVAILABLE,ONE_UNIT_SPAWN_UNAVAILABLE,1,True,
train,map_004993.csv,a1624a822ac2726fd58fae79ebe7ef186f447ab767f36dca2b0dc52aec5017cf,42,ONE_UNIT_SPAWN_UNAVAILABLE,ONE_UNIT_SPAWN_UNAVAILABLE,1,True,
train,map_005132.csv,a163ece0d798851bc47c2ca1a8185fbbc2982333e5272d6911e4c5650bb434db,42,ONE_UNIT_SPAWN_UNAVAILABLE,ONE_UNIT_SPAWN_UNAVAILABLE,1,True,
train,map_004413.csv,a17249a1317c4758c6c8c5a510f104021709276286747fa489d6f5ad3face95c,42,ONE_UNIT_SPAWN_UNAVAILABLE,ONE_UNIT_SPAWN_UNAVAILABLE,1,True,
train,map_003720.csv,a190ccf96baf863cb47564326d3a49fa0180ad8b95317214161b03b5f764ae2e,42,ONE_UNIT_SPAWN_UNAVAILABLE,ONE_UNIT_SPAWN_UNAVAILABLE,1,True,
train,map_001986.csv,a1e0c009f79b37552d152812464348163ed3711baf889cae37c1333e821e7920,42,ONE_UNIT_SPAWN_UNAVAILABLE,ONE_UNIT_SPAWN_UNAVAILABLE,1,True,
train,map_001417.csv,a20d48e8641f0194cef131418e4f15781e0c20f65e9f6eeda45a3e614b416403,42,ONE_UNIT_SPAWN_UNAVAILABLE,ONE_UNIT_SPAWN_UNAVAILABLE,1,True,
train,map_003186.csv,a23a70be782d19e1abefe789533aa8e8925194314d23e4e7baae561414fa255d,42,ONE_UNIT_SPAWN_UNAVAILABLE,ONE_UNIT_SPAWN_UNAVAILABLE,1,True,
train,map_002275.csv,a23ac280a5c406228c29375df80b6376c5031663a3886eb8b141893a9ada8c10,42,ONE_UNIT_SPAWN_UNAVAILABLE,ONE_UNIT_SPAWN_UNAVAILABLE,1,True,
train,map_004410.csv,a2c2158218bffda4e1bbcdeef5414067bee759d74336097b8ff4417622609e0a,42,ONE_UNIT_SPAWN_UNAVAILABLE,ONE_UNIT_SPAWN_UNAVAILABLE,1,True,
train,map_003649.csv,a2de52b5cc42f47331184cbd54e22b548dd8fe4c4a64a41441fea007c734a0f8,42,ONE_UNIT_SPAWN_UNAVAILABLE,ONE_UNIT_SPAWN_UNAVAILABLE,1,True,
train,map_005307.csv,a3087a7fbe99bbf0ee9a134a81d18500b400c7eface238156088990e937b0c24,42,ONE_UNIT_SPAWN_UNAVAILABLE,ONE_UNIT_SPAWN_UNAVAILABLE,1,True,
train,map_003631.csv,a311de576e7c176a1c855c5a8a8886a4172fa337d39c3eb90d5d9812f95e03a0,42,ONE_UNIT_SPAWN_UNAVAILABLE,ONE_UNIT_SPAWN_UNAVAILABLE,1,True,
train,map_003338.csv,a313e1d619efd4abf50268ec8273b433624e356e61fe2452dbc4aec71230a5a6,42,ONE_UNIT_SPAWN_UNAVAILABLE,ONE_UNIT_SPAWN_UNAVAILABLE,1,True,
train,map_003922.csv,a33267cf0b0913a0032a18b90e77df79df7492033571eb823bd9949c96fee3f1,42,ONE_UNIT_SPAWN_UNAVAILABLE,ONE_UNIT_SPAWN_UNAVAILABLE,1,True,
train,map_004568.csv,a35def67831ed43ad1a7c2a27673d75d8fc2d915762dd334a1badb0e246822c5,42,ONE_UNIT_SPAWN_UNAVAILABLE,ONE_UNIT_SPAWN_UNAVAILABLE,1,True,
train,map_004627.csv,a365ebc30d192802f753993d30e929ed9500525e9bab992618fb30d75fecc5b4,42,ONE_UNIT_SPAWN_UNAVAILABLE,ONE_UNIT_SPAWN_UNAVAILABLE,1,True,
train,map_003663.csv,a36dd483f3402383f8f6c4ffba512854eb3aeaf1fc080673f5ca23018e99cc1a,42,ONE_UNIT_SPAWN_UNAVAILABLE,ONE_UNIT_SPAWN_UNAVAILABLE,1,True,
train,map_005254.csv,a3880df5d2de5763ac3d4ce36c7a0e33caefb615c2b31e0781296ad74791f868,42,ONE_UNIT_SPAWN_UNAVAILABLE,ONE_UNIT_SPAWN_UNAVAILABLE,1,True,
train,map_001838.csv,a3a33a33991ab90a448894783559bc8aecc65eaa5f2df0326a543f41d5fe100d,42,ONE_UNIT_SPAWN_UNAVAILABLE,ONE_UNIT_SPAWN_UNAVAILABLE,1,True,
train,map_002933.csv,a3ade2dde0682eb3605169ad0c54e1f7c939818068343b5c78fd256f36a569f6,42,ONE_UNIT_SPAWN_UNAVAILABLE,ONE_UNIT_SPAWN_UNAVAILABLE,1,True,
train,map_001492.csv,a3c2543d2eb4e8480b3d34767d6972fa4373b2d106d095dc0f2a708c5112b524,42,ONE_UNIT_SPAWN_UNAVAILABLE,ONE_UNIT_SPAWN_UNAVAILABLE,1,True,
train,map_001829.csv,a4084102198918b72b2b766dbdb2c9a08d84006b4e35a304bff88def52456bc5,42,ONE_UNIT_SPAWN_UNAVAILABLE,ONE_UNIT_SPAWN_UNAVAILABLE,1,True,
train,map_005069.csv,a40b804e44a330884ce261d1fd315eaf8b91752c840a99b96fe95f7fd11d98b4,42,ONE_UNIT_SPAWN_UNAVAILABLE,ONE_UNIT_SPAWN_UNAVAILABLE,1,True,
train,map_001011.csv,a414ce573955205683cb72e581be7ab16a434b0b020364dc9a6ceb8848b3fc01,42,ONE_UNIT_SPAWN_UNAVAILABLE,ONE_UNIT_SPAWN_UNAVAILABLE,1,True,
train,map_001697.csv,a48aa9b6d9af8dd9944e58047b7970d98d4e46a2eb3f68513ebc4968aed1cb0d,42,ONE_UNIT_SPAWN_UNAVAILABLE,ONE_UNIT_SPAWN_UNAVAILABLE,1,True,
train,map_000958.csv,a4a6e048afe3cd232673fd4215ea856bb4ecf09c8cbb4ddeac791526ce5b1a57,42,ONE_UNIT_SPAWN_UNAVAILABLE,ONE_UNIT_SPAWN_UNAVAILABLE,1,True,
train,map_004216.csv,a4b45b136aabb511601768414cda2456b68b0e824075772168f9358b681a51ac,42,ONE_UNIT_SPAWN_UNAVAILABLE,ONE_UNIT_SPAWN_UNAVAILABLE,1,True,
train,map_002950.csv,a4bfdd50c631d839d95d70fc623b5d984728c8ebfd8baa311ebf195edbf15c80,42,ONE_UNIT_SPAWN_UNAVAILABLE,ONE_UNIT_SPAWN_UNAVAILABLE,1,True,
train,map_004655.csv,a4c8656caaf60a6a6658a142ca5cfa6d0d532f87ca985d3c464619bba3060868,42,ONE_UNIT_SPAWN_UNAVAILABLE,ONE_UNIT_SPAWN_UNAVAILABLE,1,True,
train,map_003349.csv,a4c8881864006bc10664616941b4fa14a18798590de3ba4e344cc04bf5e5802c,42,ONE_UNIT_SPAWN_UNAVAILABLE,ONE_UNIT_SPAWN_UNAVAILABLE,1,True,
train,map_003109.csv,a4e6d86011f903c9c6dc9cc0056ab61d82fa3ce22c40330558e8cb503751f900,42,ONE_UNIT_SPAWN_UNAVAILABLE,ONE_UNIT_SPAWN_UNAVAILABLE,1,True,
train,map_001752.csv,a50dc9961aa7be026dfaf8d112eabebe0fbf3d4c97b4b2f3925242579ab53bec,42,ONE_UNIT_SPAWN_UNAVAILABLE,ONE_UNIT_SPAWN_UNAVAILABLE,1,True,
train,map_000074.csv,a51d30394038e29839a2582ddd2d3f492bde24b57cd6f7a0ffa7876722ae1f64,42,ONE_UNIT_SPAWN_UNAVAILABLE,ONE_UNIT_SPAWN_UNAVAILABLE,1,True,
train,map_005374.csv,a52d179a80a1f673c9568f769c4f9bfe31a7301d4339f4f2b60cc819eda656d5,42,ONE_UNIT_SPAWN_UNAVAILABLE,ONE_UNIT_SPAWN_UNAVAILABLE,1,True,
train,map_001334.csv,a52d653f9bc32a46a2da3b543e63c1d588514ff6c3dd61628083fa766e177261,42,ONE_UNIT_SPAWN_UNAVAILABLE,ONE_UNIT_SPAWN_UNAVAILABLE,1,True,
train,map_005486.csv,a573346bcc66e57ec18539e3f3ead5cb12b0d3c5ad122616f635f9bdb1654705,42,ONE_UNIT_SPAWN_UNAVAILABLE,ONE_UNIT_SPAWN_UNAVAILABLE,1,True,
train,map_002425.csv,a5853cd847be056ed2fa44fad58b79dd114569be1cff8c165ed6f1dedce5c6d5,42,ONE_UNIT_SPAWN_UNAVAILABLE,ONE_UNIT_SPAWN_UNAVAILABLE,1,True,
train,map_003831.csv,a5a2d23b6a73134877d0af4b715f28782129d0aa9a6ea0554b36df6db880c986,42,ONE_UNIT_SPAWN_UNAVAILABLE,ONE_UNIT_SPAWN_UNAVAILABLE,1,True,
train,map_004087.csv,a5cb64860cf3422459b0856d74105ba59e132ffa1b73d591191bdb4294abe6e7,42,ONE_UNIT_SPAWN_UNAVAILABLE,ONE_UNIT_SPAWN_UNAVAILABLE,1,True,
train,map_004337.csv,a5d0bc4af1a1505c99fef13334f933baed7c3ccd3921aadae99f4380fb0d23e3,42,ONE_UNIT_SPAWN_UNAVAILABLE,ONE_UNIT_SPAWN_UNAVAILABLE,1,True,
train,map_004370.csv,a5df4ba3059d182383819362b7bc64df4627334b1d241b3e6dfdc888a978b5e3,42,ONE_UNIT_SPAWN_UNAVAILABLE,ONE_UNIT_SPAWN_UNAVAILABLE,1,True,
train,map_000589.csv,a6551505fd7aa19bfe6d34c48e45a67a65249703f5bb45d7582176686d812ed2,42,ONE_UNIT_SPAWN_UNAVAILABLE,ONE_UNIT_SPAWN_UNAVAILABLE,1,True,
train,map_000418.csv,a6703052bfd9949ef839b9a089fa89f8cf3afcf6376453d434dbfe3a50bc3c5f,42,ONE_UNIT_SPAWN_UNAVAILABLE,ONE_UNIT_SPAWN_UNAVAILABLE,1,True,
train,map_001669.csv,a69215ab6be71775a0481d1f13b0eeab552bd0a6df6c094c73789f5ce742b3ff,42,ONE_UNIT_SPAWN_UNAVAILABLE,ONE_UNIT_SPAWN_UNAVAILABLE,1,True,
train,map_001029.csv,a6b60e0ac36f7360ba43ab9efe85a54f696ceb6a28e54007de0eaa462ff1aac7,42,ONE_UNIT_SPAWN_UNAVAILABLE,ONE_UNIT_SPAWN_UNAVAILABLE,1,True,
train,map_004716.csv,a6ba9444a3e75bd445497bb9dcb6f6ecf0771081a7142cd43af7e5008cd69de1,42,ONE_UNIT_SPAWN_UNAVAILABLE,ONE_UNIT_SPAWN_UNAVAILABLE,1,True,
train,map_002037.csv,a70fa7a11b9f92e25118d4e183b6b3184b59f529a46d4b187e36075de2605395,42,ONE_UNIT_SPAWN_UNAVAILABLE,ONE_UNIT_SPAWN_UNAVAILABLE,1,True,
train,map_005513.csv,a7143809d16aba318039f7b7e42222f13d987795876f5e8915f2e71b80a730bc,42,ONE_UNIT_SPAWN_UNAVAILABLE,ONE_UNIT_SPAWN_UNAVAILABLE,1,True,
train,map_004743.csv,a71519a05ef068608399d9aaa0db66b91d089b55ef5bfe7c33c1b5b27e387c9b,42,ONE_UNIT_SPAWN_UNAVAILABLE,ONE_UNIT_SPAWN_UNAVAILABLE,1,True,
train,map_000337.csv,a77818415ea731a576abc8b8ae61f044b68c337885f111c19827ab8b1cb8a2d3,42,ONE_UNIT_SPAWN_UNAVAILABLE,ONE_UNIT_SPAWN_UNAVAILABLE,1,True,
train,map_003959.csv,a7b9cdd44e605bea21db9d8e36ec869f7dd6f1424851a3cb857f52d0da73f942,42,ONE_UNIT_SPAWN_UNAVAILABLE,ONE_UNIT_SPAWN_UNAVAILABLE,1,True,
train,map_002541.csv,a7c527b13e66704b5f7baa07c9dd4d34e48abd7d5832a0aede41545d29e0b456,42,ONE_UNIT_SPAWN_UNAVAILABLE,ONE_UNIT_SPAWN_UNAVAILABLE,1,True,
train,map_005485.csv,a7cc3c9ca424caaec97a53c2272691c4f7c3dae03dfcdae028bc41e8b73ca5ea,42,ONE_UNIT_SPAWN_UNAVAILABLE,ONE_UNIT_SPAWN_UNAVAILABLE,1,True,
train,map_000622.csv,a7f9b96fb52290b249a36b42d2048f411d8fb7cd4ecade790180413e50f57b1b,42,ONE_UNIT_SPAWN_UNAVAILABLE,ONE_UNIT_SPAWN_UNAVAILABLE,1,True,
train,map_001395.csv,a8022952f0ac1b6f86e1ae83adc60deeed6e40b7989e85bcc76943f86df2e770,42,ONE_UNIT_SPAWN_UNAVAILABLE,ONE_UNIT_SPAWN_UNAVAILABLE,1,True,
train,map_005169.csv,a81727124edd0391bc237d78c0571358312c3c972b0194c05189f6ab82f29f46,42,ONE_UNIT_SPAWN_UNAVAILABLE,ONE_UNIT_SPAWN_UNAVAILABLE,1,True,
train,map_004267.csv,a81bdbf39a5dcafac51962d05d8a5e02d3d67b020051dec60b04a28d95637f28,42,ONE_UNIT_SPAWN_UNAVAILABLE,ONE_UNIT_SPAWN_UNAVAILABLE,1,True,
train,map_002929.csv,a850602ab1d8e9dda6cdcdbacf31a89576eb8834522fb8556d9c91527d1cfca1,42,ONE_UNIT_SPAWN_UNAVAILABLE,ONE_UNIT_SPAWN_UNAVAILABLE,1,True,
train,map_002157.csv,a8862d5d9012698e99454f58acf9c0d50d4976a3de510bcfa6e1341816582290,42,ONE_UNIT_SPAWN_UNAVAILABLE,ONE_UNIT_SPAWN_UNAVAILABLE,1,True,
train,map_000199.csv,a888ad553f55fb7b9894d3ea4676d5eff9ced85a37cd01a1f6190f6d2ebff449,42,ONE_UNIT_SPAWN_UNAVAILABLE,ONE_UNIT_SPAWN_UNAVAILABLE,1,True,
train,map_004623.csv,a888c57a63547dbd1e495b47920adace994cc28599171b41eec8d586d9fc6bd3,42,ONE_UNIT_SPAWN_UNAVAILABLE,ONE_UNIT_SPAWN_UNAVAILABLE,1,True,
train,map_001120.csv,a88ffcfd10bb7592b399704b28005986b7d1200685073eb5e1ee3d757948b5d2,42,ONE_UNIT_SPAWN_UNAVAILABLE,ONE_UNIT_SPAWN_UNAVAILABLE,1,True,
train,map_003468.csv,a8afc4cbe4c8cb59eb3ae62dd5e297b6c8cae13d287c5179f6ab127eb5a977f6,42,ONE_UNIT_SPAWN_UNAVAILABLE,ONE_UNIT_SPAWN_UNAVAILABLE,1,True,
train,map_005240.csv,a8cbbffe643992f124d3053ef0e573941c10e316f5d89bf06725998fb89f5288,42,ONE_UNIT_SPAWN_UNAVAILABLE,ONE_UNIT_SPAWN_UNAVAILABLE,1,True,
train,map_004015.csv,a8efaa41ba3a3a01defc46019cbe6648c50b3381937895ab414c099465ced56b,42,ONE_UNIT_SPAWN_UNAVAILABLE,ONE_UNIT_SPAWN_UNAVAILABLE,1,True,
train,map_001118.csv,a91a452d8e3ad88bc6fc95b56e02cd41336fbad210562aa77489558fc291bacb,42,ONE_UNIT_SPAWN_UNAVAILABLE,ONE_UNIT_SPAWN_UNAVAILABLE,1,True,
train,map_001504.csv,a94325bb302d422ba9871e95a85c94e21f12ac4eaf763650934d011a92e9c24a,42,ONE_UNIT_SPAWN_UNAVAILABLE,ONE_UNIT_SPAWN_UNAVAILABLE,1,True,
train,map_002101.csv,a95da47735a531e91e8497c9e5340440e96510eff0fa4b16d0749e2dcb36c870,42,ONE_UNIT_SPAWN_UNAVAILABLE,ONE_UNIT_SPAWN_UNAVAILABLE,1,True,
train,map_004291.csv,a98d781acee4be7a89483a2566b786435103ab705997f0e33f06e1c2d6618bfc,42,ONE_UNIT_SPAWN_UNAVAILABLE,ONE_UNIT_SPAWN_UNAVAILABLE,1,True,
train,map_000167.csv,a9981bf04ec1c0c697b83dd968a7b060c51bb49952edf5579bf14b25f2ec5913,42,ONE_UNIT_SPAWN_UNAVAILABLE,ONE_UNIT_SPAWN_UNAVAILABLE,1,True,
train,map_004052.csv,a9a3957be308d135d5bba7333bedce984b800342b5e06a21f481cdc84e24ac50,42,ONE_UNIT_SPAWN_UNAVAILABLE,ONE_UNIT_SPAWN_UNAVAILABLE,1,True,
train,map_001088.csv,a9a614946b973e8bfdf3584a137c4e337f29c4ff8e4c7c97e790ec5209631992,42,ONE_UNIT_SPAWN_UNAVAILABLE,ONE_UNIT_SPAWN_UNAVAILABLE,1,True,
train,map_002603.csv,a9c9e3444a369fc3156d59bd1ca6c3069a5505aa77791434755a5e395e8e4306,42,ONE_UNIT_SPAWN_UNAVAILABLE,ONE_UNIT_SPAWN_UNAVAILABLE,1,True,
train,map_003755.csv,a9d2a5ed9319ccddc79a3fbdb85b37b133fc19afb9c7133bc78404c8fee58ccf,42,ONE_UNIT_SPAWN_UNAVAILABLE,ONE_UNIT_SPAWN_UNAVAILABLE,1,True,
train,map_002017.csv,a9e436d10c03feb4c4edcab80e318d684b9202c4fe6f3eaf1645ed64cb3e5fd6,42,ONE_UNIT_SPAWN_UNAVAILABLE,ONE_UNIT_SPAWN_UNAVAILABLE,1,True,
train,map_000717.csv,a9fc19b31437f758a3ed1ef37b08dd2908c8287cd9ea6fa5b3b7851265e2adad,42,ONE_UNIT_SPAWN_UNAVAILABLE,ONE_UNIT_SPAWN_UNAVAILABLE,1,True,
train,map_000128.csv,aa098449a9583b24d9672a182e6d0086cf335d47f5b73c8780915b6fd0ac4f65,42,ONE_UNIT_SPAWN_UNAVAILABLE,ONE_UNIT_SPAWN_UNAVAILABLE,1,True,
train,map_003790.csv,aa301c95fa63127e4129558bd572c61a374c7bd440edcbb8d2b600fa78408fca,42,ONE_UNIT_SPAWN_UNAVAILABLE,ONE_UNIT_SPAWN_UNAVAILABLE,1,True,
train,map_004905.csv,aa32044d70ed396b10d1eb6ce12510ddd2ac0fd26d585a05625df5a6c6a6590a,42,ONE_UNIT_SPAWN_UNAVAILABLE,ONE_UNIT_SPAWN_UNAVAILABLE,1,True,
train,map_000689.csv,aa3f1de21a91973e27c342670046ab193288a0f1a09506854d9922959ef6461d,42,ONE_UNIT_SPAWN_UNAVAILABLE,ONE_UNIT_SPAWN_UNAVAILABLE,1,True,
train,map_003280.csv,aa4602b2f5d0d643894b9eaea2fd4b1e44bd35f5d6dfee6deb80c73ba08b70e6,42,ONE_UNIT_SPAWN_UNAVAILABLE,ONE_UNIT_SPAWN_UNAVAILABLE,1,True,
train,map_004971.csv,aa56438e7622c5227f79a19e7f6d43c69176a4b4ce604c3406fd9458a2732997,42,ONE_UNIT_SPAWN_UNAVAILABLE,ONE_UNIT_SPAWN_UNAVAILABLE,1,True,
train,map_002495.csv,aaa3e962aebe4637eecb890184e8de10571794b908aef439b55b2f7a3bb80b30,42,ONE_UNIT_SPAWN_UNAVAILABLE,ONE_UNIT_SPAWN_UNAVAILABLE,1,True,
train,map_005223.csv,aac44c4ce1eb48834f72301ea14f298cef74cf73257217d84c263a276ce9c16a,42,ONE_UNIT_SPAWN_UNAVAILABLE,ONE_UNIT_SPAWN_UNAVAILABLE,1,True,
train,map_003546.csv,aad9288fcce17faab007599ee694d55946f7d3cda65b68925ad1ca84e2e00d3c,42,ONE_UNIT_SPAWN_UNAVAILABLE,ONE_UNIT_SPAWN_UNAVAILABLE,1,True,
train,map_001196.csv,aade19771d0a3727ce1f913906c5f5a10a74b47ebf89d31ee51b7a83813f5d67,42,ONE_UNIT_SPAWN_UNAVAILABLE,ONE_UNIT_SPAWN_UNAVAILABLE,1,True,
train,map_001573.csv,ab00092ad6d3b44d73d0965287f78277c2b5da2ac76850e623eda95ddf576cce,42,ONE_UNIT_SPAWN_UNAVAILABLE,ONE_UNIT_SPAWN_UNAVAILABLE,1,True,
train,map_001407.csv,ab25ede7937c75c52d094e31fd2a17b47e2e8a392a8b5fd3bbe310ff68a89570,42,ONE_UNIT_SPAWN_UNAVAILABLE,ONE_UNIT_SPAWN_UNAVAILABLE,1,True,
train,map_001719.csv,ab488a27cdbacdd0f9bf6337a1025babc121404a6d0b2e92c27fa8b947fd1e33,42,ONE_UNIT_SPAWN_UNAVAILABLE,ONE_UNIT_SPAWN_UNAVAILABLE,1,True,
train,map_002571.csv,ab49b101b5e19ee0b197a4a1958127eebacb48abb612a4c83e7a5f072b781ff4,42,ONE_UNIT_SPAWN_UNAVAILABLE,ONE_UNIT_SPAWN_UNAVAILABLE,1,True,
train,map_001873.csv,ab81ec889ab37e348e6cab69763cd7def7a19f251915d67c7ee988d0cee393a3,42,ONE_UNIT_SPAWN_UNAVAILABLE,ONE_UNIT_SPAWN_UNAVAILABLE,1,True,
train,map_004706.csv,ab8da4bcc725558ebb7f54598bce9227e1dad08a45bd7b56a1fdb4e6fe2f8966,42,ONE_UNIT_SPAWN_UNAVAILABLE,ONE_UNIT_SPAWN_UNAVAILABLE,1,True,
train,map_001539.csv,ab941808e47184b9df9ef41724a50d1d2cb5f9b04735a7009d494a3d01de81dd,42,ONE_UNIT_SPAWN_UNAVAILABLE,ONE_UNIT_SPAWN_UNAVAILABLE,1,True,
train,map_001048.csv,aba68fcc864c5535560299209e6a51cf97b10754dd4122c3ec2feb1a2dee8493,42,ONE_UNIT_SPAWN_UNAVAILABLE,ONE_UNIT_SPAWN_UNAVAILABLE,1,True,
train,map_003988.csv,abdde6321f05c291b32b404de31376902025dde76eb5e6a8119c5e973be3369e,42,ONE_UNIT_SPAWN_UNAVAILABLE,ONE_UNIT_SPAWN_UNAVAILABLE,1,True,
train,map_001872.csv,ac0bb399d5fdd7d413c57cd5c29d102107940794bc12b6efb1f912b0780738fe,42,ONE_UNIT_SPAWN_UNAVAILABLE,ONE_UNIT_SPAWN_UNAVAILABLE,1,True,
train,map_002178.csv,ac0e89796e5cd51fd0248f1773cc0c3b5754b7a22cc2bad66c1ef1f5822b658c,42,ONE_UNIT_SPAWN_UNAVAILABLE,ONE_UNIT_SPAWN_UNAVAILABLE,1,True,
train,map_002197.csv,ac0f05de56d7802650858dcfa40e9bba5dbbb09052ab3ce94231142f7cb234c2,42,ONE_UNIT_SPAWN_UNAVAILABLE,ONE_UNIT_SPAWN_UNAVAILABLE,1,True,
train,map_001638.csv,ac19631655e91a57302068188d57b8e57693c4efd288b2aec7e3754f9ce952d9,42,ONE_UNIT_SPAWN_UNAVAILABLE,ONE_UNIT_SPAWN_UNAVAILABLE,1,True,
train,map_004185.csv,ac323d138d4ce1284326559df6eb2fe15af768d8d457d9306c39c2063493d941,42,ONE_UNIT_SPAWN_UNAVAILABLE,ONE_UNIT_SPAWN_UNAVAILABLE,1,True,
train,map_005284.csv,aca717dba11c35d16bb05812bd0a42641e46c45c29869e6a7d3f09bbbad9d70b,42,ONE_UNIT_SPAWN_UNAVAILABLE,ONE_UNIT_SPAWN_UNAVAILABLE,1,True,
train,map_000657.csv,acba65565c2ce8c27da465e58a36bb52ef035e721938bcf455b423aab26ce815,42,ONE_UNIT_SPAWN_UNAVAILABLE,ONE_UNIT_SPAWN_UNAVAILABLE,1,True,
train,map_000170.csv,acc39d38af056acb374a60c244638000d1b7645de7b66d128d4b822358742799,42,ONE_UNIT_SPAWN_UNAVAILABLE,ONE_UNIT_SPAWN_UNAVAILABLE,1,True,
train,map_000329.csv,acf856ee8f4982612d069d99df3d9cfdee6654a38d3d30d789b123554959c669,42,ONE_UNIT_SPAWN_UNAVAILABLE,ONE_UNIT_SPAWN_UNAVAILABLE,1,True,
train,map_004740.csv,acfd546e10024acdbbbe7dda75259f5e97d99dbded187c80990650198776b286,42,ONE_UNIT_SPAWN_UNAVAILABLE,ONE_UNIT_SPAWN_UNAVAILABLE,1,True,
train,map_004143.csv,ad53d8a98904429d3871e87eb13e604febf2e77c5d5ae57d7f523862ddead487,42,ONE_UNIT_SPAWN_UNAVAILABLE,ONE_UNIT_SPAWN_UNAVAILABLE,1,True,
train,map_000196.csv,ad5eb110762ee320d267683d42a6ba9e7f7de022afaf1e6c715dad185aca7a91,42,ONE_UNIT_SPAWN_UNAVAILABLE,ONE_UNIT_SPAWN_UNAVAILABLE,1,True,
train,map_002391.csv,ad9e249ccfa3409fd8d6c8bf8122d152dc48eccd448d34098db66951211528f6,42,ONE_UNIT_SPAWN_UNAVAILABLE,ONE_UNIT_SPAWN_UNAVAILABLE,1,True,
train,map_005029.csv,ae1ee840b07733457e5f581ce8d1ff6e0b5c73f3c8ef330bc6bbad5c25b2bf70,42,ONE_UNIT_SPAWN_UNAVAILABLE,ONE_UNIT_SPAWN_UNAVAILABLE,1,True,
train,map_003258.csv,ae27692c7a175310b546eb0b74e6c93a9224c1168427b05a702eac24c3204c50,42,ONE_UNIT_SPAWN_UNAVAILABLE,ONE_UNIT_SPAWN_UNAVAILABLE,1,True,
train,map_000368.csv,ae9f21d89d99dd7f793445c011611120798cbbef2f502611e3e6aa4f527e3aa3,42,ONE_UNIT_SPAWN_UNAVAILABLE,ONE_UNIT_SPAWN_UNAVAILABLE,1,True,
train,map_003961.csv,aecc47f6b773aea4f11516b0fea4c88234022fc90525a1844fc472fb2bd36577,42,ONE_UNIT_SPAWN_UNAVAILABLE,ONE_UNIT_SPAWN_UNAVAILABLE,1,True,
train,map_004956.csv,af0ef88c988fc0f1d40b444389eadaa649264fe68973afb0beaf4b8791fe6f04,42,ONE_UNIT_SPAWN_UNAVAILABLE,ONE_UNIT_SPAWN_UNAVAILABLE,1,True,
train,map_003667.csv,af49bfa0539c69b517d0b0008081008a819d4d31d8364bfd875cdcf2caa72193,42,ONE_UNIT_SPAWN_UNAVAILABLE,ONE_UNIT_SPAWN_UNAVAILABLE,1,True,
train,map_000624.csv,af6282856e450086f9420262599e2d8f208a3c6bc43ffe6e2b0f5a34af09a879,42,ONE_UNIT_SPAWN_UNAVAILABLE,ONE_UNIT_SPAWN_UNAVAILABLE,1,True,
train,map_002382.csv,af67b99088e670e69101d14bccbc841b27d68a7e73d7ff2fc845404a0064dd21,42,ONE_UNIT_SPAWN_UNAVAILABLE,ONE_UNIT_SPAWN_UNAVAILABLE,1,True,
train,map_003232.csv,afa3d907a903e77302558195cbeb9bc826eaadd92752a664bc9d88b4c1d139fe,42,ONE_UNIT_SPAWN_UNAVAILABLE,ONE_UNIT_SPAWN_UNAVAILABLE,1,True,
train,map_000221.csv,afacea94108186b5e26548ce8db343983a894e05174d56a22d8164e1d24f1abb,42,ONE_UNIT_SPAWN_UNAVAILABLE,ONE_UNIT_SPAWN_UNAVAILABLE,1,True,
train,map_000201.csv,afee11f06331bf96993c4d1043d3f02d866e163b95ef492667b7f9864cc7067a,42,ONE_UNIT_SPAWN_UNAVAILABLE,ONE_UNIT_SPAWN_UNAVAILABLE,1,True,
train,map_000338.csv,b0008757d13b88ac7447c95dbbdea8c6868816b025fccdd94e7d1dffddc77040,42,ONE_UNIT_SPAWN_UNAVAILABLE,ONE_UNIT_SPAWN_UNAVAILABLE,1,True,
train,map_005241.csv,b000cbfb9de4bad19091d38f2b7c7334f6da4c39aaeb7a75c29669f6a574ec29,42,ONE_UNIT_SPAWN_UNAVAILABLE,ONE_UNIT_SPAWN_UNAVAILABLE,1,True,
train,map_000299.csv,b02556389f0852cac89038fedd64714aa7750fbad4faf8aec740eb2f2e424d1d,42,ONE_UNIT_SPAWN_UNAVAILABLE,ONE_UNIT_SPAWN_UNAVAILABLE,1,True,
train,map_002247.csv,b04148ab7617da20b6420751c01d0327cfb924022b61f1995371ba97b5230c08,42,ONE_UNIT_SPAWN_UNAVAILABLE,ONE_UNIT_SPAWN_UNAVAILABLE,1,True,
train,map_001688.csv,b0767e6332e085827c1a79cd1062e8bc8a1c63e614a69b9ff63d7b4f4fa1618d,42,ONE_UNIT_SPAWN_UNAVAILABLE,ONE_UNIT_SPAWN_UNAVAILABLE,1,True,
train,map_004986.csv,b07be281ddb38c226ffb2415ed525c9b7c0d94b7ab0c1d4d2e0df8b87641118a,42,ONE_UNIT_SPAWN_UNAVAILABLE,ONE_UNIT_SPAWN_UNAVAILABLE,1,True,
train,map_004727.csv,b07e618c6ca719658b30dff9649dc4f6363816e5b6edbdf367be7b13627ff45f,42,ONE_UNIT_SPAWN_UNAVAILABLE,ONE_UNIT_SPAWN_UNAVAILABLE,1,True,
train,map_000641.csv,b09f1e5fe41918d56029427cf82b71bb70c9dee63674da76bf99ba219a59caa1,42,ONE_UNIT_SPAWN_UNAVAILABLE,ONE_UNIT_SPAWN_UNAVAILABLE,1,True,
train,map_000567.csv,b0c2a5945ddf4bb1cc29ad8fff6d5bdbb2b6e1293ff84823eb9abf0bd7f5a141,42,ONE_UNIT_SPAWN_UNAVAILABLE,ONE_UNIT_SPAWN_UNAVAILABLE,1,True,
train,map_001340.csv,b0c9846bed8987b0780ef4cd9ff2defa7a9b7a7e83f08b5754747ae7feb53817,42,ONE_UNIT_SPAWN_UNAVAILABLE,ONE_UNIT_SPAWN_UNAVAILABLE,1,True,
train,map_002303.csv,b0cee547f2ce7843ef6c49bf2824b7f8a3282110bd87cb70a074b1f48788c21f,42,ONE_UNIT_SPAWN_UNAVAILABLE,ONE_UNIT_SPAWN_UNAVAILABLE,1,True,
train,map_001124.csv,b0cf4bf23dcc7458aed447d176d79b4ea1528e382f4a7a8604a1effa1f0905f6,42,ONE_UNIT_SPAWN_UNAVAILABLE,ONE_UNIT_SPAWN_UNAVAILABLE,1,True,
train,map_000489.csv,b10a6d4c2006e8c3674e579053a5430bfdceaa9dadda677be3149cd2ebc9b31b,42,ONE_UNIT_SPAWN_UNAVAILABLE,ONE_UNIT_SPAWN_UNAVAILABLE,1,True,
train,map_004765.csv,b1122174cfbbfbd9af61787a37c624b20beb33a940c80533f195f555eaff8ef8,42,ONE_UNIT_SPAWN_UNAVAILABLE,ONE_UNIT_SPAWN_UNAVAILABLE,1,True,
train,map_005144.csv,b1240cca7f54114de356a44f3b81f443ec21691f6f93f400d6bc0c093b43e2f2,42,ONE_UNIT_SPAWN_UNAVAILABLE,ONE_UNIT_SPAWN_UNAVAILABLE,1,True,
train,map_003568.csv,b12e88bb9b77a7db24eb5924e03eb8c4b8e39ddb4db15b1c9fcfad4d2a82ea5d,42,ONE_UNIT_SPAWN_UNAVAILABLE,ONE_UNIT_SPAWN_UNAVAILABLE,1,True,
train,map_003776.csv,b141405c915aaa73c1db914ae8d98192e0eca548013a49026506aef1ec2bc91a,42,ONE_UNIT_SPAWN_UNAVAILABLE,ONE_UNIT_SPAWN_UNAVAILABLE,1,True,
train,map_003227.csv,b1528f6d4d79b1935bb2cd727d96902f0943ea4df98ca75bce3545ce2800f160,42,ONE_UNIT_SPAWN_UNAVAILABLE,ONE_UNIT_SPAWN_UNAVAILABLE,1,True,
train,map_001156.csv,b18b0f94c04d11beb49705e6542009eca8ec47ff83c9366a0054bb18264c3680,42,ONE_UNIT_SPAWN_UNAVAILABLE,ONE_UNIT_SPAWN_UNAVAILABLE,1,True,
train,map_005135.csv,b1a3ce576295f511be0acb702de2cc589c296b64912ed3ac7a5b414ac33f11c4,42,ONE_UNIT_SPAWN_UNAVAILABLE,ONE_UNIT_SPAWN_UNAVAILABLE,1,True,
train,map_000990.csv,b1a79034183e6b1e6eb821a15313447534f0c16642154a8374b15df93aec2cf1,42,ONE_UNIT_SPAWN_UNAVAILABLE,ONE_UNIT_SPAWN_UNAVAILABLE,1,True,
train,map_001860.csv,b1b8f3fc93f0bda9dbfe27e0b57d3009d189a6afcd3ccd6542b88730f9682f2f,42,ONE_UNIT_SPAWN_UNAVAILABLE,ONE_UNIT_SPAWN_UNAVAILABLE,1,True,
train,map_001831.csv,b1e93db39268a452ab59ebda5168912b7754795af9bf3fdd300bec00ddbc4986,42,ONE_UNIT_SPAWN_UNAVAILABLE,ONE_UNIT_SPAWN_UNAVAILABLE,1,True,
train,map_005115.csv,b21820445f3a23a91178a7d5f5137614e8451b6af150484a8aca1915b8ffbe10,42,ONE_UNIT_SPAWN_UNAVAILABLE,ONE_UNIT_SPAWN_UNAVAILABLE,1,True,
train,map_004821.csv,b231b6c51a1aa30a36a13de386cc442ed25f8937a810872c46e108a171a84a72,42,ONE_UNIT_SPAWN_UNAVAILABLE,ONE_UNIT_SPAWN_UNAVAILABLE,1,True,
train,map_000145.csv,b241e236491ca9e6ab5deaaedcf1e44def880a142ce44101d5f3df3921748139,42,ONE_UNIT_SPAWN_UNAVAILABLE,ONE_UNIT_SPAWN_UNAVAILABLE,1,True,
train,map_005232.csv,b2430768b8959856917a7ec5262cd98be4fd2b777a0f842d989a116ff400a27a,42,ONE_UNIT_SPAWN_UNAVAILABLE,ONE_UNIT_SPAWN_UNAVAILABLE,1,True,
train,map_003962.csv,b254ecd8631efebc26c65b13f7da4d6526a3f3657f8f2caa92b37f1dc321ed8c,42,ONE_UNIT_SPAWN_UNAVAILABLE,ONE_UNIT_SPAWN_UNAVAILABLE,1,True,
train,map_005252.csv,b2dc34e91299e2f544832f1937deea1166b0cbd206eb6e5843e250f99aefd72d,42,ONE_UNIT_SPAWN_UNAVAILABLE,ONE_UNIT_SPAWN_UNAVAILABLE,1,True,
train,map_001362.csv,b2e68fab6bb4e94167d0628e26ae659611d05130517622df7b9d464ee7b10f5b,42,ONE_UNIT_SPAWN_UNAVAILABLE,ONE_UNIT_SPAWN_UNAVAILABLE,1,True,
train,map_004354.csv,b31ee6ec20e3ab08c2586dde892296f669bc880d245becae05551a4ef8950f45,42,ONE_UNIT_SPAWN_UNAVAILABLE,ONE_UNIT_SPAWN_UNAVAILABLE,1,True,
train,map_001222.csv,b32824e835d81249e2881c19e2ae588f6b6af2bf71d41db222176cb0e27cb10b,42,ONE_UNIT_SPAWN_UNAVAILABLE,ONE_UNIT_SPAWN_UNAVAILABLE,1,True,
train,map_003536.csv,b33b20b0a32712ab8b9be797555dcef5186d613e9315033342e0e9e87fe4d23c,42,ONE_UNIT_SPAWN_UNAVAILABLE,ONE_UNIT_SPAWN_UNAVAILABLE,1,True,
train,map_004554.csv,b393c2f34ce799e463250eb1a069d6e4c3a4a91740216b089eb7c196fcd4a2e4,42,ONE_UNIT_SPAWN_UNAVAILABLE,ONE_UNIT_SPAWN_UNAVAILABLE,1,True,
train,map_001301.csv,b395feeda3896366072184c8cf7e1d47535709f0afb19394b916196917b65615,42,ONE_UNIT_SPAWN_UNAVAILABLE,ONE_UNIT_SPAWN_UNAVAILABLE,1,True,
train,map_004019.csv,b39cbc53643ada8c0d7a37d9d118a15a01678f0fface19068864d9e44d6c53fb,42,ONE_UNIT_SPAWN_UNAVAILABLE,ONE_UNIT_SPAWN_UNAVAILABLE,1,True,
train,map_002470.csv,b3a81e4fe556f9bf26fccf50225866872b5174b0b2fe57e30711f3b71bfddc9c,42,ONE_UNIT_SPAWN_UNAVAILABLE,ONE_UNIT_SPAWN_UNAVAILABLE,1,True,
train,map_000151.csv,b3b92eef604340fc99c7cecafa56e478433a768e2314679b297011ca6cc7634e,42,ONE_UNIT_SPAWN_UNAVAILABLE,ONE_UNIT_SPAWN_UNAVAILABLE,1,True,
train,map_002100.csv,b41f28fd704bafa8aa17a6eb36dd3a236b6fcebeba50ae5856770fcc58c41f6b,42,ONE_UNIT_SPAWN_UNAVAILABLE,ONE_UNIT_SPAWN_UNAVAILABLE,1,True,
train,map_002529.csv,b43581103d924b5e00d24ddaa65b88ffa4168227c0ba01bec8f43965b9f94d2e,42,ONE_UNIT_SPAWN_UNAVAILABLE,ONE_UNIT_SPAWN_UNAVAILABLE,1,True,
train,map_003879.csv,b436bc0303450e31dcb2804d5f89cad7a93d6aac492b85834789249e5cd59bfd,42,ONE_UNIT_SPAWN_UNAVAILABLE,ONE_UNIT_SPAWN_UNAVAILABLE,1,True,
train,map_003970.csv,b4724674613fe7cac9bdf8823bc5de2d8c0c5f30e35a08a75e5f54d7255e12f9,42,ONE_UNIT_SPAWN_UNAVAILABLE,ONE_UNIT_SPAWN_UNAVAILABLE,1,True,
train,map_000152.csv,b47b6db3e6afd5e241cfb53a546d7e6ce299dcc354ae505121eee0364b646771,42,ONE_UNIT_SPAWN_UNAVAILABLE,ONE_UNIT_SPAWN_UNAVAILABLE,1,True,
train,map_004226.csv,b4994ea6fffd4c83efe21a94ddc355bb4fcefe0d4c7198f2b71b40162cb3e88d,42,ONE_UNIT_SPAWN_UNAVAILABLE,ONE_UNIT_SPAWN_UNAVAILABLE,1,True,
train,map_000952.csv,b49ee3ca0cb16ba4ddbfe1f60b3d476c0862d97b9922c5af604f1aea66f8c889,42,ONE_UNIT_SPAWN_UNAVAILABLE,ONE_UNIT_SPAWN_UNAVAILABLE,1,True,
train,map_004089.csv,b4b91e9305d10dd3ff40c057e20fc26c599db1df081e0979fc8cae4983ba8e56,42,ONE_UNIT_SPAWN_UNAVAILABLE,ONE_UNIT_SPAWN_UNAVAILABLE,1,True,
train,map_001479.csv,b4bd9a4237061f20fd02b7784760b7d498e9deda786f4e852de649bfd63d43d8,42,ONE_UNIT_SPAWN_UNAVAILABLE,ONE_UNIT_SPAWN_UNAVAILABLE,1,True,
train,map_005063.csv,b4ca3ef77120c9eaf629a4d2ac77b1a00161442239058971ee378425e485f27f,42,ONE_UNIT_SPAWN_UNAVAILABLE,ONE_UNIT_SPAWN_UNAVAILABLE,1,True,
train,map_003931.csv,b5009d548bce669811ebb297b8e7911028ca3a0db37e3610441763c18500f674,42,ONE_UNIT_SPAWN_UNAVAILABLE,ONE_UNIT_SPAWN_UNAVAILABLE,1,True,
train,map_000971.csv,b50539dda23dfb9889d393df73321b8781422aaab0f9a883ad6266d2450e80ab,42,ONE_UNIT_SPAWN_UNAVAILABLE,ONE_UNIT_SPAWN_UNAVAILABLE,1,True,
train,map_001902.csv,b5077b93205af67600cf766110f38d7411ceeb1578f786edb7b8e6e9842d0035,42,ONE_UNIT_SPAWN_UNAVAILABLE,ONE_UNIT_SPAWN_UNAVAILABLE,1,True,
train,map_003164.csv,b517ba44d1629155e59a4bff10a47247ea567357319b05ff170d768a658a9ff4,42,ONE_UNIT_SPAWN_UNAVAILABLE,ONE_UNIT_SPAWN_UNAVAILABLE,1,True,
train,map_004396.csv,b52b65d6469a713dacecf49e5fda5d9b4901f4b09491674f5af6dc2067fc8e6a,42,ONE_UNIT_SPAWN_UNAVAILABLE,ONE_UNIT_SPAWN_UNAVAILABLE,1,True,
train,map_002859.csv,b53787d4d3d022cab276c605895b1ea7a3cd983c6ac4a8faaa300122791afd3c,42,ONE_UNIT_SPAWN_UNAVAILABLE,ONE_UNIT_SPAWN_UNAVAILABLE,1,True,
train,map_000520.csv,b549a5ee260a7196ef0445ff7af551d5d431a6ea5469500a0bddb629efee74d4,42,ONE_UNIT_SPAWN_UNAVAILABLE,ONE_UNIT_SPAWN_UNAVAILABLE,1,True,
train,map_000709.csv,b569c481e2483f0c2f0d96669057e05b023b118a28400dd7820744ef001a8fae,42,ONE_UNIT_SPAWN_UNAVAILABLE,ONE_UNIT_SPAWN_UNAVAILABLE,1,True,
train,map_002227.csv,b56ed4be704cc75b09ab503bde692ad32267f87abb1f03031ffd3d0245187dd6,42,ONE_UNIT_SPAWN_UNAVAILABLE,ONE_UNIT_SPAWN_UNAVAILABLE,1,True,
train,map_004982.csv,b56ef224dc73570c270aad7eafb7c25f5d728dc94fd65f2dc994cc398971f0ce,42,ONE_UNIT_SPAWN_UNAVAILABLE,ONE_UNIT_SPAWN_UNAVAILABLE,1,True,
train,map_001867.csv,b59eb32764f5c3120a77696bf8f9b89b4c8d2a4b681d9f822cceb45ba9f8507d,42,ONE_UNIT_SPAWN_UNAVAILABLE,ONE_UNIT_SPAWN_UNAVAILABLE,1,True,
train,map_002867.csv,b5ade17dc3f2fedc6246a44fdeb63d1b9ce6b00ffd380e25b4817daf6a9ef39b,42,ONE_UNIT_SPAWN_UNAVAILABLE,ONE_UNIT_SPAWN_UNAVAILABLE,1,True,
train,map_005418.csv,b5e0b0ca2d9437997b891a6b1c2d9d156587518282ed20cc0b7f5618f9b75da2,42,ONE_UNIT_SPAWN_UNAVAILABLE,ONE_UNIT_SPAWN_UNAVAILABLE,1,True,
train,map_001303.csv,b5e7733030549e42f04c7ca687e683684579b8f1f4bad767ecf2c788a52adbe0,42,ONE_UNIT_SPAWN_UNAVAILABLE,ONE_UNIT_SPAWN_UNAVAILABLE,1,True,
train,map_003714.csv,b60b55dc8342fdec2113a2417e0321449904acc47d12ab1d1167fa253163e233,42,ONE_UNIT_SPAWN_UNAVAILABLE,ONE_UNIT_SPAWN_UNAVAILABLE,1,True,
train,map_003485.csv,b61de78e3431abb75b202f7ad8889d884bd381e07f755573b6275eb565b01998,42,ONE_UNIT_SPAWN_UNAVAILABLE,ONE_UNIT_SPAWN_UNAVAILABLE,1,True,
train,map_004894.csv,b6258ead8cc5a2c39af06ecab413818b7a5eb150b047346d6dd454e8f56a03db,42,ONE_UNIT_SPAWN_UNAVAILABLE,ONE_UNIT_SPAWN_UNAVAILABLE,1,True,
train,map_001021.csv,b633e4f6c9dc52b226b740c1c7e36c4688f0c6c5150cf74344ec205ebf87f46c,42,ONE_UNIT_SPAWN_UNAVAILABLE,ONE_UNIT_SPAWN_UNAVAILABLE,1,True,
train,map_005333.csv,b647a5948b3bc80cbbfb44709f025d8f7d462df1a3be9ac92d90c6882998dcc1,42,ONE_UNIT_SPAWN_UNAVAILABLE,ONE_UNIT_SPAWN_UNAVAILABLE,1,True,
train,map_002259.csv,b6504731474e6e2de3351c8e87c9fa54f2c1c2cf658f8067d48234a848eb868f,42,ONE_UNIT_SPAWN_UNAVAILABLE,ONE_UNIT_SPAWN_UNAVAILABLE,1,True,
train,map_002146.csv,b6703197ad87476584b66a9e819b1eda7d02f5222d1c91951b076ca57e9d602b,42,ONE_UNIT_SPAWN_UNAVAILABLE,ONE_UNIT_SPAWN_UNAVAILABLE,1,True,
train,map_004459.csv,b6a0fa97b7537d105f25f7388feaa44a05dddb5d1827eee1c59713dff1920ee4,42,ONE_UNIT_SPAWN_UNAVAILABLE,ONE_UNIT_SPAWN_UNAVAILABLE,1,True,
train,map_005324.csv,b6c1224f2161697238f2b962e15df26816ec53eb07ef3810c6361a471184d5bc,42,ONE_UNIT_SPAWN_UNAVAILABLE,ONE_UNIT_SPAWN_UNAVAILABLE,1,True,
train,map_002911.csv,b6dfa714cf7fd21b02d315ebc96ac47137492513cb5ff115a9211643be2c8ff5,42,ONE_UNIT_SPAWN_UNAVAILABLE,ONE_UNIT_SPAWN_UNAVAILABLE,1,True,
train,map_004766.csv,b6efef793d779520eecde16e15c76977d03fec65cf010ee96d2cea83a1436355,42,ONE_UNIT_SPAWN_UNAVAILABLE,ONE_UNIT_SPAWN_UNAVAILABLE,1,True,
train,map_001404.csv,b704df946740ffbc650ec514151425278d4b07cc50402075ecfc0d1895bf5f43,42,ONE_UNIT_SPAWN_UNAVAILABLE,ONE_UNIT_SPAWN_UNAVAILABLE,1,True,
train,map_003386.csv,b7421a0421edfa196aa259b24303727fc5cf4a542b65c7357fd5d979d007522f,42,ONE_UNIT_SPAWN_UNAVAILABLE,ONE_UNIT_SPAWN_UNAVAILABLE,1,True,
train,map_004702.csv,b74ebe40c5e4bcd64bc93c02d8531abd209cfbc0c1515b2f653e35d30d5e6530,42,ONE_UNIT_SPAWN_UNAVAILABLE,ONE_UNIT_SPAWN_UNAVAILABLE,1,True,
train,map_005509.csv,b75511a6d6b40b7ed3c164b54651486b7a447fd95950073fb5ba8593daf5000d,42,ONE_UNIT_SPAWN_UNAVAILABLE,ONE_UNIT_SPAWN_UNAVAILABLE,1,True,
train,map_000951.csv,b76871dd4b529f101f3b07e28092f37794759f193bd2e1b61a7bfa4557ec7c00,42,ONE_UNIT_SPAWN_UNAVAILABLE,ONE_UNIT_SPAWN_UNAVAILABLE,1,True,
train,map_005275.csv,b76ebf578c253adca6f34697e732cc61325ba1eeff4dfc561f4a2357011e2377,42,ONE_UNIT_SPAWN_UNAVAILABLE,ONE_UNIT_SPAWN_UNAVAILABLE,1,True,
train,map_004402.csv,b77979d4ec59f91f385b4e96beaabed6a9cdbf801cb4d17b3861397078cbd7d2,42,ONE_UNIT_SPAWN_UNAVAILABLE,ONE_UNIT_SPAWN_UNAVAILABLE,1,True,
train,map_004426.csv,b79ef093c0528bb64fb5b360f95ad46e5d9bd0dff0b8fff5b0022d6aba660c93,42,ONE_UNIT_SPAWN_UNAVAILABLE,ONE_UNIT_SPAWN_UNAVAILABLE,1,True,
train,map_000419.csv,b7b2b5236c4ad731217e71874707ac3453538716c0e521585991459db91a9284,42,ONE_UNIT_SPAWN_UNAVAILABLE,ONE_UNIT_SPAWN_UNAVAILABLE,1,True,
train,map_000032.csv,b7bdc1a328209fa4707ed7c3d58d4c753f4050d3a41b1020f48e32ce6ee08d99,42,ONE_UNIT_SPAWN_UNAVAILABLE,ONE_UNIT_SPAWN_UNAVAILABLE,1,True,
train,map_000391.csv,b7ce4f1afaa24996893d7c3b584997cb790586d53a661a6f1c80c1a5d5c8ca47,42,ONE_UNIT_SPAWN_UNAVAILABLE,ONE_UNIT_SPAWN_UNAVAILABLE,1,True,
train,map_005082.csv,b7d7125e32028fe3d3fc0c21c3ac4c266944c92da0ecc53b4549fa484b29d908,42,ONE_UNIT_SPAWN_UNAVAILABLE,ONE_UNIT_SPAWN_UNAVAILABLE,1,True,
train,map_003934.csv,b7dea7a522317a13df7cf803f5476c53d2b1eac747722baf0a951993eca659d2,42,ONE_UNIT_SPAWN_UNAVAILABLE,ONE_UNIT_SPAWN_UNAVAILABLE,1,True,
train,map_002800.csv,b8078d33572654752dd992fe418f3d29812f578b9f6b533c8bc9c888b4f9c294,42,ONE_UNIT_SPAWN_UNAVAILABLE,ONE_UNIT_SPAWN_UNAVAILABLE,1,True,
train,map_000086.csv,b83ea68335cb5c3edb5e1193723210c6d639ba4f7b27c56736070a968a5200df,42,ONE_UNIT_SPAWN_UNAVAILABLE,ONE_UNIT_SPAWN_UNAVAILABLE,1,True,
train,map_000759.csv,b85993c0683fbc3cc617beeef4cdc52c82da70637841a8309d7cd18ab4e3fb94,42,ONE_UNIT_SPAWN_UNAVAILABLE,ONE_UNIT_SPAWN_UNAVAILABLE,1,True,
train,map_000688.csv,b86e4750c94a89e4db6b8935a6f99b7888d804d33647ba4fc9a65fa7706ed71b,42,ONE_UNIT_SPAWN_UNAVAILABLE,ONE_UNIT_SPAWN_UNAVAILABLE,1,True,
train,map_000040.csv,b875989f1be31439fa9b2a66db5f4ba77c66c1ec2d23661e3ff771552f0b7312,42,ONE_UNIT_SPAWN_UNAVAILABLE,ONE_UNIT_SPAWN_UNAVAILABLE,1,True,
train,map_002730.csv,b89eabfd4bf92494391e08d68cbd28555b5600e32860f9344fd72423d6e7d813,42,ONE_UNIT_SPAWN_UNAVAILABLE,ONE_UNIT_SPAWN_UNAVAILABLE,1,True,
train,map_001530.csv,b8b800d05edb78ac8b6ad58e2937a4cda615a0da7b46c82ec19c911201dd8a80,42,ONE_UNIT_SPAWN_UNAVAILABLE,ONE_UNIT_SPAWN_UNAVAILABLE,1,True,
train,map_000934.csv,b8c7885e93b75546fe88f5c2fbc00560343fe9ae05280e34c64380f7ac9adc7d,42,ONE_UNIT_SPAWN_UNAVAILABLE,ONE_UNIT_SPAWN_UNAVAILABLE,1,True,
train,map_000055.csv,b8d20ca7d9c553e5be886168af33a192ddb5b47e7d69f806fc10f962223b47b0,42,ONE_UNIT_SPAWN_UNAVAILABLE,ONE_UNIT_SPAWN_UNAVAILABLE,1,True,
train,map_002035.csv,b8d5bfb7bde51b6bfc198cee86b4969d40abfffc5abaf66a16f0281d80fe234e,42,ONE_UNIT_SPAWN_UNAVAILABLE,ONE_UNIT_SPAWN_UNAVAILABLE,1,True,
train,map_005434.csv,b8dac2048704226cc11692e6cdf13f18108ddac65cfc8613d3b4ba49fd9a6aba,42,ONE_UNIT_SPAWN_UNAVAILABLE,ONE_UNIT_SPAWN_UNAVAILABLE,1,True,
train,map_000879.csv,b908e3b41c397ccee66ef7a34f43b6aa9a48ff263f1deded2add42c988c1a08c,42,ONE_UNIT_SPAWN_UNAVAILABLE,ONE_UNIT_SPAWN_UNAVAILABLE,1,True,
train,map_000969.csv,b9126e5eb3dbe92cc45df2438ecfb20995c2d8cc53cff3a0db4bd7b0a2c8d46e,42,ONE_UNIT_SPAWN_UNAVAILABLE,ONE_UNIT_SPAWN_UNAVAILABLE,1,True,
train,map_004100.csv,b925cada54bc0cb876944af534c5330b7baf04459ec1576f67b3a0710811483a,42,ONE_UNIT_SPAWN_UNAVAILABLE,ONE_UNIT_SPAWN_UNAVAILABLE,1,True,
train,map_002688.csv,b932847c0b3cec1ad0005588aaf8f584034816c145139bb9cf5e0e55ab48c67f,42,ONE_UNIT_SPAWN_UNAVAILABLE,ONE_UNIT_SPAWN_UNAVAILABLE,1,True,
train,map_001053.csv,b96f562892958212c24b3e621639422b4eaa3c3c88a9c6c49c982bb52a14449d,42,ONE_UNIT_SPAWN_UNAVAILABLE,ONE_UNIT_SPAWN_UNAVAILABLE,1,True,
train,map_002657.csv,ba0fe02baeb6f052a7c3e38ed2844f88fa71fe1ae01444604f5d2599763a82dd,42,ONE_UNIT_SPAWN_UNAVAILABLE,ONE_UNIT_SPAWN_UNAVAILABLE,1,True,
train,map_002852.csv,ba433541f048500524de8e39a7a06a1c9150c8751d55b7a7615b6a76a9bcd15d,42,ONE_UNIT_SPAWN_UNAVAILABLE,ONE_UNIT_SPAWN_UNAVAILABLE,1,True,
train,map_004825.csv,ba460e601daa359aadc0f69339ebcc09bed0ed94bba4cf59d0c8cbf76b26c04c,42,ONE_UNIT_SPAWN_UNAVAILABLE,ONE_UNIT_SPAWN_UNAVAILABLE,1,True,
train,map_001056.csv,ba7964a74b7f0cda7381dee9158503d29d3a1e27cc9754b53648ba4b0030d7dd,42,ONE_UNIT_SPAWN_UNAVAILABLE,ONE_UNIT_SPAWN_UNAVAILABLE,1,True,
train,map_003265.csv,ba945412d559f4b78bc3335277dc4afc8f18365bd14aa507eb58cb7f9250a2ec,42,ONE_UNIT_SPAWN_UNAVAILABLE,ONE_UNIT_SPAWN_UNAVAILABLE,1,True,
train,map_004131.csv,baa0b0041e98fd1bf16716809e554e9203b5d9d11ba7152117ddc9faab7f0bf8,42,ONE_UNIT_SPAWN_UNAVAILABLE,ONE_UNIT_SPAWN_UNAVAILABLE,1,True,
train,map_005354.csv,bab7d8dd920360b1ba7f2631f68e1a220aa47eb73464a762b2b7b12efad4c8e2,42,ONE_UNIT_SPAWN_UNAVAILABLE,ONE_UNIT_SPAWN_UNAVAILABLE,1,True,
train,map_001536.csv,bac8240ef32ae4ef375733fa6756bf159c23809fcb45241c0bbb7bc9d5f5b68c,42,ONE_UNIT_SPAWN_UNAVAILABLE,ONE_UNIT_SPAWN_UNAVAILABLE,1,True,
train,map_003335.csv,bafa1fa3fac2e1026162b05b33faa2f50dfc67126732d2ec041064f4075a81c6,42,ONE_UNIT_SPAWN_UNAVAILABLE,ONE_UNIT_SPAWN_UNAVAILABLE,1,True,
train,map_003407.csv,bb1e49cc8d0110c996560752a017afc31d3781b3648ed55db041af89fb686ef4,42,ONE_UNIT_SPAWN_UNAVAILABLE,ONE_UNIT_SPAWN_UNAVAILABLE,1,True,
train,map_001564.csv,bb411fe31280788984789c153a6fb4999de378d340971b0bf06748bcbd86c32e,42,ONE_UNIT_SPAWN_UNAVAILABLE,ONE_UNIT_SPAWN_UNAVAILABLE,1,True,
train,map_004340.csv,bb6d4bcce752be31abefb7615c12baa54f467635db45c82b237954188d43dfc5,42,ONE_UNIT_SPAWN_UNAVAILABLE,ONE_UNIT_SPAWN_UNAVAILABLE,1,True,
train,map_001996.csv,bb74b99caa607a53ef16264f9dc9bb2c2ebf42bdd974d9101d8b7b2c0e5e6ff1,42,ONE_UNIT_SPAWN_UNAVAILABLE,ONE_UNIT_SPAWN_UNAVAILABLE,1,True,
train,map_004669.csv,bb819530735c8987780920c0739c8ba1df22479d72fbf6034347b4f4a78159b9,42,ONE_UNIT_SPAWN_UNAVAILABLE,ONE_UNIT_SPAWN_UNAVAILABLE,1,True,
train,map_000313.csv,bb8c17924be49a8fc2031af209cebd5bc371e616dc283eac06b158f7e0ca65c0,42,ONE_UNIT_SPAWN_UNAVAILABLE,ONE_UNIT_SPAWN_UNAVAILABLE,1,True,
train,map_005420.csv,bc0803f9123c51ba0d49288cca6de44bbc026113f51976166db8a5c7cafc4ad8,42,ONE_UNIT_SPAWN_UNAVAILABLE,ONE_UNIT_SPAWN_UNAVAILABLE,1,True,
train,map_002061.csv,bc1b9646fda54029cad79c04750b214f420080b38a824a65a9ed6d57b4ec75f4,42,ONE_UNIT_SPAWN_UNAVAILABLE,ONE_UNIT_SPAWN_UNAVAILABLE,1,True,
train,map_002195.csv,bc1db24e84ef0fec7581199047a10e023a1c2cacba9b794e02f507c504956ee0,42,ONE_UNIT_SPAWN_UNAVAILABLE,ONE_UNIT_SPAWN_UNAVAILABLE,1,True,
train,map_002400.csv,bc6d095e79ded8438db7b5735472a613a1cd660e16e8fb461273e113f5809ef8,42,ONE_UNIT_SPAWN_UNAVAILABLE,ONE_UNIT_SPAWN_UNAVAILABLE,1,True,
train,map_003690.csv,bca64bc8419be42257a983a8f23f5178f554bda1975783a49fadf6ba87a09ec9,42,ONE_UNIT_SPAWN_UNAVAILABLE,ONE_UNIT_SPAWN_UNAVAILABLE,1,True,
train,map_005403.csv,bcaec6bf0270ea3449b5e04472b54a68794b93c82fbe2570968ccfeace8fdc39,42,ONE_UNIT_SPAWN_UNAVAILABLE,ONE_UNIT_SPAWN_UNAVAILABLE,1,True,
train,map_000439.csv,bcc88a104565e4cb6d3fdd182b84eef7da420beff91fe0279b22f11b393e150b,42,ONE_UNIT_SPAWN_UNAVAILABLE,ONE_UNIT_SPAWN_UNAVAILABLE,1,True,
train,map_001792.csv,bcdfb5f07c7d68c0d739bbc9e32937a402953b232c9ae213b7170b567110e826,42,ONE_UNIT_SPAWN_UNAVAILABLE,ONE_UNIT_SPAWN_UNAVAILABLE,1,True,
train,map_003149.csv,bcfe580e4f7528999d75de1074b15783d677bc19e86222ff572c2a8e8960647a,42,ONE_UNIT_SPAWN_UNAVAILABLE,ONE_UNIT_SPAWN_UNAVAILABLE,1,True,
train,map_005488.csv,bd187978a36b1844cf62542d62bd25ee9d86ae5f1b9b9892d49b07fd56b5ea6f,42,ONE_UNIT_SPAWN_UNAVAILABLE,ONE_UNIT_SPAWN_UNAVAILABLE,1,True,
train,map_004232.csv,bd34656ae76da0f732a90ced907cd121a9b6e382f6dd4f5c8df92be556fe251f,42,ONE_UNIT_SPAWN_UNAVAILABLE,ONE_UNIT_SPAWN_UNAVAILABLE,1,True,
train,map_002395.csv,bd3a8bf4877bcdc8cbc45e9d136be8be97cdaff1c76303317e2517f5d76bc89a,42,ONE_UNIT_SPAWN_UNAVAILABLE,ONE_UNIT_SPAWN_UNAVAILABLE,1,True,
train,map_003012.csv,bd64312b318a5ce3811cbc129e4fad0b27b18e58919ab0849b598ee19fc04678,42,ONE_UNIT_SPAWN_UNAVAILABLE,ONE_UNIT_SPAWN_UNAVAILABLE,1,True,
train,map_000552.csv,bd8dfe98970e9adc944fa31f387663c0d8975fd0cf8d524fe34ad3aa783c0dd1,42,ONE_UNIT_SPAWN_UNAVAILABLE,ONE_UNIT_SPAWN_UNAVAILABLE,1,True,
train,map_004524.csv,bdcdeeb444642fc89ef4604273f7b6f960140b80beac72544e331036423290e3,42,ONE_UNIT_SPAWN_UNAVAILABLE,ONE_UNIT_SPAWN_UNAVAILABLE,1,True,
train,map_004421.csv,bdfaea41efa1eb5c1b2e7d07e0ad747ec6cbe176d65026daaf435a7bde933ad2,42,ONE_UNIT_SPAWN_UNAVAILABLE,ONE_UNIT_SPAWN_UNAVAILABLE,1,True,
train,map_000288.csv,be1948e40f4e6724e355bde94fb0aa3e077be9fd214ce79cbc65322b93b2b7a6,42,ONE_UNIT_SPAWN_UNAVAILABLE,ONE_UNIT_SPAWN_UNAVAILABLE,1,True,
train,map_000572.csv,be3763169545054b6f659cd35e654217bb3d68fa7156da13ffa861e8a537211c,42,ONE_UNIT_SPAWN_UNAVAILABLE,ONE_UNIT_SPAWN_UNAVAILABLE,1,True,
train,map_000106.csv,be636b78f7b44ad800deeba848174805443af35a9217fb69abe8caadb78fcaca,42,ONE_UNIT_SPAWN_UNAVAILABLE,ONE_UNIT_SPAWN_UNAVAILABLE,1,True,
train,map_005041.csv,be733953942e7d241d64547f4e388a6362b54e21d46edeb6ef666739e8c0a93f,42,ONE_UNIT_SPAWN_UNAVAILABLE,ONE_UNIT_SPAWN_UNAVAILABLE,1,True,
train,map_005172.csv,be82406724476fe4dd3d386a48d68caea2091dc386dd71bdae4594f9fc350fd4,42,ONE_UNIT_SPAWN_UNAVAILABLE,ONE_UNIT_SPAWN_UNAVAILABLE,1,True,
train,map_000559.csv,bed63a727b265c25e3cce2d6af913e061b69cf53fe69fa80e2f73235bb3698c2,42,ONE_UNIT_SPAWN_UNAVAILABLE,ONE_UNIT_SPAWN_UNAVAILABLE,1,True,
train,map_000013.csv,bf15d7e451c3ed94bbc7c24105f6bef9e6c15b8558ae94aed54f9337565fe132,42,ONE_UNIT_SPAWN_UNAVAILABLE,ONE_UNIT_SPAWN_UNAVAILABLE,1,True,
train,map_003747.csv,bf46e4e5f3a5d4cc71d30abed6fb7811d93134a30b1466efb6f7c6202970cc34,42,ONE_UNIT_SPAWN_UNAVAILABLE,ONE_UNIT_SPAWN_UNAVAILABLE,1,True,
train,map_003332.csv,bf5011ad833b6fc65717e3aa5bc018c1e9bd12203bc4cbc67c684071cf916f72,42,ONE_UNIT_SPAWN_UNAVAILABLE,ONE_UNIT_SPAWN_UNAVAILABLE,1,True,
train,map_003295.csv,bf664c17be56e1ce86f1f20db4d5f906eb730ecd1de90832b12c1bb8788b5029,42,ONE_UNIT_SPAWN_UNAVAILABLE,ONE_UNIT_SPAWN_UNAVAILABLE,1,True,
train,map_004300.csv,bf76c6f2a4fe3f360f114ada0c13a93429cb5243d9a7b7a0e13a0ff5da548315,42,ONE_UNIT_SPAWN_UNAVAILABLE,ONE_UNIT_SPAWN_UNAVAILABLE,1,True,
train,map_000527.csv,bf80d727d62cc4ae84e2d925073debaed86a53b851fb0cd17f8d82223e411fed,42,ONE_UNIT_SPAWN_UNAVAILABLE,ONE_UNIT_SPAWN_UNAVAILABLE,1,True,
train,map_001855.csv,bf819939f6b6e57b1d5cf7f40705ed13d5cf645c4445dd32591d8399c8ec4c1a,42,ONE_UNIT_SPAWN_UNAVAILABLE,ONE_UNIT_SPAWN_UNAVAILABLE,1,True,
train,map_000856.csv,bf8a8504511f53af04e40057060135f53c796237ea521d8edda1087eab61bbcd,42,ONE_UNIT_SPAWN_UNAVAILABLE,ONE_UNIT_SPAWN_UNAVAILABLE,1,True,
train,map_002248.csv,bf9c33c7d619c59283109df369c62dd323d1f507dd210c73e54f5b528f72091f,42,ONE_UNIT_SPAWN_UNAVAILABLE,ONE_UNIT_SPAWN_UNAVAILABLE,1,True,
train,map_004640.csv,bfa50658b26e282cd0574bd8f7bfdf777958d3a994cc37ccccda07e917dc1aef,42,ONE_UNIT_SPAWN_UNAVAILABLE,ONE_UNIT_SPAWN_UNAVAILABLE,1,True,
train,map_003044.csv,bfb739bccd012c884315b8c96820d7b0696cf37b7a9b37cd7ad52fbcea257f7c,42,ONE_UNIT_SPAWN_UNAVAILABLE,ONE_UNIT_SPAWN_UNAVAILABLE,1,True,
train,map_002378.csv,bfba18f24e48e14e9eb33d45649809c4109a38747c4a8f69bfcafa5a7f3d16cc,42,ONE_UNIT_SPAWN_UNAVAILABLE,ONE_UNIT_SPAWN_UNAVAILABLE,1,True,
train,map_001966.csv,bfe5048308a00cac0384c185514c2a6fa9fc448b36128c6ce646c1b656246fd5,42,ONE_UNIT_SPAWN_UNAVAILABLE,ONE_UNIT_SPAWN_UNAVAILABLE,1,True,
train,map_004813.csv,bfe52b23e26c9c5714774057a34bbd51f9b32e8473ff7cefd5315e63f78ec416,42,ONE_UNIT_SPAWN_UNAVAILABLE,ONE_UNIT_SPAWN_UNAVAILABLE,1,True,
train,map_004977.csv,c0408b1789d9d8eb3949ffc5c7db6be4a0d0c06ff070b3e403ef59f297d70f64,42,ONE_UNIT_SPAWN_UNAVAILABLE,ONE_UNIT_SPAWN_UNAVAILABLE,1,True,
train,map_005419.csv,c068c77d41f914a31e7690b9ced19cdc5458344ca9061a673f75de198b0adda4,42,ONE_UNIT_SPAWN_UNAVAILABLE,ONE_UNIT_SPAWN_UNAVAILABLE,1,True,
train,map_000149.csv,c07f597edac300f84af8004b461370ee0a3c8ae9d41ca45035603bf29b89760d,42,ONE_UNIT_SPAWN_UNAVAILABLE,ONE_UNIT_SPAWN_UNAVAILABLE,1,True,
train,map_004826.csv,c0961b819df42a555eddf9537f0c77dca085701bcdac2abda30114b710a3836c,42,ONE_UNIT_SPAWN_UNAVAILABLE,ONE_UNIT_SPAWN_UNAVAILABLE,1,True,
train,map_004980.csv,c0a121850dd463b8ead3b182d5d5929b93354dd7ab033d1ccb5996bc9f2c9ec3,42,ONE_UNIT_SPAWN_UNAVAILABLE,ONE_UNIT_SPAWN_UNAVAILABLE,1,True,
train,map_001215.csv,c0b8a53a562757515427451d8a94d96b4db70cfe477f3a3ce3d6640ab557e7d2,42,ONE_UNIT_SPAWN_UNAVAILABLE,ONE_UNIT_SPAWN_UNAVAILABLE,1,True,
train,map_003896.csv,c0cc8043e94a3bc054e3252ea9fd400940f1216178b1634e7086b8dc356f3eb5,42,ONE_UNIT_SPAWN_UNAVAILABLE,ONE_UNIT_SPAWN_UNAVAILABLE,1,True,
train,map_001496.csv,c11c6bc7a99b4ff94d911214d7cb40a2b8e3451ad3f8e5e4bf14f2fb00fbd061,42,ONE_UNIT_SPAWN_UNAVAILABLE,ONE_UNIT_SPAWN_UNAVAILABLE,1,True,
train,map_001617.csv,c149b156c2d56d4d596d4f12071ff27714b9ee7f271a4a09dc85f02855662f57,42,ONE_UNIT_SPAWN_UNAVAILABLE,ONE_UNIT_SPAWN_UNAVAILABLE,1,True,
train,map_002546.csv,c16b805aba3bc1ed0b59f9943956f025f4327fbef1c58dbea580fa00b45eaf56,42,ONE_UNIT_SPAWN_UNAVAILABLE,ONE_UNIT_SPAWN_UNAVAILABLE,1,True,
train,map_000314.csv,c1fdfd8a38442d4bf89f20b8cd851bebc67f34a6d665be42cf855124513a8f60,42,ONE_UNIT_SPAWN_UNAVAILABLE,ONE_UNIT_SPAWN_UNAVAILABLE,1,True,
train,map_005001.csv,c20877c0054fafa66ba8f98d2db4a7b3a18fecfee5f74ba41c88b166319ac740,42,ONE_UNIT_SPAWN_UNAVAILABLE,ONE_UNIT_SPAWN_UNAVAILABLE,1,True,
train,map_003521.csv,c228e8dca551dd8365339f46f44edd782fb0767fce3463258c8e7abdd51ed813,42,ONE_UNIT_SPAWN_UNAVAILABLE,ONE_UNIT_SPAWN_UNAVAILABLE,1,True,
train,map_001657.csv,c2dc045e7964f89e3291f9ca9805f3beb099debb9ffb9785d1d8479d57527e55,42,ONE_UNIT_SPAWN_UNAVAILABLE,ONE_UNIT_SPAWN_UNAVAILABLE,1,True,
train,map_004722.csv,c37d94d7637ff1e8c3cfca1cc2f20f7d8c923345519cac2abee0aaccc788e952,42,ONE_UNIT_SPAWN_UNAVAILABLE,ONE_UNIT_SPAWN_UNAVAILABLE,1,True,
train,map_001278.csv,c37f5934949a1eeab32f537acfb47afcd5cc595f072e930511f5d6ddb578ad3b,42,ONE_UNIT_SPAWN_UNAVAILABLE,ONE_UNIT_SPAWN_UNAVAILABLE,1,True,
train,map_002346.csv,c386f45c8c9298cce6b57bbb86bcb6937da4173ffcd8e29bd6e4a4dd9106fcb1,42,ONE_UNIT_SPAWN_UNAVAILABLE,ONE_UNIT_SPAWN_UNAVAILABLE,1,True,
train,map_003094.csv,c3a7dcd99bfab5bd6b93875a344b166c2e7250f8649eaae0a64c960969ae8edf,42,ONE_UNIT_SPAWN_UNAVAILABLE,ONE_UNIT_SPAWN_UNAVAILABLE,1,True,
train,map_002479.csv,c40080687c96796ae820c558a5cb63845d6cdda532546651cf0f6b0b4d318bf9,42,ONE_UNIT_SPAWN_UNAVAILABLE,ONE_UNIT_SPAWN_UNAVAILABLE,1,True,
train,map_005204.csv,c4125a9317c0306a039c58aff185d707ac6e1a0d99c1f03df8b3edbf59df5cf2,42,ONE_UNIT_SPAWN_UNAVAILABLE,ONE_UNIT_SPAWN_UNAVAILABLE,1,True,
train,map_003968.csv,c420c4cd9a295e0fa0bc9392fe0cac3e3b4545f6a6e62f95237f29126c1403b5,42,ONE_UNIT_SPAWN_UNAVAILABLE,ONE_UNIT_SPAWN_UNAVAILABLE,1,True,
train,map_001313.csv,c431adc5275b9a7ac85580ee7e922415557904f85627631e1e7e3291f9176728,42,ONE_UNIT_SPAWN_UNAVAILABLE,ONE_UNIT_SPAWN_UNAVAILABLE,1,True,
train,map_001446.csv,c43cdb8e1ca6900e5c092bb07203f25ae6dad061f3bc9d4d096c1a399fff56af,42,ONE_UNIT_SPAWN_UNAVAILABLE,ONE_UNIT_SPAWN_UNAVAILABLE,1,True,
train,map_002125.csv,c43e5f636918ab7a416d75ee31ec0aab3ef938693975ac19802847e1aa8b6262,42,ONE_UNIT_SPAWN_UNAVAILABLE,ONE_UNIT_SPAWN_UNAVAILABLE,1,True,
train,map_001735.csv,c4530d2d7074e296f37e5c7c28924988f34c074261238a741e6a8a4f47a63139,42,ONE_UNIT_SPAWN_UNAVAILABLE,ONE_UNIT_SPAWN_UNAVAILABLE,1,True,
train,map_004863.csv,c467a57dfe1d6b981e965fd616c0877d371f643241b6629d622e979978505a98,42,ONE_UNIT_SPAWN_UNAVAILABLE,ONE_UNIT_SPAWN_UNAVAILABLE,1,True,
train,map_001459.csv,c4bd320f31ef1e4f9d2425766c337cd8bc9b7f3ca30fdbab70793dfa5804ed6f,42,ONE_UNIT_SPAWN_UNAVAILABLE,ONE_UNIT_SPAWN_UNAVAILABLE,1,True,
train,map_001483.csv,c4c43e2a3fc65e8f3c96a19a481502459e0bb67c32cd3d4ccbb135d8df7deb08,42,ONE_UNIT_SPAWN_UNAVAILABLE,ONE_UNIT_SPAWN_UNAVAILABLE,1,True,
train,map_001372.csv,c520efcc3896a5d84a9a899bb1855fa54e440239747d86769d204ceb92eb01ce,42,ONE_UNIT_SPAWN_UNAVAILABLE,ONE_UNIT_SPAWN_UNAVAILABLE,1,True,
train,map_001308.csv,c524ac2a993a6d023b0514e09bde195e9466d3bc64dfb2d8e3b09a6d52dab628,42,ONE_UNIT_SPAWN_UNAVAILABLE,ONE_UNIT_SPAWN_UNAVAILABLE,1,True,
train,map_001547.csv,c55cc44327acf1f413bb347a5df98e69856e5f6b3d8dc853c4f798186a584b1d,42,ONE_UNIT_SPAWN_UNAVAILABLE,ONE_UNIT_SPAWN_UNAVAILABLE,1,True,
train,map_000472.csv,c5771e1f42bb2fce70d21e503f9e64e02a2c0a962637086c6b0ec126c0effb6d,42,ONE_UNIT_SPAWN_UNAVAILABLE,ONE_UNIT_SPAWN_UNAVAILABLE,1,True,
train,map_003169.csv,c58b43075e4803e61f2fb1ac1c768e0c22320bd07fbe0f6296577f3207480b7d,42,ONE_UNIT_SPAWN_UNAVAILABLE,ONE_UNIT_SPAWN_UNAVAILABLE,1,True,
train,map_002102.csv,c59c946e11af2a4c33a267acab7ee794971861cad5524e2b9ebaee7e08e868d5,42,ONE_UNIT_SPAWN_UNAVAILABLE,ONE_UNIT_SPAWN_UNAVAILABLE,1,True,
train,map_000209.csv,c59ec3df089efa2beaf919f20d69c25e97d23aea93e9fe7a7257683d7a6db0fa,42,ONE_UNIT_SPAWN_UNAVAILABLE,ONE_UNIT_SPAWN_UNAVAILABLE,1,True,
train,map_004754.csv,c5da1c0372e87f7fee2d4829358d6cf4625813f743c9a7c160a935e7c98c4a62,42,ONE_UNIT_SPAWN_UNAVAILABLE,ONE_UNIT_SPAWN_UNAVAILABLE,1,True,
train,map_003348.csv,c5da899d7d861bd09700e123ff19019c9868406bc32d097286cfd67fd64f7b41,42,ONE_UNIT_SPAWN_UNAVAILABLE,ONE_UNIT_SPAWN_UNAVAILABLE,1,True,
train,map_005047.csv,c6142742f3c9da454184719d1932da92beacbb1dd7518a56cb88de0a07b7ea0b,42,ONE_UNIT_SPAWN_UNAVAILABLE,ONE_UNIT_SPAWN_UNAVAILABLE,1,True,
train,map_001742.csv,c616e4ff12984cd041d6e916652652464f1c19d5805be4177f00e12e83b51a6e,42,ONE_UNIT_SPAWN_UNAVAILABLE,ONE_UNIT_SPAWN_UNAVAILABLE,1,True,
train,map_004010.csv,c61b8af95d1f15a555d10e4e7142cc0336d95e71ca44be05e3b9011918001865,42,ONE_UNIT_SPAWN_UNAVAILABLE,ONE_UNIT_SPAWN_UNAVAILABLE,1,True,
train,map_004319.csv,c6256f00523eb31bffde313a8dd50ba9d14bfc8a5f7fd9102b8919c475a83184,42,ONE_UNIT_SPAWN_UNAVAILABLE,ONE_UNIT_SPAWN_UNAVAILABLE,1,True,
train,map_005279.csv,c64b6e3dea230a067897770e863809140290cb96aa3f24e36d386106d0cf9826,42,ONE_UNIT_SPAWN_UNAVAILABLE,ONE_UNIT_SPAWN_UNAVAILABLE,1,True,
train,map_001288.csv,c64f704d8a70e875c51aae2d9460431978249c902b217013a3461be0d41fe061,42,ONE_UNIT_SPAWN_UNAVAILABLE,ONE_UNIT_SPAWN_UNAVAILABLE,1,True,
train,map_000838.csv,c6761fb6a3a58b61cfa55240d80b0cbe3c06d07d33cdf37b9a593f27c2765a42,42,ONE_UNIT_SPAWN_UNAVAILABLE,ONE_UNIT_SPAWN_UNAVAILABLE,1,True,
train,map_002682.csv,c68c793b7a4f566a7ad29270940ff5d3882233fe69f626f5b11085c1d457b091,42,ONE_UNIT_SPAWN_UNAVAILABLE,ONE_UNIT_SPAWN_UNAVAILABLE,1,True,
train,map_000103.csv,c69ea291e93c85ff9861e9440bb5b6f269fd20e3d16fc3c2d6cbde2bafee6d68,42,ONE_UNIT_SPAWN_UNAVAILABLE,ONE_UNIT_SPAWN_UNAVAILABLE,1,True,
train,map_003764.csv,c6a340a7d33c6ceac42acf55a06ff7de2d3eddb77d580a5f6d8054cdce219021,42,ONE_UNIT_SPAWN_UNAVAILABLE,ONE_UNIT_SPAWN_UNAVAILABLE,1,True,
train,map_001138.csv,c6d7d0d587e4f7bdaf5befc1df8501d0fc10368dfba67c428cf56439cf14d153,42,ONE_UNIT_SPAWN_UNAVAILABLE,ONE_UNIT_SPAWN_UNAVAILABLE,1,True,
train,map_002464.csv,c6dc13aca2d691b481521679dfcd874c721cc0f1a6d0d2011575a4befce9da36,42,ONE_UNIT_SPAWN_UNAVAILABLE,ONE_UNIT_SPAWN_UNAVAILABLE,1,True,
train,map_003792.csv,c70879266cc1b431d2b7b5bc39dfb03c657237c844b13a8f5a31fd8f8912673e,42,ONE_UNIT_SPAWN_UNAVAILABLE,ONE_UNIT_SPAWN_UNAVAILABLE,1,True,
train,map_003036.csv,c70e2f792b9f5af14a202083f2a2995259ed1c3f45aebee1b8d1e23e95c36025,42,ONE_UNIT_SPAWN_UNAVAILABLE,ONE_UNIT_SPAWN_UNAVAILABLE,1,True,
train,map_005141.csv,c7484ebc1e4bedddf80245e84801168b3d3149e1a82ed684a551daba5ef779e7,42,ONE_UNIT_SPAWN_UNAVAILABLE,ONE_UNIT_SPAWN_UNAVAILABLE,1,True,
train,map_000482.csv,c76c0b9e28599b34cddec476db4bdb42d6bab6c59472695137dc5a211c5e67c2,42,ONE_UNIT_SPAWN_UNAVAILABLE,ONE_UNIT_SPAWN_UNAVAILABLE,1,True,
train,map_000006.csv,c7cf170593949d9c776ca87acb42584332301a310899038ce6eab41fbabdfc6a,42,ONE_UNIT_SPAWN_UNAVAILABLE,ONE_UNIT_SPAWN_UNAVAILABLE,1,True,
train,map_005412.csv,c7d02b7bf1337c3baa1eaa7cb545b8edc9ea362612ae1eaa94e4c3504b69995c,42,ONE_UNIT_SPAWN_UNAVAILABLE,ONE_UNIT_SPAWN_UNAVAILABLE,1,True,
train,map_001320.csv,c7df7e125428c3cd67b1ba7452391d53efa555fe7d8ab60ce256f29cea64aaa0,42,ONE_UNIT_SPAWN_UNAVAILABLE,ONE_UNIT_SPAWN_UNAVAILABLE,1,True,
train,map_004400.csv,c7e3c40a02b265b3c46f2328253e546de4e090bc3f5719f7c4fcef844068af40,42,ONE_UNIT_SPAWN_UNAVAILABLE,ONE_UNIT_SPAWN_UNAVAILABLE,1,True,
train,map_005175.csv,c7eecb406f470e5322b1e7bb930df467384a088ecd2582102280e389573a9001,42,ONE_UNIT_SPAWN_UNAVAILABLE,ONE_UNIT_SPAWN_UNAVAILABLE,1,True,
train,map_003331.csv,c8093b05dcec6106c155562104f98b9de4520ebbccbe911c4b2428a9c46c9abe,42,ONE_UNIT_SPAWN_UNAVAILABLE,ONE_UNIT_SPAWN_UNAVAILABLE,1,True,
train,map_001580.csv,c8439e8434a1fe840df2d398ead327b03b339e1f9615e715a075289ac17ed8e3,42,ONE_UNIT_SPAWN_UNAVAILABLE,ONE_UNIT_SPAWN_UNAVAILABLE,1,True,
train,map_000577.csv,c84c65b126521f3a5093ae5ea5bf41c5b54983c2465a475e6adb74805118f115,42,ONE_UNIT_SPAWN_UNAVAILABLE,ONE_UNIT_SPAWN_UNAVAILABLE,1,True,
train,map_000342.csv,c897ed91eb57bf5372fb28e8978d4c8192941e4179f5d1a861a1e49a72df4a73,42,ONE_UNIT_SPAWN_UNAVAILABLE,ONE_UNIT_SPAWN_UNAVAILABLE,1,True,
train,map_001732.csv,c89c76a88a097f2647fde459e58c5d4f5adbfb6386f31f61dc3db5d6ada2374b,42,ONE_UNIT_SPAWN_UNAVAILABLE,ONE_UNIT_SPAWN_UNAVAILABLE,1,True,
train,map_003035.csv,c8c6ba757ab197eea07fbe06e5973c08006f5068e303240a90d617484b3e5d63,42,ONE_UNIT_SPAWN_UNAVAILABLE,ONE_UNIT_SPAWN_UNAVAILABLE,1,True,
train,map_002772.csv,c8e4102fb10fd42d12b3da1a6997fa0bae7d40c5f3423b29449adff849494297,42,ONE_UNIT_SPAWN_UNAVAILABLE,ONE_UNIT_SPAWN_UNAVAILABLE,1,True,
train,map_001177.csv,c8e5103a0a2591e55dc1de4147263f608594db20d6e0dc11d5fea9dcd67a4f7b,42,ONE_UNIT_SPAWN_UNAVAILABLE,ONE_UNIT_SPAWN_UNAVAILABLE,1,True,
train,map_005257.csv,c8f423ad644cbbc4f9e898e29c7996b44be7a4f473fa6f81a4991024c60e9864,42,ONE_UNIT_SPAWN_UNAVAILABLE,ONE_UNIT_SPAWN_UNAVAILABLE,1,True,
train,map_003136.csv,c8f69a57621b73a81f57800fc6ea709f9f911c3aa3910f43fb223fe6c1fbf219,42,ONE_UNIT_SPAWN_UNAVAILABLE,ONE_UNIT_SPAWN_UNAVAILABLE,1,True,
train,map_002748.csv,c912d2fdc600680fa73dee2382daba8e017a1d39d032f5fd0edbd5dfe8857602,42,ONE_UNIT_SPAWN_UNAVAILABLE,ONE_UNIT_SPAWN_UNAVAILABLE,1,True,
train,map_002366.csv,c932ef3add47c143fea01dbe975d9a0946640d0f38994fff0196cc862ecdbe36,42,ONE_UNIT_SPAWN_UNAVAILABLE,ONE_UNIT_SPAWN_UNAVAILABLE,1,True,
train,map_000117.csv,c9351511fb48ce120b637320d799b0389c34966b499d1b8979440eb460cb3659,42,ONE_UNIT_SPAWN_UNAVAILABLE,ONE_UNIT_SPAWN_UNAVAILABLE,1,True,
train,map_005471.csv,c9489956b1e4eb1a58a2f33668e0623594a57657167c13b26b423f9f18449989,42,ONE_UNIT_SPAWN_UNAVAILABLE,ONE_UNIT_SPAWN_UNAVAILABLE,1,True,
train,map_005249.csv,c971a2400e48483c055df0b2bf98d96ca42c656bfda778bfc6a37a1c170ad2fa,42,ONE_UNIT_SPAWN_UNAVAILABLE,ONE_UNIT_SPAWN_UNAVAILABLE,1,True,
train,map_001109.csv,c9852590e3eeddfef264171f7a7572cee40af60d42f755717dfdb0be8dd88d51,42,ONE_UNIT_SPAWN_UNAVAILABLE,ONE_UNIT_SPAWN_UNAVAILABLE,1,True,
train,map_004712.csv,ca2662e059e542a16e61b2b8a8132c18847688415ae931d3a98ea358f46cc17d,42,ONE_UNIT_SPAWN_UNAVAILABLE,ONE_UNIT_SPAWN_UNAVAILABLE,1,True,
train,map_001431.csv,ca7b1a3bdb20933f0e0d8dd8c795f0d8f29902723fbb6b302a1659519e05d982,42,ONE_UNIT_SPAWN_UNAVAILABLE,ONE_UNIT_SPAWN_UNAVAILABLE,1,True,
train,map_000517.csv,ca9a80d30d593dd490566a1158b73abdb20337506117566bfa436a49739c523f,42,ONE_UNIT_SPAWN_UNAVAILABLE,ONE_UNIT_SPAWN_UNAVAILABLE,1,True,
train,map_000982.csv,cace1fc8754a0f0b629de82ca4ac5f92682b300de5d0956b7cd3e9468da1feef,42,ONE_UNIT_SPAWN_UNAVAILABLE,ONE_UNIT_SPAWN_UNAVAILABLE,1,True,
train,map_001297.csv,cae9b0a5ecf4ecaa3803360e9f58b004178d6ce63ba765dda062a7c78447e372,42,ONE_UNIT_SPAWN_UNAVAILABLE,ONE_UNIT_SPAWN_UNAVAILABLE,1,True,
train,map_003399.csv,cb4cda7b20f3e19d56e03cbb5bbf92d65f115c73542edd4768ae07594f2fac19,42,ONE_UNIT_SPAWN_UNAVAILABLE,ONE_UNIT_SPAWN_UNAVAILABLE,1,True,
train,map_005483.csv,cb6e04c6ba89908830bd0bae0b0202733a50608fc03a230f8f74ef4f3e91d373,42,ONE_UNIT_SPAWN_UNAVAILABLE,ONE_UNIT_SPAWN_UNAVAILABLE,1,True,
train,map_005386.csv,cb7cc22f0d8af5eb112f973affd3478ab4e247f14f99c3088f8be15c1488a3df,42,ONE_UNIT_SPAWN_UNAVAILABLE,ONE_UNIT_SPAWN_UNAVAILABLE,1,True,
train,map_000686.csv,cb9fc14bf0952e3575457e4f56ea4cd08f57b6b7110caa03377793ff7b2d7af1,42,ONE_UNIT_SPAWN_UNAVAILABLE,ONE_UNIT_SPAWN_UNAVAILABLE,1,True,
train,map_002736.csv,cbbdafeb8b609554f464ad797d18c7fb8ee29da5e863c5394a08ae815a9f2a99,42,ONE_UNIT_SPAWN_UNAVAILABLE,ONE_UNIT_SPAWN_UNAVAILABLE,1,True,
train,map_002910.csv,cbc879285cbdfde5d345bf8121efe0ee00eb4b56f4843777fdfbe46a8bfa8d69,42,ONE_UNIT_SPAWN_UNAVAILABLE,ONE_UNIT_SPAWN_UNAVAILABLE,1,True,
train,map_004551.csv,cbeef93bb0d7764bfde433c838f23d7113e6ecc6445f86e9af0cf22b25f91ade,42,ONE_UNIT_SPAWN_UNAVAILABLE,ONE_UNIT_SPAWN_UNAVAILABLE,1,True,
train,map_000344.csv,cc079608a378bd4b769ca65fd3fd8672988bd65c3f9048b1e8b30f7a21c73067,42,ONE_UNIT_SPAWN_UNAVAILABLE,ONE_UNIT_SPAWN_UNAVAILABLE,1,True,
train,map_000423.csv,cc3e07e52f276cdbd8f92217592110e5d585dbbd2d6eab9b0bbdb2631911979f,42,ONE_UNIT_SPAWN_UNAVAILABLE,ONE_UNIT_SPAWN_UNAVAILABLE,1,True,
train,map_002055.csv,cc883ff30470ed2c8a2b5ac2c27869f42501db2f88a127c87af8d58a41cb9d6b,42,ONE_UNIT_SPAWN_UNAVAILABLE,ONE_UNIT_SPAWN_UNAVAILABLE,1,True,
train,map_002974.csv,cca50c76a142005be8e7002732754611e07a89092ef88fbdef1faf5a4723ac9d,42,ONE_UNIT_SPAWN_UNAVAILABLE,ONE_UNIT_SPAWN_UNAVAILABLE,1,True,
train,map_001799.csv,ccdeec551992840ffca462cc117adbbad59042a803e7d06115507aa9fe053e7c,42,ONE_UNIT_SPAWN_UNAVAILABLE,ONE_UNIT_SPAWN_UNAVAILABLE,1,True,
train,map_002265.csv,cd225ff0f86b77796892bab3bb0dc47f23eecfd9f45a2d5c4a1fe0a346b2caed,42,ONE_UNIT_SPAWN_UNAVAILABLE,ONE_UNIT_SPAWN_UNAVAILABLE,1,True,
train,map_002154.csv,cd29587cd37bd9f6fae50c6b122763f4f2d2885f5962ab9d03716041fc8335f1,42,ONE_UNIT_SPAWN_UNAVAILABLE,ONE_UNIT_SPAWN_UNAVAILABLE,1,True,
train,map_005235.csv,cd317a12df8921491455956cfefde07d2d12bac92f389ad36ab2df26b1dee56e,42,ONE_UNIT_SPAWN_UNAVAILABLE,ONE_UNIT_SPAWN_UNAVAILABLE,1,True,
train,map_001544.csv,cd502525b23533fa2a1eaa8454ec071a67df36b407b11527f40ddd61e7b6d531,42,ONE_UNIT_SPAWN_UNAVAILABLE,ONE_UNIT_SPAWN_UNAVAILABLE,1,True,
train,map_003218.csv,cd5396bb3f89fdadef87fdb658a7043bd0f3cc3712ae5f9f11d7f77dac33f067,42,ONE_UNIT_SPAWN_UNAVAILABLE,ONE_UNIT_SPAWN_UNAVAILABLE,1,True,
train,map_004434.csv,cd57f74bf91ef591763df43ca8c290d7435d9be6eb8dd53a434345de42141540,42,ONE_UNIT_SPAWN_UNAVAILABLE,ONE_UNIT_SPAWN_UNAVAILABLE,1,True,
train,map_003576.csv,cda3c6ec213c83a86c68535aecc66471bfec5c87a01e598ee0d5ced5b92750a9,42,ONE_UNIT_SPAWN_UNAVAILABLE,ONE_UNIT_SPAWN_UNAVAILABLE,1,True,
train,map_000832.csv,cda634e82475d44a095582de0f1516503c90a9f194c8f900d8841ea250429180,42,ONE_UNIT_SPAWN_UNAVAILABLE,ONE_UNIT_SPAWN_UNAVAILABLE,1,True,
train,map_003575.csv,cdf109ea2bb4cf781e7b425d550b369e68bb60436f459440ec26122decb1be9d,42,ONE_UNIT_SPAWN_UNAVAILABLE,ONE_UNIT_SPAWN_UNAVAILABLE,1,True,
train,map_004517.csv,cdf5e1ec522375753e33495e88c811c883c1274d6d3d572bef4652d9721fcb41,42,ONE_UNIT_SPAWN_UNAVAILABLE,ONE_UNIT_SPAWN_UNAVAILABLE,1,True,
train,map_002462.csv,ce113893e950781b3bc576ff5ff64b59ffb22552b61ce8c534f029f733d2c9db,42,ONE_UNIT_SPAWN_UNAVAILABLE,ONE_UNIT_SPAWN_UNAVAILABLE,1,True,
train,map_002616.csv,ce36de747686de179219ec8d3e70e8e893652a341f673deb4c6eb0384abc35cf,42,ONE_UNIT_SPAWN_UNAVAILABLE,ONE_UNIT_SPAWN_UNAVAILABLE,1,True,
train,map_001658.csv,ce6a8a5507da4e519c3183c4f0d2b5e6fe37fa2a92600865d16a8a97cf590d1d,42,ONE_UNIT_SPAWN_UNAVAILABLE,ONE_UNIT_SPAWN_UNAVAILABLE,1,True,
train,map_002811.csv,cec7bb991145871940f5a0ad88377fce71ae863120d789d0fd5c47ee9d6ac577,42,ONE_UNIT_SPAWN_UNAVAILABLE,ONE_UNIT_SPAWN_UNAVAILABLE,1,True,
train,map_002771.csv,cec8c53417dcfdf90e901335728dc4e1f16220fe4dae6eb037f521e5c9eb360e,42,ONE_UNIT_SPAWN_UNAVAILABLE,ONE_UNIT_SPAWN_UNAVAILABLE,1,True,
train,map_001416.csv,ced2f66d565fcb2a61d3cb9ff34514855517388c468ebedd9f8bc0f68bc0761a,42,ONE_UNIT_SPAWN_UNAVAILABLE,ONE_UNIT_SPAWN_UNAVAILABLE,1,True,
train,map_004867.csv,cee6671b6102234931b72c8ffb7ee51f6694a6c3e5eeb7f5e426d20b404197fc,42,ONE_UNIT_SPAWN_UNAVAILABLE,ONE_UNIT_SPAWN_UNAVAILABLE,1,True,
train,map_000880.csv,cef0df8069881a2cb995e98381362d8859937345203c9e620eb03a0b6747d21a,42,ONE_UNIT_SPAWN_UNAVAILABLE,ONE_UNIT_SPAWN_UNAVAILABLE,1,True,
train,map_000334.csv,cefaa1ce61a840cea33738c1369d668a65c6140b9d4512982ea778e87b12060d,42,ONE_UNIT_SPAWN_UNAVAILABLE,ONE_UNIT_SPAWN_UNAVAILABLE,1,True,
train,map_002225.csv,cf0ac28ccb0be3a7308065cb0f0b6876fd93cfbee3fbb80c108a618317c9e267,42,ONE_UNIT_SPAWN_UNAVAILABLE,ONE_UNIT_SPAWN_UNAVAILABLE,1,True,
train,map_002779.csv,cf20112cb3356f323be3c0dd6d2a5c4f6e4e4afca548697f3b45ff3afd6eceba,42,ONE_UNIT_SPAWN_UNAVAILABLE,ONE_UNIT_SPAWN_UNAVAILABLE,1,True,
train,map_000263.csv,cf4771a9276a95839a2599f743fa51e08a70ad8652709f5a3be17e5f0ffae560,42,ONE_UNIT_SPAWN_UNAVAILABLE,ONE_UNIT_SPAWN_UNAVAILABLE,1,True,
train,map_002014.csv,cf4eb90b8297e5865fa2bd03b614f680df99c366a590d9a79107227de522f380,42,ONE_UNIT_SPAWN_UNAVAILABLE,ONE_UNIT_SPAWN_UNAVAILABLE,1,True,
train,map_004477.csv,cf6c71cb1ce4351673eb1b97782cd587b22496b5c7bce7558175047d8d6ba9bb,42,ONE_UNIT_SPAWN_UNAVAILABLE,ONE_UNIT_SPAWN_UNAVAILABLE,1,True,
train,map_001236.csv,cf6f427edc37688a9c05342cc834e223fccc501e4fd5c3c727e9037aa23194bb,42,ONE_UNIT_SPAWN_UNAVAILABLE,ONE_UNIT_SPAWN_UNAVAILABLE,1,True,
train,map_004975.csv,cf6fa72954275f4aeb9e0d8a7707155805db992640c6d210d816b0c55cfda798,42,ONE_UNIT_SPAWN_UNAVAILABLE,ONE_UNIT_SPAWN_UNAVAILABLE,1,True,
train,map_005353.csv,cfc6eeef64a542cb0ea998452b893a42a782070253567a869ae5839b16b45445,42,ONE_UNIT_SPAWN_UNAVAILABLE,ONE_UNIT_SPAWN_UNAVAILABLE,1,True,
train,map_001691.csv,cfc8db7feb0234ca7dd76f271005345b2a5ab0a2397dd9086c859c244cb6848d,42,ONE_UNIT_SPAWN_UNAVAILABLE,ONE_UNIT_SPAWN_UNAVAILABLE,1,True,
train,map_003330.csv,cfe46aed843c27931dfbcee0d14695ec4448bb8055e1331747fc50608a5c0318,42,ONE_UNIT_SPAWN_UNAVAILABLE,ONE_UNIT_SPAWN_UNAVAILABLE,1,True,
train,map_004118.csv,cff71b4afec9e1fa4c675b883d822716f57e3c79347b89a5d938237b188eee5e,42,ONE_UNIT_SPAWN_UNAVAILABLE,ONE_UNIT_SPAWN_UNAVAILABLE,1,True,
train,map_002880.csv,d01c73504cc6422980c5bece8f42937cc94dae1e8e3b2e6a8287e53c2b9c2fd2,42,ONE_UNIT_SPAWN_UNAVAILABLE,ONE_UNIT_SPAWN_UNAVAILABLE,1,True,
train,map_003457.csv,d0210be136a8ad7eb8ecef9cea1aaf2001df2ed7626de651c5d329b02ab386d4,42,ONE_UNIT_SPAWN_UNAVAILABLE,ONE_UNIT_SPAWN_UNAVAILABLE,1,True,
train,map_002455.csv,d03c29b801c3064d54834795befcdd59ce6cae0a217bdd59e51f033db5a29e68,42,ONE_UNIT_SPAWN_UNAVAILABLE,ONE_UNIT_SPAWN_UNAVAILABLE,1,True,
train,map_000084.csv,d0666f0c1c1e93e1e842404a7b49d5b61e4c504f39c29ce650adc6704e03f462,42,ONE_UNIT_SPAWN_UNAVAILABLE,ONE_UNIT_SPAWN_UNAVAILABLE,1,True,
train,map_003910.csv,d0a02a92c4560fb786a2786c5738c6b2b18cbdcf32a8b2d3fb62ce792e49a1e5,42,ONE_UNIT_SPAWN_UNAVAILABLE,ONE_UNIT_SPAWN_UNAVAILABLE,1,True,
train,map_000082.csv,d0b9e3fdfc174c0f254ddf3465bac1b75404a59fcee47d3a0c9d22f227e7a918,42,ONE_UNIT_SPAWN_UNAVAILABLE,ONE_UNIT_SPAWN_UNAVAILABLE,1,True,
train,map_002473.csv,d106bcab2748562263771621e076370620ff125a574fa3a89e14fafe8ba4894b,42,ONE_UNIT_SPAWN_UNAVAILABLE,ONE_UNIT_SPAWN_UNAVAILABLE,1,True,
train,map_002490.csv,d113be164a9ed2a222d40289658c65ddb5bac1471661f378efaadb979deab96f,42,ONE_UNIT_SPAWN_UNAVAILABLE,ONE_UNIT_SPAWN_UNAVAILABLE,1,True,
train,map_000399.csv,d1714f5332090a522d45d6814e593ce150631824c67e84541c14d1837c62b414,42,ONE_UNIT_SPAWN_UNAVAILABLE,ONE_UNIT_SPAWN_UNAVAILABLE,1,True,
train,map_003623.csv,d193a1bea9b8b565da63c47701c22921bfec015e3a401a945a29b2422da393f4,42,ONE_UNIT_SPAWN_UNAVAILABLE,ONE_UNIT_SPAWN_UNAVAILABLE,1,True,
train,map_004539.csv,d1963c52377b4af750839cf028382d17dbbf95746878d91d49147b9b11f491df,42,ONE_UNIT_SPAWN_UNAVAILABLE,ONE_UNIT_SPAWN_UNAVAILABLE,1,True,
train,map_002756.csv,d1a70d22bef663713359e2763044af1e2766eacea94af6faab121f1f57d8c35f,42,ONE_UNIT_SPAWN_UNAVAILABLE,ONE_UNIT_SPAWN_UNAVAILABLE,1,True,
train,map_000894.csv,d1e34133ca4b67296a5cb55169350eca246a9063611feb13968915638ae70691,42,ONE_UNIT_SPAWN_UNAVAILABLE,ONE_UNIT_SPAWN_UNAVAILABLE,1,True,
train,map_000160.csv,d1fbf297efd575baa30f48e6d183fa30accdd84a53a65933f412c6274d163124,42,ONE_UNIT_SPAWN_UNAVAILABLE,ONE_UNIT_SPAWN_UNAVAILABLE,1,True,
train,map_001526.csv,d245193cd77a2bda562e4dcfbd49e7a255c5096260bc213a5cf1ffda29b91f63,42,ONE_UNIT_SPAWN_UNAVAILABLE,ONE_UNIT_SPAWN_UNAVAILABLE,1,True,
train,map_003979.csv,d25064c83c2c363315181156c858a4f5103b5b1f76cc6cc39d0a79f6c3217855,42,ONE_UNIT_SPAWN_UNAVAILABLE,ONE_UNIT_SPAWN_UNAVAILABLE,1,True,
train,map_005051.csv,d25f40270cb4a9130697ebb1ccbc02151ba6b4cf6524ef0cbc9ac63f17c20e09,42,ONE_UNIT_SPAWN_UNAVAILABLE,ONE_UNIT_SPAWN_UNAVAILABLE,1,True,
train,map_000424.csv,d297c82b817f0cb9a3c2f594d4b2db75a5237fce64e1e63ff42188c80c72f4b6,42,ONE_UNIT_SPAWN_UNAVAILABLE,ONE_UNIT_SPAWN_UNAVAILABLE,1,True,
train,map_000986.csv,d2ddf0311203fa5693a6ba5288aa42b433920daf1125b10c7a36203cc98738f5,42,ONE_UNIT_SPAWN_UNAVAILABLE,ONE_UNIT_SPAWN_UNAVAILABLE,1,True,
train,map_000028.csv,d2e123b8aaf70f846ae8fa5d1a942777a8c6620b2c3562469a6a9dfbd58f988f,42,ONE_UNIT_SPAWN_UNAVAILABLE,ONE_UNIT_SPAWN_UNAVAILABLE,1,True,
train,map_003171.csv,d3629018976a028e9e239af2720ef9fe6829706b6291c1d048ba935e46cd9af6,42,ONE_UNIT_SPAWN_UNAVAILABLE,ONE_UNIT_SPAWN_UNAVAILABLE,1,True,
train,map_001127.csv,d38012debbb72d72f4e7ac2def62cf1d3c27fdf0d91e825e14a8265743e3a0b7,42,ONE_UNIT_SPAWN_UNAVAILABLE,ONE_UNIT_SPAWN_UNAVAILABLE,1,True,
train,map_002292.csv,d389e0e2d9bc292d44a5f6ab190af80d91175810210eb81c3d247af35f90ed20,42,ONE_UNIT_SPAWN_UNAVAILABLE,ONE_UNIT_SPAWN_UNAVAILABLE,1,True,
train,map_005282.csv,d3971edf84dbe0772e2b548a8f1a82e29184959a6583368445bc41f7d553b39c,42,ONE_UNIT_SPAWN_UNAVAILABLE,ONE_UNIT_SPAWN_UNAVAILABLE,1,True,
train,map_002618.csv,d3ae1227a61175e5606bda9cbfc80102319b5d229eeede52708ba931c5eb8718,42,ONE_UNIT_SPAWN_UNAVAILABLE,ONE_UNIT_SPAWN_UNAVAILABLE,1,True,
train,map_000298.csv,d3dbd8abd55a7ab5b4fc9a45b993f3d285f260e814d220bdc062972335ec7728,42,ONE_UNIT_SPAWN_UNAVAILABLE,ONE_UNIT_SPAWN_UNAVAILABLE,1,True,
train,map_005119.csv,d3e811257cc87a7f90ae6e987751b7fc8fca327a247bc9834be31342b733a41b,42,ONE_UNIT_SPAWN_UNAVAILABLE,ONE_UNIT_SPAWN_UNAVAILABLE,1,True,
train,map_002985.csv,d3fa3c1824214ed51042434a81dec0a748f6ec81c2d02805a67bce4421b817d4,42,ONE_UNIT_SPAWN_UNAVAILABLE,ONE_UNIT_SPAWN_UNAVAILABLE,1,True,
train,map_004619.csv,d44847bee8852a85304bb691d5aa5139ae9ed1697f31bf0e3eb13bc791194192,42,ONE_UNIT_SPAWN_UNAVAILABLE,ONE_UNIT_SPAWN_UNAVAILABLE,1,True,
train,map_001230.csv,d4724c9f9abe19a42657c4d82b382374f60b8e0d3985a83ee16564546312bce0,42,ONE_UNIT_SPAWN_UNAVAILABLE,ONE_UNIT_SPAWN_UNAVAILABLE,1,True,
train,map_000928.csv,d481079d8f9519e7b7d994a7f9061d4fc4e240a7a096dc9a2478269e69b88f53,42,ONE_UNIT_SPAWN_UNAVAILABLE,ONE_UNIT_SPAWN_UNAVAILABLE,1,True,
train,map_000437.csv,d494336bb456f4b112aeeb0ed4360eea6d8d02e6adb1de42ee87bde3b24e5b8e,42,ONE_UNIT_SPAWN_UNAVAILABLE,ONE_UNIT_SPAWN_UNAVAILABLE,1,True,
train,map_001267.csv,d49b2351c1e9a022e7af2fb8f691f227e01501812692b428fe764e59a8cb0a37,42,ONE_UNIT_SPAWN_UNAVAILABLE,ONE_UNIT_SPAWN_UNAVAILABLE,1,True,
train,map_002510.csv,d4afb88197341c1f83cd8157f072780f932918eff0d692f57cf0a62a712199f4,42,ONE_UNIT_SPAWN_UNAVAILABLE,ONE_UNIT_SPAWN_UNAVAILABLE,1,True,
train,map_004099.csv,d538dd79f8161666d6f3b1fdcfd36e1541236c6b8ae6e83cda5ef69e3f0e9a65,42,ONE_UNIT_SPAWN_UNAVAILABLE,ONE_UNIT_SPAWN_UNAVAILABLE,1,True,
train,map_003864.csv,d553246cf28a56e78f2f361496fd7769a34b5825250e98c56a3636a07db63d9f,42,ONE_UNIT_SPAWN_UNAVAILABLE,ONE_UNIT_SPAWN_UNAVAILABLE,1,True,
train,map_001289.csv,d5762e3e38439e5402e95ca8e02dd9d6f8902d2c20aa7e3678287442446a2c76,42,ONE_UNIT_SPAWN_UNAVAILABLE,ONE_UNIT_SPAWN_UNAVAILABLE,1,True,
train,map_001757.csv,d60a1fc466248e307d1f89a91bef8bbbcdb657084ab70ef2442b3f3dd0cd05b1,42,ONE_UNIT_SPAWN_UNAVAILABLE,ONE_UNIT_SPAWN_UNAVAILABLE,1,True,
train,map_003565.csv,d65a679fb1fbfc1ff473bd78dddddb7c5279890611646e90a62fc03cff9e7f0f,42,ONE_UNIT_SPAWN_UNAVAILABLE,ONE_UNIT_SPAWN_UNAVAILABLE,1,True,
train,map_004427.csv,d66e56a20ec2806fb1d59c3e1d1e318f54922cc2643a72d5301c1869b9e4bcf6,42,ONE_UNIT_SPAWN_UNAVAILABLE,ONE_UNIT_SPAWN_UNAVAILABLE,1,True,
train,map_003428.csv,d6873bf214aea38807f29c78c3cd92e462f1da8a3b56128b3cb1862c763b3a0c,42,ONE_UNIT_SPAWN_UNAVAILABLE,ONE_UNIT_SPAWN_UNAVAILABLE,1,True,
train,map_002350.csv,d69c6d874a35daa03d5ecb07fa9ec7c93f940b1a25d73680ce659492d61979b4,42,ONE_UNIT_SPAWN_UNAVAILABLE,ONE_UNIT_SPAWN_UNAVAILABLE,1,True,
train,map_001680.csv,d69d347c25281d6ba38c59c30a7255076fabee7a7c86b6542c9ff2b139ade3d6,42,ONE_UNIT_SPAWN_UNAVAILABLE,ONE_UNIT_SPAWN_UNAVAILABLE,1,True,
train,map_002797.csv,d6c5c47d1fbe6e432ec0254c2cc643b77bc46dd8bb0fe1fcb92c4b831b9472c6,42,ONE_UNIT_SPAWN_UNAVAILABLE,ONE_UNIT_SPAWN_UNAVAILABLE,1,True,
train,map_001767.csv,d705b79b294f487c73d6cfb4936dd08cd15d1a84c23faf597026a1f62da480fa,42,ONE_UNIT_SPAWN_UNAVAILABLE,ONE_UNIT_SPAWN_UNAVAILABLE,1,True,
train,map_003756.csv,d71c068bd525201a509c086365fb2fa6189a5a5ee5358ba7b6ebd4f82a751dee,42,ONE_UNIT_SPAWN_UNAVAILABLE,ONE_UNIT_SPAWN_UNAVAILABLE,1,True,
train,map_005253.csv,d74781ca6f1265f93ceb8ae4b19007e0e6153d62221c5d50200ca4da2d57f972,42,ONE_UNIT_SPAWN_UNAVAILABLE,ONE_UNIT_SPAWN_UNAVAILABLE,1,True,
train,map_003952.csv,d769598e4b5001956007bf39ebea222833ce9701a3dcf60761ec879543decd04,42,ONE_UNIT_SPAWN_UNAVAILABLE,ONE_UNIT_SPAWN_UNAVAILABLE,1,True,
train,map_000236.csv,d782dc34972e0628e52e4103dfafe43f77191e2a3996e89d5e0f523eba7488c0,42,ONE_UNIT_SPAWN_UNAVAILABLE,ONE_UNIT_SPAWN_UNAVAILABLE,1,True,
train,map_001262.csv,d78346c344126ec25c377a8eb7bde7177ca1c6da8e57703173d70322bdf6002e,42,ONE_UNIT_SPAWN_UNAVAILABLE,ONE_UNIT_SPAWN_UNAVAILABLE,1,True,
train,map_000594.csv,d788afd191e649dd69309e73af338557092b93925f4ff3842205ec79ff2fc7de,42,ONE_UNIT_SPAWN_UNAVAILABLE,ONE_UNIT_SPAWN_UNAVAILABLE,1,True,
train,map_004902.csv,d7aa29dc1008e45fd24e467641080ee62b762aadaf045570e94d23cf1ce2293e,42,ONE_UNIT_SPAWN_UNAVAILABLE,ONE_UNIT_SPAWN_UNAVAILABLE,1,True,
train,map_004126.csv,d7d51e082c847e279dcb11bc7397593861b21dcc51e334e00b91abc51f825862,42,ONE_UNIT_SPAWN_UNAVAILABLE,ONE_UNIT_SPAWN_UNAVAILABLE,1,True,
train,map_001292.csv,d7e0359212431a6cd2687ae01bde0774294d855c6f1e68854df16f44dc0677a4,42,ONE_UNIT_SPAWN_UNAVAILABLE,ONE_UNIT_SPAWN_UNAVAILABLE,1,True,
train,map_004386.csv,d7ed4541722ce5346aea7756f664c6e8e5b3cc14811883f035dfd53f803fe988,42,ONE_UNIT_SPAWN_UNAVAILABLE,ONE_UNIT_SPAWN_UNAVAILABLE,1,True,
train,map_002590.csv,d8552d757f02fa5027e186c60e76995bd79841e9cda769c8b2b9022591b8b64e,42,ONE_UNIT_SPAWN_UNAVAILABLE,ONE_UNIT_SPAWN_UNAVAILABLE,1,True,
train,map_004195.csv,d896e1d97079b9a473e2bfc8e79e5a232f2c8f03474a8d7e423d362935df4d58,42,ONE_UNIT_SPAWN_UNAVAILABLE,ONE_UNIT_SPAWN_UNAVAILABLE,1,True,
train,map_001469.csv,d8b11f473878ff223726e7e27f966f4db1de2d4182c0679dc63ec5a078509f1e,42,ONE_UNIT_SPAWN_UNAVAILABLE,ONE_UNIT_SPAWN_UNAVAILABLE,1,True,
train,map_003603.csv,d8bd357c447fe31f0691f59c9bffb92148475293daad4fab677d58f4c2f8937a,42,ONE_UNIT_SPAWN_UNAVAILABLE,ONE_UNIT_SPAWN_UNAVAILABLE,1,True,
train,map_003530.csv,d8c790ee1e03759e3d25ebca1adcd02efa978e2c682aa11f47e907a720e435b5,42,ONE_UNIT_SPAWN_UNAVAILABLE,ONE_UNIT_SPAWN_UNAVAILABLE,1,True,
train,map_003533.csv,d8e80bffbce5b1658e350ca7de7b21c23bc0d37aeef8b86001b34916d57db23e,42,ONE_UNIT_SPAWN_UNAVAILABLE,ONE_UNIT_SPAWN_UNAVAILABLE,1,True,
train,map_002976.csv,d8f38905240a1be637535054d064d7f07d063bed448cb713bd2cdfd9ffb257ae,42,ONE_UNIT_SPAWN_UNAVAILABLE,ONE_UNIT_SPAWN_UNAVAILABLE,1,True,
train,map_002813.csv,d8f552c069e93a4d3eb245e6193b92a0db2ef87914eb747129014128bc27db32,42,ONE_UNIT_SPAWN_UNAVAILABLE,ONE_UNIT_SPAWN_UNAVAILABLE,1,True,
train,map_001910.csv,d8fc98d294c75988b272d64552530e1c64ff27c33ffc47aaa95dc39bda915fd9,42,ONE_UNIT_SPAWN_UNAVAILABLE,ONE_UNIT_SPAWN_UNAVAILABLE,1,True,
train,map_002222.csv,d90b7b41f76285a4e659e0cc7f71e3e06532ebab8028fe687df10645d99008c9,42,ONE_UNIT_SPAWN_UNAVAILABLE,ONE_UNIT_SPAWN_UNAVAILABLE,1,True,
train,map_002775.csv,d96eff5929ce6e683495f366f1169ee793924e6f9c2c83fd86c344f011ea43cb,42,ONE_UNIT_SPAWN_UNAVAILABLE,ONE_UNIT_SPAWN_UNAVAILABLE,1,True,
train,map_002879.csv,d9820858bd325bb1748fc6f619b52a2007a95582749af4a3e2875ecc5070ba0b,42,ONE_UNIT_SPAWN_UNAVAILABLE,ONE_UNIT_SPAWN_UNAVAILABLE,1,True,
train,map_002486.csv,d9991c103f2cce7aefd04bf7a2fcb088b30e0bb5e91ff40a6836f09ca03e5681,42,ONE_UNIT_SPAWN_UNAVAILABLE,ONE_UNIT_SPAWN_UNAVAILABLE,1,True,
train,map_002305.csv,d9e66f1c5a9eee8c6b08740590892cf88a18db827dc2ee886b0f10549113a4b0,42,ONE_UNIT_SPAWN_UNAVAILABLE,ONE_UNIT_SPAWN_UNAVAILABLE,1,True,
train,map_000087.csv,da54fabb72ec9739fdfc10c480bfa7bc21b2e2207519f08ad3843f342c48adac,42,ONE_UNIT_SPAWN_UNAVAILABLE,ONE_UNIT_SPAWN_UNAVAILABLE,1,True,
train,map_003935.csv,da742afcad7933c1f6c4cbb902309ff34a51022cb3a89db74df6f1c4617063c5,42,ONE_UNIT_SPAWN_UNAVAILABLE,ONE_UNIT_SPAWN_UNAVAILABLE,1,True,
train,map_003305.csv,da752bfe3c82e34b65809d72e2d9a533bd52f9ec9fd9d70e6a1ecdf2dcf95fb8,42,ONE_UNIT_SPAWN_UNAVAILABLE,ONE_UNIT_SPAWN_UNAVAILABLE,1,True,
train,map_003856.csv,da8865bf4dc595c271b2d668f5a8a6ee007317c6fa938cf80964f5009625481d,42,ONE_UNIT_SPAWN_UNAVAILABLE,ONE_UNIT_SPAWN_UNAVAILABLE,1,True,
train,map_000253.csv,da907aa401c49eba00b4857eb4e8fa9a62aefc298da68c49c2021db217ca6e89,42,ONE_UNIT_SPAWN_UNAVAILABLE,ONE_UNIT_SPAWN_UNAVAILABLE,1,True,
train,map_003441.csv,dabb451ed8fd62f84380a972aac4f269dbe21e53f838e96cfa00545566e95c88,42,ONE_UNIT_SPAWN_UNAVAILABLE,ONE_UNIT_SPAWN_UNAVAILABLE,1,True,
train,map_003893.csv,dabcb1c144dd2811bad056b50c86131bff7e0f8323c34cdc1f800a89b245d77d,42,ONE_UNIT_SPAWN_UNAVAILABLE,ONE_UNIT_SPAWN_UNAVAILABLE,1,True,
train,map_004294.csv,dabedd5f87ed1f759f6267e24208158161011a0dbb63c39c0ed81a68762835a5,42,ONE_UNIT_SPAWN_UNAVAILABLE,ONE_UNIT_SPAWN_UNAVAILABLE,1,True,
train,map_001408.csv,dad11207a9dd19375a90ce1a82a2418e1bc7f210c65bff5dec63266072eed1f2,42,ONE_UNIT_SPAWN_UNAVAILABLE,ONE_UNIT_SPAWN_UNAVAILABLE,1,True,
train,map_004435.csv,db10ac1795a63ba315f1ed5cd9451e16c17f7b93e7572247ef180c9bfd91f91d,42,ONE_UNIT_SPAWN_UNAVAILABLE,ONE_UNIT_SPAWN_UNAVAILABLE,1,True,
train,map_004769.csv,db3f49a82a3018c349382dcbdc0b3797a5e8479f724cd503615aa4a93108ba69,42,ONE_UNIT_SPAWN_UNAVAILABLE,ONE_UNIT_SPAWN_UNAVAILABLE,1,True,
train,map_003706.csv,db422f6d5f3efd5d6dd39a6241b0722f123b85cf6f71ac34d435265d5d8785a2,42,ONE_UNIT_SPAWN_UNAVAILABLE,ONE_UNIT_SPAWN_UNAVAILABLE,1,True,
train,map_004755.csv,db4df72c35c9e3718dfbd41563efd366ae103a5819cdde6c49e7efaa6ec4d872,42,ONE_UNIT_SPAWN_UNAVAILABLE,ONE_UNIT_SPAWN_UNAVAILABLE,1,True,
train,map_003336.csv,db55efd2713ba55ad737705a6181d26db801d1db464270d8d585931bb0364975,42,ONE_UNIT_SPAWN_UNAVAILABLE,ONE_UNIT_SPAWN_UNAVAILABLE,1,True,
train,map_004561.csv,db5873334487bb2ab72605fd0fe50bacf0108a2d844838807baf56007d701955,42,ONE_UNIT_SPAWN_UNAVAILABLE,ONE_UNIT_SPAWN_UNAVAILABLE,1,True,
train,map_003985.csv,db86be1c0ceb1cede499cd4293c082401cea32992f15eceb493784a371ec5f83,42,ONE_UNIT_SPAWN_UNAVAILABLE,ONE_UNIT_SPAWN_UNAVAILABLE,1,True,
train,map_000202.csv,db8f86531f201e0772ede3700ce04c7d4346dfc5ccc35877ce225a8d47fe5132,42,ONE_UNIT_SPAWN_UNAVAILABLE,ONE_UNIT_SPAWN_UNAVAILABLE,1,True,
train,map_000425.csv,db9ad68bfd5e71ee2fea7cbb6d6f1c501d8f37b8a67ad0f29c465ffe0a7d4ebf,42,ONE_UNIT_SPAWN_UNAVAILABLE,ONE_UNIT_SPAWN_UNAVAILABLE,1,True,
train,map_002513.csv,dba3efe7f1ca3f33f9ce9ffc156ec20bfbec3c876fde7f79fc895af8ffac5474,42,ONE_UNIT_SPAWN_UNAVAILABLE,ONE_UNIT_SPAWN_UNAVAILABLE,1,True,
train,map_004785.csv,dbd843239c5e0b765273e99c3f5586ecb8458015c4fbe84a9a81412a0018c145,42,ONE_UNIT_SPAWN_UNAVAILABLE,ONE_UNIT_SPAWN_UNAVAILABLE,1,True,
train,map_001101.csv,dbe4c860be10f0702e72f89e385abacc9a706db416e65af562936ec78d9e121b,42,ONE_UNIT_SPAWN_UNAVAILABLE,ONE_UNIT_SPAWN_UNAVAILABLE,1,True,
train,map_004578.csv,dbff2b5f658d30b327ea3e9378a0a2db38db27d6dde8046b89b26d87ba5fbcc3,42,ONE_UNIT_SPAWN_UNAVAILABLE,ONE_UNIT_SPAWN_UNAVAILABLE,1,True,
train,map_002033.csv,dc101133c890e6e7b62ed5d04c7c952b613bb6b7bf36641f0122a51037c3d4b7,42,ONE_UNIT_SPAWN_UNAVAILABLE,ONE_UNIT_SPAWN_UNAVAILABLE,1,True,
train,map_000433.csv,dc4209355f901d6fd82d7c4fe5f1f71c7816e46b80b9b449909451586923b095,42,ONE_UNIT_SPAWN_UNAVAILABLE,ONE_UNIT_SPAWN_UNAVAILABLE,1,True,
train,map_004056.csv,dc47506cabd593ab51025ba78189484645fd0cf80c7816dd9e0bb62749f404c0,42,ONE_UNIT_SPAWN_UNAVAILABLE,ONE_UNIT_SPAWN_UNAVAILABLE,1,True,
train,map_000771.csv,dc4fce3437969d50ae6f9dd859af8f3cf5bb89d4f31b75ebeadeb76fda8d59e4,42,ONE_UNIT_SPAWN_UNAVAILABLE,ONE_UNIT_SPAWN_UNAVAILABLE,1,True,
train,map_000813.csv,dca62d43699584218e4e971f3e62e714a4c454a9d74309465d2042e21619bb95,42,ONE_UNIT_SPAWN_UNAVAILABLE,ONE_UNIT_SPAWN_UNAVAILABLE,1,True,
train,map_002684.csv,dcb07ffda27a1d4145cb5e1e6c008a576fb926654b77670b5b4987703efb55f9,42,ONE_UNIT_SPAWN_UNAVAILABLE,ONE_UNIT_SPAWN_UNAVAILABLE,1,True,
train,map_003878.csv,dcdb1374164f65c8d1994c7a07231ea6ddf90f5fc6f7c3505664f0f2de86e419,42,ONE_UNIT_SPAWN_UNAVAILABLE,ONE_UNIT_SPAWN_UNAVAILABLE,1,True,
train,map_002675.csv,dcf42eab924f302e33bc3fc1a687493d5eb2516536a0eb28e13a309b9d62268f,42,ONE_UNIT_SPAWN_UNAVAILABLE,ONE_UNIT_SPAWN_UNAVAILABLE,1,True,
train,map_002644.csv,dd0e35e1bb127c83bd2ed3bded99b39d4c33195e62147fbe80ca84bfd284a9c0,42,ONE_UNIT_SPAWN_UNAVAILABLE,ONE_UNIT_SPAWN_UNAVAILABLE,1,True,
train,map_004064.csv,dd378ad9ec74062e545c8a32373d880c868255c393227b32225cedd91330220d,42,ONE_UNIT_SPAWN_UNAVAILABLE,ONE_UNIT_SPAWN_UNAVAILABLE,1,True,
train,map_002220.csv,dd50383d4a9ddccc572d265f6e76b88b9a3c7f07bdaef4df739e163b6c8068d6,42,ONE_UNIT_SPAWN_UNAVAILABLE,ONE_UNIT_SPAWN_UNAVAILABLE,1,True,
train,map_005050.csv,dd53fdb4dcfeb8d93de35bd3483d7d62d105d016f296ee9983df3a411f352c1d,42,ONE_UNIT_SPAWN_UNAVAILABLE,ONE_UNIT_SPAWN_UNAVAILABLE,1,True,
train,map_001050.csv,dd66c485ddf7db2c355fcae3d2d3f7645496f0b3ee8ad6baf2fb3a820362c997,42,ONE_UNIT_SPAWN_UNAVAILABLE,ONE_UNIT_SPAWN_UNAVAILABLE,1,True,
train,map_003453.csv,dd845835e469fdffb7a323c1722b28489a779505e30f70d6dd68b84317026e43,42,ONE_UNIT_SPAWN_UNAVAILABLE,ONE_UNIT_SPAWN_UNAVAILABLE,1,True,
train,map_003001.csv,dd8e85375d8b3d11958a04dec462be88009ff9ec6cd2684dd62419a4517f2516,42,ONE_UNIT_SPAWN_UNAVAILABLE,ONE_UNIT_SPAWN_UNAVAILABLE,1,True,
train,map_000846.csv,dd902ab957dd64b1ecb069469d40b8b6081d1b61dc526b6388ca73223a020156,42,ONE_UNIT_SPAWN_UNAVAILABLE,ONE_UNIT_SPAWN_UNAVAILABLE,1,True,
train,map_000037.csv,ddb3d73bd3c3cac3a435a05af5c891996ebd22cc7b3785b955e8af481271ce30,42,ONE_UNIT_SPAWN_UNAVAILABLE,ONE_UNIT_SPAWN_UNAVAILABLE,1,True,
train,map_000089.csv,dde2a1c2d9526975da08a157a67bc8eba710a5643a874083154b04977b16b89e,42,ONE_UNIT_SPAWN_UNAVAILABLE,ONE_UNIT_SPAWN_UNAVAILABLE,1,True,
train,map_001498.csv,ddf7272fa7f214a62d4cd1bd6a50800944039e3de595a94d97cf854e5d88ad03,42,ONE_UNIT_SPAWN_UNAVAILABLE,ONE_UNIT_SPAWN_UNAVAILABLE,1,True,
train,map_003519.csv,de50363684fb862988d1ec8081cb703b15153cab6ddd599622c4650740cae3cd,42,ONE_UNIT_SPAWN_UNAVAILABLE,ONE_UNIT_SPAWN_UNAVAILABLE,1,True,
train,map_003986.csv,de684b893f32effe9c557fdc86613563c7573bdb2e2e668741df695c64324c7a,42,ONE_UNIT_SPAWN_UNAVAILABLE,ONE_UNIT_SPAWN_UNAVAILABLE,1,True,
train,map_004287.csv,dea2cc3c4d289b2cc422529c054431455f3cb7d2a21e05bfbed16018b153b5d2,42,ONE_UNIT_SPAWN_UNAVAILABLE,ONE_UNIT_SPAWN_UNAVAILABLE,1,True,
train,map_001166.csv,ded6d8205f5d7d80f6558d31f8ba86419c12484f2fe06228fdf5b0c291bcf162,42,ONE_UNIT_SPAWN_UNAVAILABLE,ONE_UNIT_SPAWN_UNAVAILABLE,1,True,
train,map_004815.csv,def74f11e578207ed2a20c8f48f5715dfe4e2704c363aac057d0272f01dcb1e9,42,ONE_UNIT_SPAWN_UNAVAILABLE,ONE_UNIT_SPAWN_UNAVAILABLE,1,True,
train,map_004369.csv,df256874c9a80e5a8f5568e8bca22a4cac076ce451270de7efbd05a9a74396a3,42,ONE_UNIT_SPAWN_UNAVAILABLE,ONE_UNIT_SPAWN_UNAVAILABLE,1,True,
train,map_004542.csv,df2e27f641b105bdb003ae7e1d685d6ffce861c80d1b8724cd5fbbe45dae41f8,42,ONE_UNIT_SPAWN_UNAVAILABLE,ONE_UNIT_SPAWN_UNAVAILABLE,1,True,
train,map_003067.csv,df50b3c3bf9133179b840dc8b053eaa51297c9bcb5022ebeb4d3837da40a9a4d,42,ONE_UNIT_SPAWN_UNAVAILABLE,ONE_UNIT_SPAWN_UNAVAILABLE,1,True,
train,map_000871.csv,df548e55f13dded1af67485fb29271cc0eaf20a8279ac3c78914245be0602acd,42,ONE_UNIT_SPAWN_UNAVAILABLE,ONE_UNIT_SPAWN_UNAVAILABLE,1,True,
train,map_005210.csv,df5852c7868f8653de2438470ae91f130fafa338df6b46011f73960da69656fe,42,ONE_UNIT_SPAWN_UNAVAILABLE,ONE_UNIT_SPAWN_UNAVAILABLE,1,True,
train,map_004944.csv,df81b03b995404edc0c672ce5aa07f034a44ed9f02c5db69bfd61807864086ae,42,ONE_UNIT_SPAWN_UNAVAILABLE,ONE_UNIT_SPAWN_UNAVAILABLE,1,True,
train,map_002739.csv,dfa0722f86179347b13a0cb5c93dfdd882e1790470dc80f040e77f7a9d0bf665,42,ONE_UNIT_SPAWN_UNAVAILABLE,ONE_UNIT_SPAWN_UNAVAILABLE,1,True,
train,map_003593.csv,dfca1fed7e9fb81fe323e19e146f6cbbaba3f0e5bc06086505b2cc82986f4975,42,ONE_UNIT_SPAWN_UNAVAILABLE,ONE_UNIT_SPAWN_UNAVAILABLE,1,True,
train,map_002266.csv,dfd219986155dcc323c17a8fa37646d4f94bafb5b38874c21c337b79b5da99dd,42,ONE_UNIT_SPAWN_UNAVAILABLE,ONE_UNIT_SPAWN_UNAVAILABLE,1,True,
train,map_004188.csv,dfff0c084ef9de857da710aeb8608aa9eb6704d06393cda0db28bff732a0f9b2,42,ONE_UNIT_SPAWN_UNAVAILABLE,ONE_UNIT_SPAWN_UNAVAILABLE,1,True,
train,map_003553.csv,e00396b2f78fa221ffcce99d1a680f7c4cce16b92ea6b8348c81f35ab8f4b4e2,42,ONE_UNIT_SPAWN_UNAVAILABLE,ONE_UNIT_SPAWN_UNAVAILABLE,1,True,
train,map_000463.csv,e02765250a305a8607914ca202ae7373cc5c8c6c9751e51438e7e11233fc2fe6,42,ONE_UNIT_SPAWN_UNAVAILABLE,ONE_UNIT_SPAWN_UNAVAILABLE,1,True,
train,map_005084.csv,e0293b9aed04bc4fa47e26725a8d1c017a32f0eb2cd12372177523b57d84e1a8,42,ONE_UNIT_SPAWN_UNAVAILABLE,ONE_UNIT_SPAWN_UNAVAILABLE,1,True,
train,map_001245.csv,e03bfb76222f47082f16369149dd5eeed1abb48bbb4a5707741d40ccea1c8ef7,42,ONE_UNIT_SPAWN_UNAVAILABLE,ONE_UNIT_SPAWN_UNAVAILABLE,1,True,
train,map_002277.csv,e058ca79a221a6ca8eb1793c28293620db8d53e772bebfd4a64170665219673a,42,ONE_UNIT_SPAWN_UNAVAILABLE,ONE_UNIT_SPAWN_UNAVAILABLE,1,True,
train,map_000406.csv,e05f642ae1f970c857917d9a59895113a5825b5a222b68e4d36786a0e2031376,42,ONE_UNIT_SPAWN_UNAVAILABLE,ONE_UNIT_SPAWN_UNAVAILABLE,1,True,
train,map_000751.csv,e08521a7f1f04139e81758c9354b2aae0bbc2ca1859bff6237b79b619c2d1754,42,ONE_UNIT_SPAWN_UNAVAILABLE,ONE_UNIT_SPAWN_UNAVAILABLE,1,True,
train,map_000136.csv,e0a86b1e2d0a7eeaac8e01a3d02f29acd1fd2cc12b7bc251fcf72f64ce8710b1,42,ONE_UNIT_SPAWN_UNAVAILABLE,ONE_UNIT_SPAWN_UNAVAILABLE,1,True,
train,map_004708.csv,e0c85acafd3924fe2ecf999cb296efaccd6eebfd63b3eebb9b93f79b39036302,42,ONE_UNIT_SPAWN_UNAVAILABLE,ONE_UNIT_SPAWN_UNAVAILABLE,1,True,
train,map_000897.csv,e0ca142995652665f2b455b12565f99221ea517ab35234bee696e50e2aba3677,42,ONE_UNIT_SPAWN_UNAVAILABLE,ONE_UNIT_SPAWN_UNAVAILABLE,1,True,
train,map_004357.csv,e0d32c9b8373b8736ce742f19e22f4ceb5a828bcdca4db329deccecb094ee5ef,42,ONE_UNIT_SPAWN_UNAVAILABLE,ONE_UNIT_SPAWN_UNAVAILABLE,1,True,
train,map_002134.csv,e134c83e783ca582c75404a7011d869a2dfb73e9a4b7e6d17a70ae3081251b3a,42,ONE_UNIT_SPAWN_UNAVAILABLE,ONE_UNIT_SPAWN_UNAVAILABLE,1,True,
train,map_004012.csv,e15b4c5e1a56658618fe21ff1feb1a3a11b730f20def6f0c7bdfb8becee5cd6c,42,ONE_UNIT_SPAWN_UNAVAILABLE,ONE_UNIT_SPAWN_UNAVAILABLE,1,True,
train,map_003143.csv,e1716ed361f10ce0d99370d1fcdd58b68f546fbc5c1b937c5b9056c91ae137d4,42,ONE_UNIT_SPAWN_UNAVAILABLE,ONE_UNIT_SPAWN_UNAVAILABLE,1,True,
train,map_004618.csv,e1cbb5ca7cdb6be482d78ee8e6702cc32db3d127b493c13a0f3861949652fa99,42,ONE_UNIT_SPAWN_UNAVAILABLE,ONE_UNIT_SPAWN_UNAVAILABLE,1,True,
train,map_001121.csv,e1e45ae9ca9b6dbe52286e3156aa763bd1eda55d8fb7b3bba0c986bc3ffd8294,42,ONE_UNIT_SPAWN_UNAVAILABLE,ONE_UNIT_SPAWN_UNAVAILABLE,1,True,
train,map_005506.csv,e1e8ac35d99dce4d47d15f73300bbec7e9c6256d643deef8694faa41db6d1196,42,ONE_UNIT_SPAWN_UNAVAILABLE,ONE_UNIT_SPAWN_UNAVAILABLE,1,True,
train,map_000858.csv,e1ef8f456a811b393ef1dbaca685365dfff317ac8ebd891c5a0b2bec245442d0,42,ONE_UNIT_SPAWN_UNAVAILABLE,ONE_UNIT_SPAWN_UNAVAILABLE,1,True,
train,map_004110.csv,e1f3276606ace9d88bfe777a4e05eb24f6781d86b3c5be6f844906c55dbd13d0,42,ONE_UNIT_SPAWN_UNAVAILABLE,ONE_UNIT_SPAWN_UNAVAILABLE,1,True,
train,map_002601.csv,e22aa56590a55c4abb63e54b3de53a3edcca85de6d05aa9853ca3b8eb47c492e,42,ONE_UNIT_SPAWN_UNAVAILABLE,ONE_UNIT_SPAWN_UNAVAILABLE,1,True,
train,map_005044.csv,e22c0f6c68d8b693ad358dcde3c156cca07809f45e7fef1e10532a29c1ee9ca9,42,ONE_UNIT_SPAWN_UNAVAILABLE,ONE_UNIT_SPAWN_UNAVAILABLE,1,True,
train,map_003944.csv,e253bdcecc5cf99c1c08561c5c77cb4957ae95abccaf286a3165bdf538c7951f,42,ONE_UNIT_SPAWN_UNAVAILABLE,ONE_UNIT_SPAWN_UNAVAILABLE,1,True,
train,map_001178.csv,e256f03bb2799648b02e9f076cc6009d16b329a784f0b1c1c63b79e832b6d8b8,42,ONE_UNIT_SPAWN_UNAVAILABLE,ONE_UNIT_SPAWN_UNAVAILABLE,1,True,
train,map_002630.csv,e25f7ad556a7e49f4f99982a074972d3b8aa166f0d1d50b6262bc0c0d3d26782,42,ONE_UNIT_SPAWN_UNAVAILABLE,ONE_UNIT_SPAWN_UNAVAILABLE,1,True,
train,map_001837.csv,e268004cd4a1af0bf9d1f5b17731c2ce5c623f5e26e351e1bc5ddf1eff251fe5,42,ONE_UNIT_SPAWN_UNAVAILABLE,ONE_UNIT_SPAWN_UNAVAILABLE,1,True,
train,map_002405.csv,e283abfb00f153f7fcb40e1bccd412b0824f906acadc9cf8db6f9a54ef33b6e9,42,ONE_UNIT_SPAWN_UNAVAILABLE,ONE_UNIT_SPAWN_UNAVAILABLE,1,True,
train,map_001603.csv,e298120052818e9974c35cdd32f4dfd727c36bf90263c9b5e72e109a63116f4c,42,ONE_UNIT_SPAWN_UNAVAILABLE,ONE_UNIT_SPAWN_UNAVAILABLE,1,True,
train,map_000355.csv,e29d8ba4269ec7e58fd9c260726fb6da7a9e976f14e42130c3cb0f0ccbc33bec,42,ONE_UNIT_SPAWN_UNAVAILABLE,ONE_UNIT_SPAWN_UNAVAILABLE,1,True,
train,map_003150.csv,e2bc2f9cfaa6afd707d391b8c96d505dc3cc58a154c159e483adf69dc27f7e73,42,ONE_UNIT_SPAWN_UNAVAILABLE,ONE_UNIT_SPAWN_UNAVAILABLE,1,True,
train,map_003852.csv,e2d97dd0b32e1a6bdc247d4fab2393723f8e44aa45c7eed561e16fe884f6f0cb,42,ONE_UNIT_SPAWN_UNAVAILABLE,ONE_UNIT_SPAWN_UNAVAILABLE,1,True,
train,map_001608.csv,e31257eb19973d62f61d9782eb9d3bfaa95fb563b1f2f0a4cf23f99d589bad3b,42,ONE_UNIT_SPAWN_UNAVAILABLE,ONE_UNIT_SPAWN_UNAVAILABLE,1,True,
train,map_005153.csv,e31417a8fd811305b16aa3ae1958dc7efa422a5d9f590feea680ed622e9484f2,42,ONE_UNIT_SPAWN_UNAVAILABLE,ONE_UNIT_SPAWN_UNAVAILABLE,1,True,
train,map_003993.csv,e37cc430b4f31ecf82c950835fb91c45f61ae6fc14fc99fee1ec362c51421550,42,ONE_UNIT_SPAWN_UNAVAILABLE,ONE_UNIT_SPAWN_UNAVAILABLE,1,True,
train,map_000177.csv,e3fea294fdade93f7f9ba6fc432f34a6066457c709d2f3c2486f10f329ae65a6,42,ONE_UNIT_SPAWN_UNAVAILABLE,ONE_UNIT_SPAWN_UNAVAILABLE,1,True,
train,map_000999.csv,e40ff00827734532b784a2bfe5f40c14436535558562d8805681d8b23ae0b2d7,42,ONE_UNIT_SPAWN_UNAVAILABLE,ONE_UNIT_SPAWN_UNAVAILABLE,1,True,
train,map_000259.csv,e42272aab329ab0f156e72b0338b529067d1c022e752e0880a3d8c2ab1156947,42,ONE_UNIT_SPAWN_UNAVAILABLE,ONE_UNIT_SPAWN_UNAVAILABLE,1,True,
train,map_001509.csv,e42e279fb97c00f574700ddf52963b4a31a8c7b07b74b93688a6824bc7290d34,42,ONE_UNIT_SPAWN_UNAVAILABLE,ONE_UNIT_SPAWN_UNAVAILABLE,1,True,
train,map_003153.csv,e43d73911588037b6f3ca1f44c61186acae10121932f956e7ffb1ab966bc8f3f,42,ONE_UNIT_SPAWN_UNAVAILABLE,ONE_UNIT_SPAWN_UNAVAILABLE,1,True,
train,map_004599.csv,e4c60690e788d22dd0a50e09d5a5a257ea8e55ee0c0abe35a2bf1c815e052c0b,42,ONE_UNIT_SPAWN_UNAVAILABLE,ONE_UNIT_SPAWN_UNAVAILABLE,1,True,
train,map_005046.csv,e50880ab844d0a60302ba3151eb72f48a9fee7ed1dba8be32949613d6b1f4985,42,ONE_UNIT_SPAWN_UNAVAILABLE,ONE_UNIT_SPAWN_UNAVAILABLE,1,True,
train,map_001444.csv,e5224d53b5a30ec3ccbc7be948ebca1ed1d15c8abc3e09188188480f65ba6337,42,ONE_UNIT_SPAWN_UNAVAILABLE,ONE_UNIT_SPAWN_UNAVAILABLE,1,True,
train,map_002103.csv,e529e71c71b268990b4982d411bd7f691bb0876c3416266adb54e6c0d1c9a455,42,ONE_UNIT_SPAWN_UNAVAILABLE,ONE_UNIT_SPAWN_UNAVAILABLE,1,True,
train,map_002742.csv,e5c85fe13979f1ccc4739f905f1bb6286a9b40ceb4c592d3197b867f4ff0865e,42,ONE_UNIT_SPAWN_UNAVAILABLE,ONE_UNIT_SPAWN_UNAVAILABLE,1,True,
train,map_002106.csv,e5d6d29225e07bbcc6214151340c4f569b2fd33eba6fc7801dd9e9bd91df052b,42,ONE_UNIT_SPAWN_UNAVAILABLE,ONE_UNIT_SPAWN_UNAVAILABLE,1,True,
train,map_004022.csv,e5dadf2d48a9eb52ef4bc8b288c5a9385c0d314cde465864f88cf8981d9005ac,42,ONE_UNIT_SPAWN_UNAVAILABLE,ONE_UNIT_SPAWN_UNAVAILABLE,1,True,
train,map_000810.csv,e5f17a03c194897eff5da819e77554a43f5d4e64389dbefade8c0c90df763be8,42,ONE_UNIT_SPAWN_UNAVAILABLE,ONE_UNIT_SPAWN_UNAVAILABLE,1,True,
train,map_003450.csv,e612275ab0f39c2d46dc707fec626ea175b1e24e1cca07d169d89d62ff325056,42,ONE_UNIT_SPAWN_UNAVAILABLE,ONE_UNIT_SPAWN_UNAVAILABLE,1,True,
train,map_004327.csv,e62c62db758c58f8cd472499ffce98b22f5c98c95231fec309e2c6c587c92b6a,42,ONE_UNIT_SPAWN_UNAVAILABLE,ONE_UNIT_SPAWN_UNAVAILABLE,1,True,
train,map_001585.csv,e62faa288a851c21b946de4fe78c6a214f0b8cde7cff646df9b5f0e9ec1408e6,42,ONE_UNIT_SPAWN_UNAVAILABLE,ONE_UNIT_SPAWN_UNAVAILABLE,1,True,
train,map_003659.csv,e631e730fa5972553f0841071f2bd192171958c043f163df6d27fc8989ebb3e2,42,ONE_UNIT_SPAWN_UNAVAILABLE,ONE_UNIT_SPAWN_UNAVAILABLE,1,True,
train,map_004488.csv,e658c37cfab94e452c99182c3cd084d77f4d2d87c618d29b21bf7fd6d9a18054,42,ONE_UNIT_SPAWN_UNAVAILABLE,ONE_UNIT_SPAWN_UNAVAILABLE,1,True,
train,map_003520.csv,e65e7d38a1eeb615c838ec6f8160f028a0790b6a760dfb25320d6fc121c5a764,42,ONE_UNIT_SPAWN_UNAVAILABLE,ONE_UNIT_SPAWN_UNAVAILABLE,1,True,
train,map_004582.csv,e67b62c52b9ca78bd6b42b35b8117f7ab696da3dfc7a70fa33ce582f823eac58,42,ONE_UNIT_SPAWN_UNAVAILABLE,ONE_UNIT_SPAWN_UNAVAILABLE,1,True,
train,map_003799.csv,e6c30ed23e460ccd126323b64b55be56a4d99188572eeaa20deb2f3b34df0da7,42,ONE_UNIT_SPAWN_UNAVAILABLE,ONE_UNIT_SPAWN_UNAVAILABLE,1,True,
train,map_000031.csv,e6d53e0ada14d03ab4cbba98d58b29b320826d92b15424b7358bcbc2d31a782f,42,ONE_UNIT_SPAWN_UNAVAILABLE,ONE_UNIT_SPAWN_UNAVAILABLE,1,True,
train,map_003596.csv,e6d8d6f1290ac8158d22e9af0d630e598adbca10ee4ce99be8d0b2d5bad1ad26,42,ONE_UNIT_SPAWN_UNAVAILABLE,ONE_UNIT_SPAWN_UNAVAILABLE,1,True,
train,map_004438.csv,e6f9b78f782ae258c09e5120863290f3f4d0fa0c7463c6a941e31f647e5a19a5,42,ONE_UNIT_SPAWN_UNAVAILABLE,ONE_UNIT_SPAWN_UNAVAILABLE,1,True,
train,map_004246.csv,e726b8168209a4712fc2edc11b60c6e07265ed8878c54cd0cc46f6bb82c1fb4f,42,ONE_UNIT_SPAWN_UNAVAILABLE,ONE_UNIT_SPAWN_UNAVAILABLE,1,True,
train,map_005415.csv,e7363094fd8bd1238070406cf9d6774c984c0358f7b99805fb944216b82b1a50,42,ONE_UNIT_SPAWN_UNAVAILABLE,ONE_UNIT_SPAWN_UNAVAILABLE,1,True,
train,map_002208.csv,e76a24a29a21a60ca1a17a0e919342780986c4f8b3cc9206f114e52b80d6f512,42,ONE_UNIT_SPAWN_UNAVAILABLE,ONE_UNIT_SPAWN_UNAVAILABLE,1,True,
train,map_001221.csv,e788f0c40de0957d0385a7c8c32f23b77f2ee5d8410a2db14e95cf1787f3c248,42,ONE_UNIT_SPAWN_UNAVAILABLE,ONE_UNIT_SPAWN_UNAVAILABLE,1,True,
train,map_000227.csv,e7f31172a34069297672afebb2e1ed3101388af13b086cd0e5fb0790cef16de2,42,ONE_UNIT_SPAWN_UNAVAILABLE,ONE_UNIT_SPAWN_UNAVAILABLE,1,True,
train,map_001868.csv,e806c9f4197bce5642d8c955de849f1aefac6bd32b9633191391c0db20281a7c,42,ONE_UNIT_SPAWN_UNAVAILABLE,ONE_UNIT_SPAWN_UNAVAILABLE,1,True,
train,map_004893.csv,e8075f30c699273c44c1fb2317038509e91da0af92c8eb081525479e54495381,42,ONE_UNIT_SPAWN_UNAVAILABLE,ONE_UNIT_SPAWN_UNAVAILABLE,1,True,
train,map_003589.csv,e85bb80df2cc3899ae16fa86b3d2f458715f8317ef820893b7ee62ae0eab3d28,42,ONE_UNIT_SPAWN_UNAVAILABLE,ONE_UNIT_SPAWN_UNAVAILABLE,1,True,
train,map_003113.csv,e87dd95169de1e2e4623ee634ed06eee5278be1b4225c497904c49b459e56e56,42,ONE_UNIT_SPAWN_UNAVAILABLE,ONE_UNIT_SPAWN_UNAVAILABLE,1,True,
train,map_003911.csv,e897314d173067af682e24475108b21600a07157bf81fcb3167da1b6361b034a,42,ONE_UNIT_SPAWN_UNAVAILABLE,ONE_UNIT_SPAWN_UNAVAILABLE,1,True,
train,map_004886.csv,e8a1590e50c59cfd84be687c2597a3253c179175c17a5155b0b343af14a0f421,42,ONE_UNIT_SPAWN_UNAVAILABLE,ONE_UNIT_SPAWN_UNAVAILABLE,1,True,
train,map_005346.csv,e8cb0ca0e2a32e3e1d195d0385540c3e546aba0169fcfc3fd3e49c20f8496871,42,ONE_UNIT_SPAWN_UNAVAILABLE,ONE_UNIT_SPAWN_UNAVAILABLE,1,True,
train,map_002719.csv,e8e999fc4e75729330cb8d85a932f867667461a2e3c9196cc6c612581474e57a,42,ONE_UNIT_SPAWN_UNAVAILABLE,ONE_UNIT_SPAWN_UNAVAILABLE,1,True,
train,map_002980.csv,e92ab3e7afa17e36ef06349e3362a709a9ef0dda5d7f8c9b5336b596b9281a74,42,ONE_UNIT_SPAWN_UNAVAILABLE,ONE_UNIT_SPAWN_UNAVAILABLE,1,True,
train,map_001575.csv,e9335dc95ac5b63d83379322478d26d9ca5d41601516fd287425d3b578a1b4f6,42,ONE_UNIT_SPAWN_UNAVAILABLE,ONE_UNIT_SPAWN_UNAVAILABLE,1,True,
train,map_000100.csv,e93af1da260d12212336fbe1a9755c55c7b135068fd21096c8e9eafe820eb8fb,42,ONE_UNIT_SPAWN_UNAVAILABLE,ONE_UNIT_SPAWN_UNAVAILABLE,1,True,
train,map_004515.csv,e96db041390e536892850073481ce0f64f0af46e64b2dc68cff6396f2d5439c0,42,ONE_UNIT_SPAWN_UNAVAILABLE,ONE_UNIT_SPAWN_UNAVAILABLE,1,True,
train,map_004285.csv,e973d8e68d06cb2fb87510b6b3aa8dbecbd5d634e2819941153f909c279da3b6,42,ONE_UNIT_SPAWN_UNAVAILABLE,ONE_UNIT_SPAWN_UNAVAILABLE,1,True,
train,map_004339.csv,e98450813a03f243bbff3c5c82a760fce5fd8e100943ff0e45c99521b4ac7eba,42,ONE_UNIT_SPAWN_UNAVAILABLE,ONE_UNIT_SPAWN_UNAVAILABLE,1,True,
train,map_003881.csv,e98801e57a783864c95aa813360652707d03f8d595f652df4ded46f5f6096661,42,ONE_UNIT_SPAWN_UNAVAILABLE,ONE_UNIT_SPAWN_UNAVAILABLE,1,True,
train,map_000035.csv,e99144f8bb45175899dc5f86e1b6e622bfbbd7fbf81665056c7a718361b99a62,42,ONE_UNIT_SPAWN_UNAVAILABLE,ONE_UNIT_SPAWN_UNAVAILABLE,1,True,
train,map_004058.csv,e9cd736f5b715f7d7ffe060b852133d41053b6cefad5b4d8c44e65c89b67b587,42,ONE_UNIT_SPAWN_UNAVAILABLE,ONE_UNIT_SPAWN_UNAVAILABLE,1,True,
train,map_001762.csv,e9f2ee1b3782081001d0881dd4c166f9b96530bb81d4ddb242ea788a7e3dddc1,42,ONE_UNIT_SPAWN_UNAVAILABLE,ONE_UNIT_SPAWN_UNAVAILABLE,1,True,
train,map_003062.csv,ea020dcb4c1f56e029eb5b156e846e81392f8b378900f949b762dff416df7043,42,ONE_UNIT_SPAWN_UNAVAILABLE,ONE_UNIT_SPAWN_UNAVAILABLE,1,True,
train,map_002467.csv,ea11bcb6974a629cf36025558ea3a7d52c3f902d64ce1f000dc297cb278833f8,42,ONE_UNIT_SPAWN_UNAVAILABLE,ONE_UNIT_SPAWN_UNAVAILABLE,1,True,
train,map_002294.csv,ea11c27018e5ec22bc38f048ef85191af5e0892d63eedddfc765baf8065e506b,42,ONE_UNIT_SPAWN_UNAVAILABLE,ONE_UNIT_SPAWN_UNAVAILABLE,1,True,
train,map_003812.csv,ea16babe1667c20410326493884b81e41ce2a2c1a2cc014680263befd5d10b2b,42,ONE_UNIT_SPAWN_UNAVAILABLE,ONE_UNIT_SPAWN_UNAVAILABLE,1,True,
train,map_005259.csv,ea3f1dbd58cdc529c77b2ff234c1dbfa8159a2e32a79ce903b6cfcc483ac1232,42,ONE_UNIT_SPAWN_UNAVAILABLE,ONE_UNIT_SPAWN_UNAVAILABLE,1,True,
train,map_000565.csv,ea47b5eab29c76931473c014666aeb15b0133cb95fa4cbcd94a9ee1ab50f2ed6,42,ONE_UNIT_SPAWN_UNAVAILABLE,ONE_UNIT_SPAWN_UNAVAILABLE,1,True,
train,map_004115.csv,ea7c98a6e1d31af63cb881ffb48fb5da03efb2c491bca0dbb0e36c11a31ecd4a,42,ONE_UNIT_SPAWN_UNAVAILABLE,ONE_UNIT_SPAWN_UNAVAILABLE,1,True,
train,map_005441.csv,ea9c007d63185298baafa6d8f57fb947c0a3bb9e04d61fb68cab934e6bd64a8d,42,ONE_UNIT_SPAWN_UNAVAILABLE,ONE_UNIT_SPAWN_UNAVAILABLE,1,True,
train,map_004263.csv,eaa80f5a44ab011b8a8e61bbf524253e699144896263a5100b0d6f41b225dca7,42,ONE_UNIT_SPAWN_UNAVAILABLE,ONE_UNIT_SPAWN_UNAVAILABLE,1,True,
train,map_001991.csv,eb11bdd903328d55b57ab222aabb4c5dd94b7367062787d48478f39359697666,42,ONE_UNIT_SPAWN_UNAVAILABLE,ONE_UNIT_SPAWN_UNAVAILABLE,1,True,
train,map_004833.csv,eb291960c367201f4a7029fd4251ecdf6f5507ea66e798e9bbdd3b22904bc7ed,42,ONE_UNIT_SPAWN_UNAVAILABLE,ONE_UNIT_SPAWN_UNAVAILABLE,1,True,
train,map_001500.csv,eb3c836c0743e0c7c06ed15434ae3c66eee10783b750e73a7c274a54e8173d68,42,ONE_UNIT_SPAWN_UNAVAILABLE,ONE_UNIT_SPAWN_UNAVAILABLE,1,True,
train,map_002992.csv,eb505d946a70af56b918d2ee4f10373f82576a5ca02059be9d6a44cf228d3408,42,ONE_UNIT_SPAWN_UNAVAILABLE,ONE_UNIT_SPAWN_UNAVAILABLE,1,True,
train,map_005455.csv,eb62205db8d3b5b06f0b86e863b5cbd773f4d3f7d9be9b940b11a08b0d072d00,42,ONE_UNIT_SPAWN_UNAVAILABLE,ONE_UNIT_SPAWN_UNAVAILABLE,1,True,
train,map_002375.csv,eb6c285ee0358bcd02f9e5f98486988fc8739eaeb5a0cf6df9375623c5832f81,42,ONE_UNIT_SPAWN_UNAVAILABLE,ONE_UNIT_SPAWN_UNAVAILABLE,1,True,
train,map_001926.csv,eb706acebb39d6e96c527f8e965b0ad1874a8da80c0d9cab97522eea561eba28,42,ONE_UNIT_SPAWN_UNAVAILABLE,ONE_UNIT_SPAWN_UNAVAILABLE,1,True,
train,map_005493.csv,eb80876bbfeb7b25b48d35fa9d877345ccaaa51583eab7b2494e5042433ad69c,42,ONE_UNIT_SPAWN_UNAVAILABLE,ONE_UNIT_SPAWN_UNAVAILABLE,1,True,
train,map_002200.csv,ebb7a98ee15c39f48eef9544d363450179f74123ea07b8530466a98f43eb24a4,42,ONE_UNIT_SPAWN_UNAVAILABLE,ONE_UNIT_SPAWN_UNAVAILABLE,1,True,
train,map_002717.csv,ebcf2a81cd3af41ff39c10a72b0e48e516613af0de7bd14394a61aa362fa410e,42,ONE_UNIT_SPAWN_UNAVAILABLE,ONE_UNIT_SPAWN_UNAVAILABLE,1,True,
train,map_000533.csv,ebfbce4ed913365403c94f76f14e1a213c05f529392e9fbdefcf1d3bee2faaa3,42,ONE_UNIT_SPAWN_UNAVAILABLE,ONE_UNIT_SPAWN_UNAVAILABLE,1,True,
train,map_003448.csv,ec0a0151ed2add61f8afb429a517abcdfbf4684ea698bc3cd5e494bcb9923cd9,42,ONE_UNIT_SPAWN_UNAVAILABLE,ONE_UNIT_SPAWN_UNAVAILABLE,1,True,
train,map_000487.csv,ec22f488a0c275b9ec4285fc6c1411b0b1479ac65430d2e843fca746cb2c237c,42,ONE_UNIT_SPAWN_UNAVAILABLE,ONE_UNIT_SPAWN_UNAVAILABLE,1,True,
train,map_004662.csv,ec452e975cb8a9cea4f695c6357b4b07dea8697ee5c9411eb09483099f776163,42,ONE_UNIT_SPAWN_UNAVAILABLE,ONE_UNIT_SPAWN_UNAVAILABLE,1,True,
train,map_004694.csv,ec5a1f3d9539c896f18859eccda19d00877f6e99fb8cf2ae46d8d8a1fe62e319,42,ONE_UNIT_SPAWN_UNAVAILABLE,ONE_UNIT_SPAWN_UNAVAILABLE,1,True,
train,map_005193.csv,ec5ea9cbc5ca2bbf9c55ced4b0e2ab8101d5687b5aaad12b9504ed95a3d3979e,42,ONE_UNIT_SPAWN_UNAVAILABLE,ONE_UNIT_SPAWN_UNAVAILABLE,1,True,
train,map_001412.csv,ec69202178f6cd4c9b8765b585de1ccb25f4ff33936d2a96971ced42608c09c6,42,ONE_UNIT_SPAWN_UNAVAILABLE,ONE_UNIT_SPAWN_UNAVAILABLE,1,True,
train,map_003524.csv,ec8259aa41431fc623a9bd0fcd5a133105b2e47815ebe496a296afa7d8e98f71,42,ONE_UNIT_SPAWN_UNAVAILABLE,ONE_UNIT_SPAWN_UNAVAILABLE,1,True,
train,map_003661.csv,eca5bbc8b9ccf44ce40963e0d54f4e4601891ef7cce11adcaa6eba1b2c8eb8ac,42,ONE_UNIT_SPAWN_UNAVAILABLE,ONE_UNIT_SPAWN_UNAVAILABLE,1,True,
train,map_000794.csv,eca7a41333d54ac63196eb8cc709ef098fa36e9e4807e160435d7c47bddab7ad,42,ONE_UNIT_SPAWN_UNAVAILABLE,ONE_UNIT_SPAWN_UNAVAILABLE,1,True,
train,map_002542.csv,eca89c6bd86ae8a0d4ecd15974442d8070eb461e53ad621f7f33b865c172ac91,42,ONE_UNIT_SPAWN_UNAVAILABLE,ONE_UNIT_SPAWN_UNAVAILABLE,1,True,
train,map_002596.csv,ecbb4ee937b87ca646fa0a23c35c43bac1eccd89f2f7508e1d9ffe12416d441f,42,ONE_UNIT_SPAWN_UNAVAILABLE,ONE_UNIT_SPAWN_UNAVAILABLE,1,True,
train,map_004383.csv,ecbe9a46c92f2c5bf949855cfdef2d15ba703732ebd6a9414eec6f10f85755b1,42,ONE_UNIT_SPAWN_UNAVAILABLE,ONE_UNIT_SPAWN_UNAVAILABLE,1,True,
train,map_005234.csv,ecfc4a3619713144e701223ecb1d5613c2fee6103bcfc441c92df3e497ad7103,42,ONE_UNIT_SPAWN_UNAVAILABLE,ONE_UNIT_SPAWN_UNAVAILABLE,1,True,
train,map_001062.csv,ecfee614cc33ba2669c2e5c79ab93d310e97335592e0fa4a2e3e1e9155cb2346,42,ONE_UNIT_SPAWN_UNAVAILABLE,ONE_UNIT_SPAWN_UNAVAILABLE,1,True,
train,map_005004.csv,ed22ab4ffcd51475f2564c342230162689c484b0f2f5082f3321cc9fbca4fbbc,42,ONE_UNIT_SPAWN_UNAVAILABLE,ONE_UNIT_SPAWN_UNAVAILABLE,1,True,
train,map_003454.csv,ed233278af7a7c57a48d801dddf5bca0e5b9d5f08ebaf6060fe154c1d0723ae8,42,ONE_UNIT_SPAWN_UNAVAILABLE,ONE_UNIT_SPAWN_UNAVAILABLE,1,True,
train,map_001927.csv,ed5f944e4dc23483363f90b3ddce9dbd392353a860c146b9c0fd5d7fbe1dff97,42,ONE_UNIT_SPAWN_UNAVAILABLE,ONE_UNIT_SPAWN_UNAVAILABLE,1,True,
train,map_002003.csv,ed7d02038895abb2517d884a059a7eef630f8b9391195170b57153c115fbe3bc,42,ONE_UNIT_SPAWN_UNAVAILABLE,ONE_UNIT_SPAWN_UNAVAILABLE,1,True,
train,map_000579.csv,edaddbfb212a20815bbb52154f5320809166ea96dc8cc3031b912f9e79f054e9,42,ONE_UNIT_SPAWN_UNAVAILABLE,ONE_UNIT_SPAWN_UNAVAILABLE,1,True,
train,map_005162.csv,edbac3f49d373d0eb3237eb2693bb4b9772cfa6e770b7b5b0b494d509302efed,42,ONE_UNIT_SPAWN_UNAVAILABLE,ONE_UNIT_SPAWN_UNAVAILABLE,1,True,
train,map_000012.csv,edbf750e08ec751c1a0805fc53aeca724461d65b8955e07592bfad0c49aab9e3,42,ONE_UNIT_SPAWN_UNAVAILABLE,ONE_UNIT_SPAWN_UNAVAILABLE,1,True,
train,map_004160.csv,edf7b0490afbc0ce9f2327e006fbb831981ef89af44f315f146a2b72f930a212,42,ONE_UNIT_SPAWN_UNAVAILABLE,ONE_UNIT_SPAWN_UNAVAILABLE,1,True,
train,map_001312.csv,ee44d473364f01044447ba7c95fcc0649291b81f6e508ebdc5a731f1e1229efc,42,ONE_UNIT_SPAWN_UNAVAILABLE,ONE_UNIT_SPAWN_UNAVAILABLE,1,True,
train,map_001912.csv,ee66c823d8a01bd3253c243584d70c6ca3cdd41cf23279177f41977e2426a89a,42,ONE_UNIT_SPAWN_UNAVAILABLE,ONE_UNIT_SPAWN_UNAVAILABLE,1,True,
train,map_001766.csv,eedc1f4c8bc1bb3ec5c215880362af4e44e77c2c59a774ba1545ca0c32591bd8,42,ONE_UNIT_SPAWN_UNAVAILABLE,ONE_UNIT_SPAWN_UNAVAILABLE,1,True,
train,map_003616.csv,ef51bf8c44a796102f8bb0aa31d3ed6ee91e48fa6a473c77f69e3ff845792ba5,42,ONE_UNIT_SPAWN_UNAVAILABLE,ONE_UNIT_SPAWN_UNAVAILABLE,1,True,
train,map_004000.csv,ef64d4f025228bf21a90096e32d19f15a5fc8bd884d91d1313d6a64952f2c7f9,42,ONE_UNIT_SPAWN_UNAVAILABLE,ONE_UNIT_SPAWN_UNAVAILABLE,1,True,
train,map_002081.csv,ef6d7c15549a4b3f3134d3df68565d6848c11daafa1f10a10766bd42fa648d58,42,ONE_UNIT_SPAWN_UNAVAILABLE,ONE_UNIT_SPAWN_UNAVAILABLE,1,True,
train,map_000991.csv,ef7dcb48d227f395026e663df2c40daa622b10998e632e243ee0b27a6e0dacc8,42,ONE_UNIT_SPAWN_UNAVAILABLE,ONE_UNIT_SPAWN_UNAVAILABLE,1,True,
train,map_004732.csv,efb527c7a8780dbce4c31cc5d0451ac12fb6bb0ff639c3f78120f78c071cf441,42,ONE_UNIT_SPAWN_UNAVAILABLE,ONE_UNIT_SPAWN_UNAVAILABLE,1,True,
train,map_004084.csv,efc52138b32d25be1d04c750bca45f692187e828bcfb895a412d217a69bc1a0f,42,ONE_UNIT_SPAWN_UNAVAILABLE,ONE_UNIT_SPAWN_UNAVAILABLE,1,True,
train,map_003039.csv,efcc2ebf64ac63d70dcb4710232615c8b0b52fdc4516f6bdb99bef1bc140f211,42,ONE_UNIT_SPAWN_UNAVAILABLE,ONE_UNIT_SPAWN_UNAVAILABLE,1,True,
train,map_004835.csv,f005f7dda1a6950f4f994e5ac6876824d0894114b02c34e4cbcc3acc626ad206,42,ONE_UNIT_SPAWN_UNAVAILABLE,ONE_UNIT_SPAWN_UNAVAILABLE,1,True,
train,map_003297.csv,f00eafff66088664e9e0b9dbcf77ebbf344cbc37d6a0d979acce11a13c0e12b7,42,ONE_UNIT_SPAWN_UNAVAILABLE,ONE_UNIT_SPAWN_UNAVAILABLE,1,True,
train,map_002105.csv,f01185ae05dc5a663548df213627385892a30e70ba5da68e348655b8f575d205,42,ONE_UNIT_SPAWN_UNAVAILABLE,ONE_UNIT_SPAWN_UNAVAILABLE,1,True,
train,map_004525.csv,f014b2113adbc1832c18f4df66a1b854336b5babfad78ab98a0bf3b413bcdbe5,42,ONE_UNIT_SPAWN_UNAVAILABLE,ONE_UNIT_SPAWN_UNAVAILABLE,1,True,
train,map_001531.csv,f01d55c8efe37039f16e339ca23b6b726f61aecab9fa7be9f3a1e4a5ce8c3962,42,ONE_UNIT_SPAWN_UNAVAILABLE,ONE_UNIT_SPAWN_UNAVAILABLE,1,True,
train,map_000330.csv,f01ee6332102129f50cc525bb6a15169bb75732af12f6da0230406c72c43cfd9,42,ONE_UNIT_SPAWN_UNAVAILABLE,ONE_UNIT_SPAWN_UNAVAILABLE,1,True,
train,map_001151.csv,f046aa80e727a44baf7d8aa55706b693da1f6167d8c91eec56444ecfdd6e5d11,42,ONE_UNIT_SPAWN_UNAVAILABLE,ONE_UNIT_SPAWN_UNAVAILABLE,1,True,
train,map_004795.csv,f053d17481002427e23cd094f902819b3517beabcce96efd7b771dfc8024185e,42,ONE_UNIT_SPAWN_UNAVAILABLE,ONE_UNIT_SPAWN_UNAVAILABLE,1,True,
train,map_003569.csv,f060073e36435fd02cb90ab0f4c78b54addafa32b8024082d515bc0defb5be51,42,ONE_UNIT_SPAWN_UNAVAILABLE,ONE_UNIT_SPAWN_UNAVAILABLE,1,True,
train,map_000936.csv,f064915c588415b926f783bb8d3bcd41edc11b2827a91ffd6da81c39c192333a,42,ONE_UNIT_SPAWN_UNAVAILABLE,ONE_UNIT_SPAWN_UNAVAILABLE,1,True,
train,map_005021.csv,f09fe218ea4cd0bc2215818899fce257bb83a1f6c6b78f00ba3240000c5f930e,42,ONE_UNIT_SPAWN_UNAVAILABLE,ONE_UNIT_SPAWN_UNAVAILABLE,1,True,
train,map_004253.csv,f0aa97e3fda6e31aadfb704d73b854f64f275d892a0872c9e75c961b10a0e348,42,ONE_UNIT_SPAWN_UNAVAILABLE,ONE_UNIT_SPAWN_UNAVAILABLE,1,True,
train,map_002484.csv,f0ca6f012837c09c03a35e9b3bb673f95471781363dbff0ee6b3288fec33b7c5,42,ONE_UNIT_SPAWN_UNAVAILABLE,ONE_UNIT_SPAWN_UNAVAILABLE,1,True,
train,map_000754.csv,f0eba702163ffede2a23f70e02400be3ab404c288a5cacf4494a3c2522332015,42,ONE_UNIT_SPAWN_UNAVAILABLE,ONE_UNIT_SPAWN_UNAVAILABLE,1,True,
train,map_000464.csv,f0f5ce3c3b7440bdd1b4d02d69a57fcc9a6338c6d5ff9aae345fac2fc46dfd17,42,ONE_UNIT_SPAWN_UNAVAILABLE,ONE_UNIT_SPAWN_UNAVAILABLE,1,True,
train,map_004200.csv,f0f95c9a25bfbe6d2ea9970525b123d16f6cfa504367d76d9e962cf5b47169ef,42,ONE_UNIT_SPAWN_UNAVAILABLE,ONE_UNIT_SPAWN_UNAVAILABLE,1,True,
train,map_001852.csv,f139fab7a7bc10efc73a26aa42732745abfaed88f5fe0307f48b463d1993c332,42,ONE_UNIT_SPAWN_UNAVAILABLE,ONE_UNIT_SPAWN_UNAVAILABLE,1,True,
train,map_000669.csv,f14b5cb784359cf47ac3327fd0f3858310a2606902491f3118e25cb2f28a3eac,42,ONE_UNIT_SPAWN_UNAVAILABLE,ONE_UNIT_SPAWN_UNAVAILABLE,1,True,
train,map_004382.csv,f15d3d757cba17faaa221d8d0ce174c80155f51a298070590488268b5439674b,42,ONE_UNIT_SPAWN_UNAVAILABLE,ONE_UNIT_SPAWN_UNAVAILABLE,1,True,
train,map_004799.csv,f166e0691b1d9f38d494c78d80a159de68d08d48b7347b17f5accde4ef0b1f2e,42,ONE_UNIT_SPAWN_UNAVAILABLE,ONE_UNIT_SPAWN_UNAVAILABLE,1,True,
train,map_001750.csv,f16ebe8b5af2aff3530ad56e39714097e4e10cf33b81c1ff66d4c571eec4cc26,42,ONE_UNIT_SPAWN_UNAVAILABLE,ONE_UNIT_SPAWN_UNAVAILABLE,1,True,
train,map_001091.csv,f1899e4c44c2523bd183f8de258e0e470769237a2ec32f86db641c63e2b37c88,42,ONE_UNIT_SPAWN_UNAVAILABLE,ONE_UNIT_SPAWN_UNAVAILABLE,1,True,
train,map_001943.csv,f18db3b1f2eb2243566e7379f8876401e6c2687a15fb112c34dfd9a347a285a4,42,ONE_UNIT_SPAWN_UNAVAILABLE,ONE_UNIT_SPAWN_UNAVAILABLE,1,True,
train,map_001954.csv,f18fb290001772fe32d066c1b0ed631d5e8a20f20f7a9ef1076685c2ba271887,42,ONE_UNIT_SPAWN_UNAVAILABLE,ONE_UNIT_SPAWN_UNAVAILABLE,1,True,
train,map_000417.csv,f1982c7defa4c969029bab9d9647c0e563058412f00012a951af42db52ded6f0,42,ONE_UNIT_SPAWN_UNAVAILABLE,ONE_UNIT_SPAWN_UNAVAILABLE,1,True,
train,map_003115.csv,f1baaf2090ca92d060208ba0a5d5368d02acab57cbdf1c67cb1231f24e402442,42,ONE_UNIT_SPAWN_UNAVAILABLE,ONE_UNIT_SPAWN_UNAVAILABLE,1,True,
train,map_005008.csv,f1dc4d129d36bd9bfcbbc96121badc3e6b9f78fe2674511a64d055084c17db72,42,ONE_UNIT_SPAWN_UNAVAILABLE,ONE_UNIT_SPAWN_UNAVAILABLE,1,True,
train,map_004041.csv,f2082282dacf0fd7edf527ebd4e4187d6c19300e5a990f2f63ea6b7dc1d4093f,42,ONE_UNIT_SPAWN_UNAVAILABLE,ONE_UNIT_SPAWN_UNAVAILABLE,1,True,
train,map_004693.csv,f2bbae725abcc0cc5ae01d53a1a13e73a88ce081b2e6208cc73831d1930d993d,42,ONE_UNIT_SPAWN_UNAVAILABLE,ONE_UNIT_SPAWN_UNAVAILABLE,1,True,
train,map_003372.csv,f2be518da56b95bb9d0fb430e493c4f26801f5099c6afbadbbce9a81b54f558a,42,ONE_UNIT_SPAWN_UNAVAILABLE,ONE_UNIT_SPAWN_UNAVAILABLE,1,True,
train,map_003069.csv,f2c4ed7e983dc000bd4dd9bc0772b18ae6bb99529e76c20a8b73d035821cc583,42,ONE_UNIT_SPAWN_UNAVAILABLE,ONE_UNIT_SPAWN_UNAVAILABLE,1,True,
train,map_004959.csv,f2ce41ed7d44899f694f38bc6e18deff79d4ee43896b9d69b07c000dbcbd5262,42,ONE_UNIT_SPAWN_UNAVAILABLE,ONE_UNIT_SPAWN_UNAVAILABLE,1,True,
train,map_001184.csv,f3025251c87d924cee049f0c9dfefd8424a97808f7deb0180752113c1bcc0233,42,ONE_UNIT_SPAWN_UNAVAILABLE,ONE_UNIT_SPAWN_UNAVAILABLE,1,True,
train,map_002826.csv,f30898e4c68685c69fd757bb72a148dea6286a43cf70ef3bbee4d12784d51f09,42,ONE_UNIT_SPAWN_UNAVAILABLE,ONE_UNIT_SPAWN_UNAVAILABLE,1,True,
train,map_002965.csv,f3a211f692ba51829e2cfcaacdac5128b23ccfdb45d55171fa47103a9adee3bc,42,ONE_UNIT_SPAWN_UNAVAILABLE,ONE_UNIT_SPAWN_UNAVAILABLE,1,True,
train,map_004590.csv,f3bec3fda70880e7791b09f7aef0406ebea7f2af2884e65f3c31084fc81abf98,42,ONE_UNIT_SPAWN_UNAVAILABLE,ONE_UNIT_SPAWN_UNAVAILABLE,1,True,
train,map_003640.csv,f3c80ade28b6df33c7bcc436018b35f5c12d0e5c6b7b2a9616ccacd08d3fd6bb,42,ONE_UNIT_SPAWN_UNAVAILABLE,ONE_UNIT_SPAWN_UNAVAILABLE,1,True,
train,map_004783.csv,f3e237e98af2400e24f4b44158e1f263cedb3fdaa83de5282a76a67cc92a46cc,42,ONE_UNIT_SPAWN_UNAVAILABLE,ONE_UNIT_SPAWN_UNAVAILABLE,1,True,
train,map_004811.csv,f410da133ce5fe61a7b1e2cb7ee0e6c7388b4f0e7e38dd1dcec03922fc11d739,42,ONE_UNIT_SPAWN_UNAVAILABLE,ONE_UNIT_SPAWN_UNAVAILABLE,1,True,
train,map_004347.csv,f416e23d84c57e31b0c62e0ba226862211487e40abe03c6d7f02504647f4690e,42,ONE_UNIT_SPAWN_UNAVAILABLE,ONE_UNIT_SPAWN_UNAVAILABLE,1,True,
train,map_000632.csv,f42ff1507846001970f21f5236d0ed80d872773f295393d0d0a37b8268ccbe0d,42,ONE_UNIT_SPAWN_UNAVAILABLE,ONE_UNIT_SPAWN_UNAVAILABLE,1,True,
train,map_003204.csv,f4659859d0dcc5247016d5a654aae8af74510ba663531d66cf264cdc63bcfcc1,42,ONE_UNIT_SPAWN_UNAVAILABLE,ONE_UNIT_SPAWN_UNAVAILABLE,1,True,
train,map_002270.csv,f4844de3d5600b492d5c67805360202531894a9cd4f50b235313c45051fc5044,42,ONE_UNIT_SPAWN_UNAVAILABLE,ONE_UNIT_SPAWN_UNAVAILABLE,1,True,
train,map_003075.csv,f4954c2be565d97dcfc31cf620452cdcfde91a61947ba47b2fba7b8118a5d39e,42,ONE_UNIT_SPAWN_UNAVAILABLE,ONE_UNIT_SPAWN_UNAVAILABLE,1,True,
train,map_000297.csv,f4a1fac968ed6dc1636bb0d1e500a6a8ee2d87d13cbabac91cfa36db93a560f3,42,ONE_UNIT_SPAWN_UNAVAILABLE,ONE_UNIT_SPAWN_UNAVAILABLE,1,True,
train,map_004061.csv,f4b5a1c8b839278afa4ae2d9324e52fe688b88accb4f2a9ad85cf4a5badd17ac,42,ONE_UNIT_SPAWN_UNAVAILABLE,ONE_UNIT_SPAWN_UNAVAILABLE,1,True,
train,map_000438.csv,f4f73f528edfe47efb9c7c1283d2b835b7910b39d2d4258c4a3aee2a88e79332,42,ONE_UNIT_SPAWN_UNAVAILABLE,ONE_UNIT_SPAWN_UNAVAILABLE,1,True,
train,map_002280.csv,f5440c975f854715af563b904e4bbbd6cd2fa5540a92b7e7cc0f531bd42b3803,42,ONE_UNIT_SPAWN_UNAVAILABLE,ONE_UNIT_SPAWN_UNAVAILABLE,1,True,
train,map_004416.csv,f5598264f542902cbb9f2f13b2b257fb6e686e1656561aae5840e4b43c7bbc57,42,ONE_UNIT_SPAWN_UNAVAILABLE,ONE_UNIT_SPAWN_UNAVAILABLE,1,True,
train,map_003529.csv,f55aa46ce3e89337c8f0fcfbb846d00c239ea57826ab144e592d072369fe982e,42,ONE_UNIT_SPAWN_UNAVAILABLE,ONE_UNIT_SPAWN_UNAVAILABLE,1,True,
train,map_002390.csv,f56ad8cd83ba92b4fc50243672bcd398a4098ce8fad2f1b9b7d7ec42bc7046a8,42,ONE_UNIT_SPAWN_UNAVAILABLE,ONE_UNIT_SPAWN_UNAVAILABLE,1,True,
train,map_001615.csv,f5a4ea46fbb89966ed949bf6ea81e8208c55b43ee77989725fa149b4b919a797,42,ONE_UNIT_SPAWN_UNAVAILABLE,ONE_UNIT_SPAWN_UNAVAILABLE,1,True,
train,map_001438.csv,f5bde44004b23fa60578ad9c0504002b4cbed6ccf4f95b41c6856608a543c14e,42,ONE_UNIT_SPAWN_UNAVAILABLE,ONE_UNIT_SPAWN_UNAVAILABLE,1,True,
train,map_001997.csv,f5d23165c3edf164f01b32c00eb332a3dd576fce4bee14acb2db1225958e3cb9,42,ONE_UNIT_SPAWN_UNAVAILABLE,ONE_UNIT_SPAWN_UNAVAILABLE,1,True,
train,map_004182.csv,f5dfffdaa1ff72449ef839fc7cf11bf4e179c0457417eb68f77b822d18b9b7bf,42,ONE_UNIT_SPAWN_UNAVAILABLE,ONE_UNIT_SPAWN_UNAVAILABLE,1,True,
train,map_005072.csv,f5f124cd01c624a035ae3ee391442ba2f9e4b7171b594aa011f452ce150a5228,42,ONE_UNIT_SPAWN_UNAVAILABLE,ONE_UNIT_SPAWN_UNAVAILABLE,1,True,
train,map_004564.csv,f6022066f5b32b5bdccd25160505077957e06dc1930dc9d5b5f51982d06bee32,42,ONE_UNIT_SPAWN_UNAVAILABLE,ONE_UNIT_SPAWN_UNAVAILABLE,1,True,
train,map_003945.csv,f642bddc9c637ffb550fcd712a55aa0acf59f36bb4ee6cdb5caa66ed54301f1f,42,ONE_UNIT_SPAWN_UNAVAILABLE,ONE_UNIT_SPAWN_UNAVAILABLE,1,True,
train,map_001477.csv,f64a368e7d52090a48b919d3d1cd4759ec0f770ede3dc6182abde51b7d996e2e,42,ONE_UNIT_SPAWN_UNAVAILABLE,ONE_UNIT_SPAWN_UNAVAILABLE,1,True,
train,map_005142.csv,f6dca5cda7d034b15978be831befdf31d96cb0b38fef9712ef0a3b9874a66850,42,ONE_UNIT_SPAWN_UNAVAILABLE,ONE_UNIT_SPAWN_UNAVAILABLE,1,True,
train,map_005500.csv,f6dcd77dff462d3d82062931943549c46235c97bfcfbc9d062b279d3cfe890fe,42,ONE_UNIT_SPAWN_UNAVAILABLE,ONE_UNIT_SPAWN_UNAVAILABLE,1,True,
train,map_002642.csv,f6e1448155e4b5b47794cb0bbc1a18e7da4c4457b3aeefde39a174e252bfcb1c,42,ONE_UNIT_SPAWN_UNAVAILABLE,ONE_UNIT_SPAWN_UNAVAILABLE,1,True,
train,map_005273.csv,f6f2a2d65bde661d9ba28a2b66ddae86aa985c523d8ac422feea0bc6d62cc038,42,ONE_UNIT_SPAWN_UNAVAILABLE,ONE_UNIT_SPAWN_UNAVAILABLE,1,True,
train,map_004197.csv,f7076be60f9fb72d6dcff177344221c3c94c539ad6e6b7582467111c314eb7cc,42,ONE_UNIT_SPAWN_UNAVAILABLE,ONE_UNIT_SPAWN_UNAVAILABLE,1,True,
train,map_003198.csv,f70adb60e5626d55baac77349dff842b4ef9b56dd4f1d7b83da7ce5219fe41fd,42,ONE_UNIT_SPAWN_UNAVAILABLE,ONE_UNIT_SPAWN_UNAVAILABLE,1,True,
train,map_001818.csv,f7135c478eb11c30b79059bbf8fc4553793949bec56349e1a9731073d8ac17b5,42,ONE_UNIT_SPAWN_UNAVAILABLE,ONE_UNIT_SPAWN_UNAVAILABLE,1,True,
train,map_004436.csv,f717948b23a9dce251bade8dfd293cdb2b417427cbf8e8404b2d45539cc2d537,42,ONE_UNIT_SPAWN_UNAVAILABLE,ONE_UNIT_SPAWN_UNAVAILABLE,1,True,
train,map_000866.csv,f728ab447efee5027b7d20fb9308849af0939eb3809b4b3966b8c28e4c19d901,42,ONE_UNIT_SPAWN_UNAVAILABLE,ONE_UNIT_SPAWN_UNAVAILABLE,1,True,
train,map_001882.csv,f742844b9d4f394a02a349edbb6b7f754b227da87efa0ae36c3cacc245985815,42,ONE_UNIT_SPAWN_UNAVAILABLE,ONE_UNIT_SPAWN_UNAVAILABLE,1,True,
train,map_005391.csv,f74cfae522cdb2004bbec3b45da6d99adfcb3387d41d91f0ecb24b157726e96b,42,ONE_UNIT_SPAWN_UNAVAILABLE,ONE_UNIT_SPAWN_UNAVAILABLE,1,True,
train,map_002839.csv,f755dfb8e4eef65c13e361e76bd57779cfb9285469387682b280eb5afb295a88,42,ONE_UNIT_SPAWN_UNAVAILABLE,ONE_UNIT_SPAWN_UNAVAILABLE,1,True,
train,map_003607.csv,f7ad9e9bef9ebbb0269e447265f7512557dafb52cdbf97681998255a46ed1d4d,42,ONE_UNIT_SPAWN_UNAVAILABLE,ONE_UNIT_SPAWN_UNAVAILABLE,1,True,
train,map_005217.csv,f7c3c06b1352a7cefdaf32df399481556d29033671ba9eda2ffd20b3acca5d7e,42,ONE_UNIT_SPAWN_UNAVAILABLE,ONE_UNIT_SPAWN_UNAVAILABLE,1,True,
train,map_003430.csv,f7c5ac34cf22daceaf711bce71c27cee7aef379cbdc472ce61c3deac354a2426,42,ONE_UNIT_SPAWN_UNAVAILABLE,ONE_UNIT_SPAWN_UNAVAILABLE,1,True,
train,map_003833.csv,f7ca3e400cfcd3caa884653cd8cd2e4b36375fbccbe2a7e39f03ff0c032e4e3d,42,ONE_UNIT_SPAWN_UNAVAILABLE,ONE_UNIT_SPAWN_UNAVAILABLE,1,True,
train,map_002398.csv,f7cb1f6110d2d47668a96d651d18ea4573c071779adbe7e095bf991e2b98a0a7,42,ONE_UNIT_SPAWN_UNAVAILABLE,ONE_UNIT_SPAWN_UNAVAILABLE,1,True,
train,map_000375.csv,f7d2445e67a947fb64878b6ebe169e88ff593c6d8637b917a374c2cd40588240,42,ONE_UNIT_SPAWN_UNAVAILABLE,ONE_UNIT_SPAWN_UNAVAILABLE,1,True,
train,map_003736.csv,f7f004938b11937b7d1e4b17104296b30292391ce3c1b4741a653f8ea8c1ee38,42,ONE_UNIT_SPAWN_UNAVAILABLE,ONE_UNIT_SPAWN_UNAVAILABLE,1,True,
train,map_003473.csv,f7f42931bca4f8eb3783686ab1d2168670f515ec4002cea898084ac4377a5274,42,ONE_UNIT_SPAWN_UNAVAILABLE,ONE_UNIT_SPAWN_UNAVAILABLE,1,True,
train,map_000219.csv,f80000cc63dfafcb3c77c96609f2333a73b203b76ef859ebc7d0101fd1b4bb64,42,ONE_UNIT_SPAWN_UNAVAILABLE,ONE_UNIT_SPAWN_UNAVAILABLE,1,True,
train,map_005017.csv,f80fdb27c4e23a047ec8651195089cb394cb58d77e03c067ea83e3b1d948db52,42,ONE_UNIT_SPAWN_UNAVAILABLE,ONE_UNIT_SPAWN_UNAVAILABLE,1,True,
train,map_001167.csv,f841b1b41a0a18f204f63f859b8b39005b638a2e405f46bf605d4e758cf70d77,42,ONE_UNIT_SPAWN_UNAVAILABLE,ONE_UNIT_SPAWN_UNAVAILABLE,1,True,
train,map_002332.csv,f8635ee433658a14a3ecdb04f1ae29c6abf6f959e8caa40d7b99525aaa1205f9,42,ONE_UNIT_SPAWN_UNAVAILABLE,ONE_UNIT_SPAWN_UNAVAILABLE,1,True,
train,map_004884.csv,f8651f9d3963b84486e7b31d17e6e3f66e0dbb022c23f240e1940e093197d63a,42,ONE_UNIT_SPAWN_UNAVAILABLE,ONE_UNIT_SPAWN_UNAVAILABLE,1,True,
train,map_001681.csv,f86a9b497ff6bc0b2ac50fe171f56ffbda4aaa08aa3dde37bad62ee39823476d,42,ONE_UNIT_SPAWN_UNAVAILABLE,ONE_UNIT_SPAWN_UNAVAILABLE,1,True,
train,map_003839.csv,f86b78f7347150ea4ecf22f7c8ca3ce08d685e0ca2544b49c506aead6f30f20c,42,ONE_UNIT_SPAWN_UNAVAILABLE,ONE_UNIT_SPAWN_UNAVAILABLE,1,True,
train,map_002245.csv,f87df99bec6fee97ef0eccce0f27a554bc995aac5e6ada227a6c027281cbdbd2,42,ONE_UNIT_SPAWN_UNAVAILABLE,ONE_UNIT_SPAWN_UNAVAILABLE,1,True,
train,map_005458.csv,f8acb56457ee677a35be8f949e9e0a15a5d9d95a9ca197630d2619a917f9998a,42,ONE_UNIT_SPAWN_UNAVAILABLE,ONE_UNIT_SPAWN_UNAVAILABLE,1,True,
train,map_000197.csv,f8b2592531cb171da4f7dc7ee1cf20cab4675c5c2c8496811313f760481e4394,42,ONE_UNIT_SPAWN_UNAVAILABLE,ONE_UNIT_SPAWN_UNAVAILABLE,1,True,
train,map_000954.csv,f8b3f6d77ef97ca03e49c2e59ae2f765e60a4b2208fec55f919260d9ae1d6363,42,ONE_UNIT_SPAWN_UNAVAILABLE,ONE_UNIT_SPAWN_UNAVAILABLE,1,True,
train,map_005195.csv,f8b60b7f55d853253131479f88582bafc4429b045011944260beecb02b89c1ee,42,ONE_UNIT_SPAWN_UNAVAILABLE,ONE_UNIT_SPAWN_UNAVAILABLE,1,True,
train,map_002250.csv,f8bb3eb7cc5d0db7060c6ae9cb962a2f54dc78901b483b2e2bc63e55cde2e44a,42,ONE_UNIT_SPAWN_UNAVAILABLE,ONE_UNIT_SPAWN_UNAVAILABLE,1,True,
train,map_004288.csv,f8e7ed4bf92923a13e5ac4ada58a41129168d2ee212903f4731ff3f7258f3060,42,ONE_UNIT_SPAWN_UNAVAILABLE,ONE_UNIT_SPAWN_UNAVAILABLE,1,True,
train,map_001685.csv,f94c8d824c4e5a428ca8b96ef43bc398249e9d47892e6f88fda4c3f84479a2c5,42,ONE_UNIT_SPAWN_UNAVAILABLE,ONE_UNIT_SPAWN_UNAVAILABLE,1,True,
train,map_001975.csv,f94f8a069a919c94359246ef0ac94c11682341863d2c2675c8a5889b5d7bae01,42,ONE_UNIT_SPAWN_UNAVAILABLE,ONE_UNIT_SPAWN_UNAVAILABLE,1,True,
train,map_005424.csv,f9696fa832491a55fa0d9c100b86c8a2c6325ea3ef188656303100cb0cfce206,42,ONE_UNIT_SPAWN_UNAVAILABLE,ONE_UNIT_SPAWN_UNAVAILABLE,1,True,
train,map_002356.csv,f96abd3e76cc111f632bc33fc7767b34dd6c20fbad553aee695dfea44532c9d7,42,ONE_UNIT_SPAWN_UNAVAILABLE,ONE_UNIT_SPAWN_UNAVAILABLE,1,True,
train,map_002362.csv,f974e601394754ba9b1e48e6587d7670b8a46b0a9dd94e211d09516bd91c0d42,42,ONE_UNIT_SPAWN_UNAVAILABLE,ONE_UNIT_SPAWN_UNAVAILABLE,1,True,
train,map_002955.csv,f9778a23b1d56ea79f32a28137320dbc2ffb29b5f7095680a62a851c9e8a7ffc,42,ONE_UNIT_SPAWN_UNAVAILABLE,ONE_UNIT_SPAWN_UNAVAILABLE,1,True,
train,map_000872.csv,f9953d380705f219ac070a4e1a1799a88e825f5d7c2a881d10ec2534e680d288,42,ONE_UNIT_SPAWN_UNAVAILABLE,ONE_UNIT_SPAWN_UNAVAILABLE,1,True,
train,map_003494.csv,f995501336e2b8de6c61f4752a1d56b0aa5645b956ee892762bc1eea4b51e3ac,42,ONE_UNIT_SPAWN_UNAVAILABLE,ONE_UNIT_SPAWN_UNAVAILABLE,1,True,
train,map_003083.csv,f9bc366a894b0650bb78a9e4b366502ae66ff65bbe6ec78e2be526e4de69f52a,42,ONE_UNIT_SPAWN_UNAVAILABLE,ONE_UNIT_SPAWN_UNAVAILABLE,1,True,
train,map_001052.csv,fa259a3cc2b9773c047ac85041dd7472ee87e8c3995f69e13b46358de045485f,42,ONE_UNIT_SPAWN_UNAVAILABLE,ONE_UNIT_SPAWN_UNAVAILABLE,1,True,
train,map_004238.csv,fa8434306f1466815dcee130add9ebbe92c464716e445a57d68b846b6856cd4b,42,ONE_UNIT_SPAWN_UNAVAILABLE,ONE_UNIT_SPAWN_UNAVAILABLE,1,True,
train,map_004950.csv,fa8d0d7a96a0fee5cda64be1f30ed57f44f4cf1691855efb610ac2247da82278,42,ONE_UNIT_SPAWN_UNAVAILABLE,ONE_UNIT_SPAWN_UNAVAILABLE,1,True,
train,map_002940.csv,fab2575853dc978a8d7156d190d747b5f5450161b57a3a849dd631e4ef851968,42,ONE_UNIT_SPAWN_UNAVAILABLE,ONE_UNIT_SPAWN_UNAVAILABLE,1,True,
train,map_003895.csv,fad97ef65b77081802c71ed2ab50936ac74d682220af5ee4ef124db376974666,42,ONE_UNIT_SPAWN_UNAVAILABLE,ONE_UNIT_SPAWN_UNAVAILABLE,1,True,
train,map_004063.csv,fade6296f2b738850f58ff420fcbe1941617e634ae6618740c40cd67c9815b28,42,ONE_UNIT_SPAWN_UNAVAILABLE,ONE_UNIT_SPAWN_UNAVAILABLE,1,True,
train,map_001290.csv,faec2f44e0cdd787fc99321dfdc7d79b176541bb7fccfa89e999cc6c9f3048ab,42,ONE_UNIT_SPAWN_UNAVAILABLE,ONE_UNIT_SPAWN_UNAVAILABLE,1,True,
train,map_000764.csv,fb661ae33929a72fc31d74eca39a8cc11a06f6a2d57e3c87853d88783c5d7aca,42,ONE_UNIT_SPAWN_UNAVAILABLE,ONE_UNIT_SPAWN_UNAVAILABLE,1,True,
train,map_003769.csv,fba16a920c4e288e2b94346689aeba6576ba95fd81aca5860e312cc31b508517,42,ONE_UNIT_SPAWN_UNAVAILABLE,ONE_UNIT_SPAWN_UNAVAILABLE,1,True,
train,map_004684.csv,fbb7e4b3b12a1ac0d8464ad8c1c899794d0efaaa9098bd6d2b5efbc6f7b39e77,42,ONE_UNIT_SPAWN_UNAVAILABLE,ONE_UNIT_SPAWN_UNAVAILABLE,1,True,
train,map_004932.csv,fbc5eeeaefe2c5e314513374c570aeb56b9eb089cf6b0b2c1764b1c79bfd283f,42,ONE_UNIT_SPAWN_UNAVAILABLE,ONE_UNIT_SPAWN_UNAVAILABLE,1,True,
train,map_003567.csv,fbc62242ef9a649c824ecbeac2a05db26995ee690497f05e72773994f89fbdf6,42,ONE_UNIT_SPAWN_UNAVAILABLE,ONE_UNIT_SPAWN_UNAVAILABLE,1,True,
train,map_000823.csv,fbe70eaa06ef6e2445e885649ac444d033f5e66af63212acde37005bdddf49de,42,ONE_UNIT_SPAWN_UNAVAILABLE,ONE_UNIT_SPAWN_UNAVAILABLE,1,True,
train,map_003089.csv,fc09f01fb062d8232fa70507e3a298b11a3d9ddeb80a35d78356016f2f9073ac,42,ONE_UNIT_SPAWN_UNAVAILABLE,ONE_UNIT_SPAWN_UNAVAILABLE,1,True,
train,map_000891.csv,fc0ef3707bb0d1363958017ee5a084c896f8780e561d530d60e25d1f85425133,42,ONE_UNIT_SPAWN_UNAVAILABLE,ONE_UNIT_SPAWN_UNAVAILABLE,1,True,
train,map_002107.csv,fc107130dabcda49c3146c9f2644e1867446dab8773246a3f56ad8b37d42bcf9,42,ONE_UNIT_SPAWN_UNAVAILABLE,ONE_UNIT_SPAWN_UNAVAILABLE,1,True,
train,map_003654.csv,fc6c20e1548fba40d202804723360ee0d9d9a4aef995d9d3378cb02515aa683b,42,ONE_UNIT_SPAWN_UNAVAILABLE,ONE_UNIT_SPAWN_UNAVAILABLE,1,True,
train,map_000416.csv,fc94d22923583ad02a76db34422e05623ff37bc539eb9925dd105633a7c2d055,42,ONE_UNIT_SPAWN_UNAVAILABLE,ONE_UNIT_SPAWN_UNAVAILABLE,1,True,
train,map_000707.csv,fd35d92113327d22f90ba330d4dc8c3e757644188d96484f65755a21042a1ec5,42,ONE_UNIT_SPAWN_UNAVAILABLE,ONE_UNIT_SPAWN_UNAVAILABLE,1,True,
train,map_000854.csv,fd4e029c2058d6aefc0096e326c19f9df5145788e82843d84d58451a0a46278b,42,ONE_UNIT_SPAWN_UNAVAILABLE,ONE_UNIT_SPAWN_UNAVAILABLE,1,True,
train,map_003274.csv,fd9dadef2f49328eb512ad3260bc601570a2b4b40a9c82acf595f17e57ed0557,42,ONE_UNIT_SPAWN_UNAVAILABLE,ONE_UNIT_SPAWN_UNAVAILABLE,1,True,
train,map_003055.csv,fdb8d35b864ebdec1df749065a0b3c0c0c5de0e1b16363cd7f37dbad147c4a15,42,ONE_UNIT_SPAWN_UNAVAILABLE,ONE_UNIT_SPAWN_UNAVAILABLE,1,True,
train,map_000644.csv,fdbf813a93921be8a48f37fe17c4aaed11f1e45c15e504d695f533715f91e4e4,42,ONE_UNIT_SPAWN_UNAVAILABLE,ONE_UNIT_SPAWN_UNAVAILABLE,1,True,
train,map_005087.csv,fdc3f6073d360e8fa263412a1081a0889524d4e088304e3822584932d2d21558,42,ONE_UNIT_SPAWN_UNAVAILABLE,ONE_UNIT_SPAWN_UNAVAILABLE,1,True,
train,map_002591.csv,fde57f38e351145e39ab4a3955fbe5ba9a007e6fbde2b7dc56e39340990a1d28,42,ONE_UNIT_SPAWN_UNAVAILABLE,ONE_UNIT_SPAWN_UNAVAILABLE,1,True,
train,map_001339.csv,fe18ad0d31818d0f536ca3167f0cb68b4b12a7c7473acdb1bf4d714a0112665c,42,ONE_UNIT_SPAWN_UNAVAILABLE,ONE_UNIT_SPAWN_UNAVAILABLE,1,True,
train,map_001714.csv,fe2f254f85125cc8204081e9841ccf25a25e04808bae37be9ba29403c2e333e2,42,ONE_UNIT_SPAWN_UNAVAILABLE,ONE_UNIT_SPAWN_UNAVAILABLE,1,True,
train,map_000638.csv,fe30e26db078b4d35d3873c9b138428c2dae0fdecf8554bf5acd5b96496e30d5,42,ONE_UNIT_SPAWN_UNAVAILABLE,ONE_UNIT_SPAWN_UNAVAILABLE,1,True,
train,map_000096.csv,fe44a50156115671876ea712c7e1d8382ede042e8394b31e5eba34cf9be1bae9,42,ONE_UNIT_SPAWN_UNAVAILABLE,ONE_UNIT_SPAWN_UNAVAILABLE,1,True,
train,map_005297.csv,fe612fa282b135ace7a902785e94b2a9fc17622ddd5cd916b9f32ae6f3624678,42,ONE_UNIT_SPAWN_UNAVAILABLE,ONE_UNIT_SPAWN_UNAVAILABLE,1,True,
train,map_000401.csv,fe6320118320cfc4f64bc0f976176df976b2951aab5188287b22f4b62d016afa,42,ONE_UNIT_SPAWN_UNAVAILABLE,ONE_UNIT_SPAWN_UNAVAILABLE,1,True,
train,map_001351.csv,fe812fe4904636d7fe13a7f343cd826df614e559ba13b957d044f7d5332edb93,42,ONE_UNIT_SPAWN_UNAVAILABLE,ONE_UNIT_SPAWN_UNAVAILABLE,1,True,
train,map_002669.csv,fe90c83284aa9754d61c95944242ed08770dd1170e0fa94c4d746e4665d4a463,42,ONE_UNIT_SPAWN_UNAVAILABLE,ONE_UNIT_SPAWN_UNAVAILABLE,1,True,
train,map_001604.csv,feaab0380f261fe43c084896f47d39a2837836fe30152a7dc46955d8d106f758,42,ONE_UNIT_SPAWN_UNAVAILABLE,ONE_UNIT_SPAWN_UNAVAILABLE,1,True,
train,map_001132.csv,fead31d41c291036995a3a4506f616e116f9ada57d67050939697f170f7f64c9,42,ONE_UNIT_SPAWN_UNAVAILABLE,ONE_UNIT_SPAWN_UNAVAILABLE,1,True,
train,map_003208.csv,feb0cc65a3683f8f5b6903090c384e457bd44a29b45260673b41a6d732e77ef2,42,ONE_UNIT_SPAWN_UNAVAILABLE,ONE_UNIT_SPAWN_UNAVAILABLE,1,True,
train,map_005174.csv,febeed3d6b74c192c925f125be3dd3c81c51e3c6a5a74d10d19c2c0f1a30fb03,42,ONE_UNIT_SPAWN_UNAVAILABLE,ONE_UNIT_SPAWN_UNAVAILABLE,1,True,
train,map_001256.csv,fed835d092b5c818e41883c5c455442e8925c0bd980606522342eed08cb002c5,42,ONE_UNIT_SPAWN_UNAVAILABLE,ONE_UNIT_SPAWN_UNAVAILABLE,1,True,
train,map_000824.csv,fedfd8b87f4ef95c4a4b30f5adc5ad82630a612d63d7b0926a8c94fa05645b4a,42,ONE_UNIT_SPAWN_UNAVAILABLE,ONE_UNIT_SPAWN_UNAVAILABLE,1,True,
train,map_004509.csv,ff4987bc186d7f671e679de105fcc1b081578fa4aab976ddb46df2c2d12c808d,42,ONE_UNIT_SPAWN_UNAVAILABLE,ONE_UNIT_SPAWN_UNAVAILABLE,1,True,
train,map_002597.csv,ff4d8ba33133eb082e794fad3f96daa657525f0f02ceb563f9b680825929e44f,42,ONE_UNIT_SPAWN_UNAVAILABLE,ONE_UNIT_SPAWN_UNAVAILABLE,1,True,
train,map_005280.csv,ff59361497d59c4326882d24a015c68679c10667f55a1cf0638560bc72ec8605,42,ONE_UNIT_SPAWN_UNAVAILABLE,ONE_UNIT_SPAWN_UNAVAILABLE,1,True,
train,map_002360.csv,ff74b02c9428759d9239e6eab59d42fc3778e1dee47e4bb4e6b1cba08fe38b1f,42,ONE_UNIT_SPAWN_UNAVAILABLE,ONE_UNIT_SPAWN_UNAVAILABLE,1,True,
train,map_005463.csv,ff8a0c2c83daada1fcbd557263bb22da42a81aa3b3f7625026574be97a428213,42,ONE_UNIT_SPAWN_UNAVAILABLE,ONE_UNIT_SPAWN_UNAVAILABLE,1,True,
train,map_005149.csv,ff9baa239eeef918265eb8f1a63434266703670666cd5560833863a69add72ed,42,ONE_UNIT_SPAWN_UNAVAILABLE,ONE_UNIT_SPAWN_UNAVAILABLE,1,True,
train,map_001426.csv,ffa35deb6cbfd166cd7fb90fc4a50cdd0f9b676e4d9d6ecd81f570d8592e55ac,42,ONE_UNIT_SPAWN_UNAVAILABLE,ONE_UNIT_SPAWN_UNAVAILABLE,1,True,
train,map_004303.csv,ffa51d008f9731a172cdb92f93e234c53cc9e0c0b437b0636908d9512cfc63c9,42,ONE_UNIT_SPAWN_UNAVAILABLE,ONE_UNIT_SPAWN_UNAVAILABLE,1,True,
validation,map_001541.csv,051e3301a797481ebbabb5f2fc8b2a9295394976de24c09b0fd8f7bffed8895c,42,ONE_UNIT_SPAWN_UNAVAILABLE,ONE_UNIT_SPAWN_UNAVAILABLE,1,True,
validation,map_004642.csv,05274be3f8f4daaddcdafe73321b2fd994fed4eb113611114dc70f350d732d85,42,ONE_UNIT_SPAWN_UNAVAILABLE,ONE_UNIT_SPAWN_UNAVAILABLE,1,True,
validation,map_001329.csv,05b9b05c95d841293d97162a61cb5c76da885a570aad575679edd625bb0322e4,42,ONE_UNIT_SPAWN_UNAVAILABLE,ONE_UNIT_SPAWN_UNAVAILABLE,1,True,
validation,map_004054.csv,0881cff9b1a6288b9c5bf77f663799b0a340a6e56ed74a3a20fbfa7f39232ae3,42,ONE_UNIT_SPAWN_UNAVAILABLE,ONE_UNIT_SPAWN_UNAVAILABLE,1,True,
validation,map_003277.csv,0af06ec7971215d2fa163d87f3d30fe9d50b3b3fb733cc8e498e7c082440f386,42,ONE_UNIT_SPAWN_UNAVAILABLE,ONE_UNIT_SPAWN_UNAVAILABLE,1,True,
validation,map_004692.csv,0d183015450863938822055e3115b53be56639c0941a3e0df3885079f7cfe5e7,42,ONE_UNIT_SPAWN_UNAVAILABLE,ONE_UNIT_SPAWN_UNAVAILABLE,1,True,
validation,map_004333.csv,0d406bc2c80b9d134112b4867ab0152495447addc15f80b62c047bcd2bca5da3,42,ONE_UNIT_SPAWN_UNAVAILABLE,ONE_UNIT_SPAWN_UNAVAILABLE,1,True,
validation,map_001635.csv,12ead22370bf7120ba9c4a0a870bc8b0dfd8782d0dfd1ce10254d297b8ece520,42,ONE_UNIT_SPAWN_UNAVAILABLE,ONE_UNIT_SPAWN_UNAVAILABLE,1,True,
validation,map_003902.csv,131d2c52f2617eadf83f3c560b4f0c870fb110802b59cc700aedb67574c8e9b4,42,ONE_UNIT_SPAWN_UNAVAILABLE,ONE_UNIT_SPAWN_UNAVAILABLE,1,True,
validation,map_000723.csv,1320435f9e37a7e5cc31739e048ce8f17481ff623b031ff6a323c5b9b69ec5c8,42,ONE_UNIT_SPAWN_UNAVAILABLE,ONE_UNIT_SPAWN_UNAVAILABLE,1,True,
validation,map_001751.csv,13df9b00820e0042a83944f2b39977e6a6612610cf0f6f5b92868b3aa337271a,42,ONE_UNIT_SPAWN_UNAVAILABLE,ONE_UNIT_SPAWN_UNAVAILABLE,1,True,
validation,map_004049.csv,19bea1964ccc6b24c3b89e6288c12ed427e9ef898bed3abcd3c65c6836484af3,42,ONE_UNIT_SPAWN_UNAVAILABLE,ONE_UNIT_SPAWN_UNAVAILABLE,1,True,
validation,map_001747.csv,1be7659536620a91c4750518ee1adf56a0005f06570d4624f8a104722ad6d507,42,ONE_UNIT_SPAWN_UNAVAILABLE,ONE_UNIT_SPAWN_UNAVAILABLE,1,True,
validation,map_004254.csv,1ca8c57ac22ee4d7ca4faf1736bfe98c5a28db349afa0bf5743fc702c57c5087,42,ONE_UNIT_SPAWN_UNAVAILABLE,ONE_UNIT_SPAWN_UNAVAILABLE,1,True,
validation,map_000293.csv,1f3346ac8bd01d356c9ab4fa748673c3ccb24ce1b80843068d16f86e46c4df70,42,ONE_UNIT_SPAWN_UNAVAILABLE,ONE_UNIT_SPAWN_UNAVAILABLE,1,True,
validation,map_000080.csv,22498ef2fbdd499c79bb976f020084586e8b7b3bbd5d2bb28b211aecfdc872d3,42,ONE_UNIT_SPAWN_UNAVAILABLE,ONE_UNIT_SPAWN_UNAVAILABLE,1,True,
validation,map_002916.csv,2514e51e0cb800fea6cef8f6d636888ea96e334c7841719634f39a4394cf60ea,42,ONE_UNIT_SPAWN_UNAVAILABLE,ONE_UNIT_SPAWN_UNAVAILABLE,1,True,
validation,map_002677.csv,253ad820977c2d03f04338e67499c4ed2b58cadc26d043d1969d0dc770dcd090,42,ONE_UNIT_SPAWN_UNAVAILABLE,ONE_UNIT_SPAWN_UNAVAILABLE,1,True,
validation,map_004756.csv,2ad39d506da289a6e627604e42805a13e2def299d6f4238429100fbb85a533e9,42,ONE_UNIT_SPAWN_UNAVAILABLE,ONE_UNIT_SPAWN_UNAVAILABLE,1,True,
validation,map_004850.csv,2cf0a1e16fb4240d7e3fb033c8ec822fe861b7e53818886ede0d4884fa090e20,42,ONE_UNIT_SPAWN_UNAVAILABLE,ONE_UNIT_SPAWN_UNAVAILABLE,1,True,
validation,map_001171.csv,2d51c0d2db442d54d23b0c518d4a8bd571a28b8c9e258f1bdca5e4b9cba50c3f,42,ONE_UNIT_SPAWN_UNAVAILABLE,ONE_UNIT_SPAWN_UNAVAILABLE,1,True,
validation,map_002141.csv,2ec40027177eb099844678b0ee26c4197e87088cba46e9239807fc79f7e59a86,42,ONE_UNIT_SPAWN_UNAVAILABLE,ONE_UNIT_SPAWN_UNAVAILABLE,1,True,
validation,map_004817.csv,37c6e846447642a25a46cd7d178f496c6ad50863357a4f156e7ee9e19da62f82,42,ONE_UNIT_SPAWN_UNAVAILABLE,ONE_UNIT_SPAWN_UNAVAILABLE,1,True,
validation,map_000237.csv,3853150d9ad8411b0811dcf2d13cee7d2d96136387dd15afdbe403910be432a1,42,ONE_UNIT_SPAWN_UNAVAILABLE,ONE_UNIT_SPAWN_UNAVAILABLE,1,True,
validation,map_002341.csv,3b2f15a5d9292ff13ebc7b95e7d78196e3cf73cbcf7572bc9779d40ccf443e27,42,ONE_UNIT_SPAWN_UNAVAILABLE,ONE_UNIT_SPAWN_UNAVAILABLE,1,True,
validation,map_002988.csv,3bfddd0fd07dddec868f9d0cae59679e216feae073b797e6e1c960f332b7977e,42,ONE_UNIT_SPAWN_UNAVAILABLE,ONE_UNIT_SPAWN_UNAVAILABLE,1,True,
validation,map_001938.csv,3c53aef73c838dd88d2dd0ff2030a4079920872cfe722956410be7f25d906786,42,ONE_UNIT_SPAWN_UNAVAILABLE,ONE_UNIT_SPAWN_UNAVAILABLE,1,True,
validation,map_004460.csv,496dda3e24b3c8ef41fcfa9205967a4565e01da138a1913a6fb309e621c2efc5,42,ONE_UNIT_SPAWN_UNAVAILABLE,ONE_UNIT_SPAWN_UNAVAILABLE,1,True,
validation,map_000249.csv,49dc601be77fe759e649ecc9eaf2778beed0d441f6a87df50e73eaa2b4e71525,42,ONE_UNIT_SPAWN_UNAVAILABLE,ONE_UNIT_SPAWN_UNAVAILABLE,1,True,
validation,map_001217.csv,4a798a10094177be76ccc60686ae2bd3194cf894e27897fd89af4c753c4e514c,42,ONE_UNIT_SPAWN_UNAVAILABLE,ONE_UNIT_SPAWN_UNAVAILABLE,1,True,
validation,map_001023.csv,4ae1e3219bb0348d178a974a69b0dce578a50a0c43a963bda96c4c5b8b56920d,42,ONE_UNIT_SPAWN_UNAVAILABLE,ONE_UNIT_SPAWN_UNAVAILABLE,1,True,
validation,map_002491.csv,4b052c05f19c0a7276ee48e81b1eda28a7c62b6a412f0d65817b31cb269c827d,42,ONE_UNIT_SPAWN_UNAVAILABLE,ONE_UNIT_SPAWN_UNAVAILABLE,1,True,
validation,map_000920.csv,4d8f6863b9a03ff08f64f92b3b1b6dc0961137819011cce620d5cd93658d817c,42,ONE_UNIT_SPAWN_UNAVAILABLE,ONE_UNIT_SPAWN_UNAVAILABLE,1,True,
validation,map_002342.csv,4f8ddd45ae2d51040fb07dd2dc1478cc31b7fda7d1680dbb7aa98a0726a9413f,42,ONE_UNIT_SPAWN_UNAVAILABLE,ONE_UNIT_SPAWN_UNAVAILABLE,1,True,
validation,map_003211.csv,4fa60d709a358390bc9f631308c648145f631d22effa9db7821b78e86a71cc36,42,ONE_UNIT_SPAWN_UNAVAILABLE,ONE_UNIT_SPAWN_UNAVAILABLE,1,True,
validation,map_001259.csv,549135defb19aba8a5d55f793a004878e64fa8ec67774b54d351bdabc65f033e,42,ONE_UNIT_SPAWN_UNAVAILABLE,ONE_UNIT_SPAWN_UNAVAILABLE,1,True,
validation,map_001758.csv,56a6bd1ec802972320557e6dea25d38fb7833df4d063ceb9bf2a52e55ed211e1,42,ONE_UNIT_SPAWN_UNAVAILABLE,ONE_UNIT_SPAWN_UNAVAILABLE,1,True,
validation,map_000095.csv,5718d18de58e58f6f20902d58a0c74f632de6cca7da41b0acec158221e985566,42,ONE_UNIT_SPAWN_UNAVAILABLE,ONE_UNIT_SPAWN_UNAVAILABLE,1,True,
validation,map_000967.csv,573481f7da520429b57e55cf803455f1ad749afa12619372611e2016ee2f234f,42,ONE_UNIT_SPAWN_UNAVAILABLE,ONE_UNIT_SPAWN_UNAVAILABLE,1,True,
validation,map_003461.csv,5dde21ad01bf1cc67c99329fe1a08936a836fd91b130e28b619f9d58d2b43de5,42,ONE_UNIT_SPAWN_UNAVAILABLE,ONE_UNIT_SPAWN_UNAVAILABLE,1,True,
validation,map_000056.csv,5e004209b9b7dcc9afb591479fee1cb41f02a71021e127eeab66dd63ca086bf3,42,ONE_UNIT_SPAWN_UNAVAILABLE,ONE_UNIT_SPAWN_UNAVAILABLE,1,True,
validation,map_000930.csv,62b4dc6471d85a9ada3d05aebb415c2d7e7fd6a33d78db0e112a223977f81942,42,ONE_UNIT_SPAWN_UNAVAILABLE,ONE_UNIT_SPAWN_UNAVAILABLE,1,True,
validation,map_004872.csv,66be2642705051db5bc7873bfc6a80367d44659024547824146cd2ad11ed4ae1,42,ONE_UNIT_SPAWN_UNAVAILABLE,ONE_UNIT_SPAWN_UNAVAILABLE,1,True,
validation,map_003155.csv,6730dbf492bbe89269c6535f7747df1f674f9c95a018a2066eea62a397d2abf2,42,ONE_UNIT_SPAWN_UNAVAILABLE,ONE_UNIT_SPAWN_UNAVAILABLE,1,True,
validation,map_004928.csv,67c09d5e8225566558329e03fd3f7d252df90419c0f69245577794146163581f,42,ONE_UNIT_SPAWN_UNAVAILABLE,ONE_UNIT_SPAWN_UNAVAILABLE,1,True,
validation,map_002345.csv,6b14563c552acee3a236b52c8bc75cddd389de4c4bf1a271c4af4826e08492d8,42,ONE_UNIT_SPAWN_UNAVAILABLE,ONE_UNIT_SPAWN_UNAVAILABLE,1,True,
validation,map_002433.csv,6bdeaf96493c80289a596f5bad661c1f26ce21ca737d33a7f07e9677cfaf22b1,42,ONE_UNIT_SPAWN_UNAVAILABLE,ONE_UNIT_SPAWN_UNAVAILABLE,1,True,
validation,map_000569.csv,6dac5a628462c81f30f6404c64f3eacc54c9f384e320eff40912aac0142e4fff,42,ONE_UNIT_SPAWN_UNAVAILABLE,ONE_UNIT_SPAWN_UNAVAILABLE,1,True,
validation,map_000023.csv,7082c8cab442da007b35b8479c3c9b8acbfa595761b30c9c834671349f512b07,42,ONE_UNIT_SPAWN_UNAVAILABLE,ONE_UNIT_SPAWN_UNAVAILABLE,1,True,
validation,map_001123.csv,70e5fa21f8a363babdbe2f82c370c86ab1892c204acc98077ca3dbcc131c17dd,42,ONE_UNIT_SPAWN_UNAVAILABLE,ONE_UNIT_SPAWN_UNAVAILABLE,1,True,
validation,map_001462.csv,77759a0b669ec25bfe7b4cad0d7f5cf88475ef8a449942411f2c2959bdd11515,42,ONE_UNIT_SPAWN_UNAVAILABLE,ONE_UNIT_SPAWN_UNAVAILABLE,1,True,
validation,map_004433.csv,786f2ef7321816cee7e3824a6808803164a5b9846b9fae130a0e08fd236f4664,42,ONE_UNIT_SPAWN_UNAVAILABLE,ONE_UNIT_SPAWN_UNAVAILABLE,1,True,
validation,map_000925.csv,7e3841996c2ea42f87649602306b068ced7752f7bf99f713ed45a41460767a22,42,ONE_UNIT_SPAWN_UNAVAILABLE,ONE_UNIT_SPAWN_UNAVAILABLE,1,True,
validation,map_003412.csv,81a563c595035419cf939da8404180c2bd775c65aaaf180f73fdc61e13c02d3f,42,ONE_UNIT_SPAWN_UNAVAILABLE,ONE_UNIT_SPAWN_UNAVAILABLE,1,True,
validation,map_003483.csv,833fd48966d223e582499c8e84d5404ef3ec253fb9a34c3a8f61d1bf22d7e93e,42,ONE_UNIT_SPAWN_UNAVAILABLE,ONE_UNIT_SPAWN_UNAVAILABLE,1,True,
validation,map_001679.csv,8517001a2a61eea5134f604e2c3fb076e64a046a742d6f05ddb2a27f87070c9e,42,ONE_UNIT_SPAWN_UNAVAILABLE,ONE_UNIT_SPAWN_UNAVAILABLE,1,True,
validation,map_002163.csv,85f6c141761ab503a5be0b179f8987c97a0eaf16fc4c207a8cde7400f294ed3f,42,ONE_UNIT_SPAWN_UNAVAILABLE,ONE_UNIT_SPAWN_UNAVAILABLE,1,True,
validation,map_000788.csv,8c16290dfe3ea4d6aea30e6e0303143b6571d7913e00032d444f44b1887d17af,42,ONE_UNIT_SPAWN_UNAVAILABLE,ONE_UNIT_SPAWN_UNAVAILABLE,1,True,
validation,map_005425.csv,9570922a6b012cfa93f82691059a68a3079774586c685ccf48dc8fb9000ba6a6,42,ONE_UNIT_SPAWN_UNAVAILABLE,ONE_UNIT_SPAWN_UNAVAILABLE,1,True,
validation,map_004480.csv,9714463301e44b8c40265637b170ba24b2b59f6dcf430e18add83cd593521b69,42,ONE_UNIT_SPAWN_UNAVAILABLE,ONE_UNIT_SPAWN_UNAVAILABLE,1,True,
validation,map_005205.csv,995b5b3f7fb81e42b8e966ca324651a990598502041a99791b71db41b807164a,42,ONE_UNIT_SPAWN_UNAVAILABLE,ONE_UNIT_SPAWN_UNAVAILABLE,1,True,
validation,map_004531.csv,9c11ee38e4a6ee5e66b59f92027cea7dc0a34d1204230134edbd67bd479577af,42,ONE_UNIT_SPAWN_UNAVAILABLE,ONE_UNIT_SPAWN_UNAVAILABLE,1,True,
validation,map_000257.csv,9c4e5b4b509d6c1272536892af8fd0dd14d5cd7ff2fbdb5f196bd9c50262007d,42,ONE_UNIT_SPAWN_UNAVAILABLE,ONE_UNIT_SPAWN_UNAVAILABLE,1,True,
validation,map_002505.csv,a1434980a306c5616dbf32bcbc12c04ef790635b0d1599a487f3188e32b40cba,42,ONE_UNIT_SPAWN_UNAVAILABLE,ONE_UNIT_SPAWN_UNAVAILABLE,1,True,
validation,map_001810.csv,a283bf407b493cd764236b6760e7983831c9b3c40952024670889cc49cbea35a,42,ONE_UNIT_SPAWN_UNAVAILABLE,ONE_UNIT_SPAWN_UNAVAILABLE,1,True,
validation,map_005304.csv,a5315f3cd08504e901b667168944cd7c6bb44b54d6f00c63ac9baf02cf4776dc,42,ONE_UNIT_SPAWN_UNAVAILABLE,ONE_UNIT_SPAWN_UNAVAILABLE,1,True,
validation,map_004768.csv,a87da635b6b826b7a3c089f5b9f378c133e5eb512185ff23223243a8a2a0fae3,42,ONE_UNIT_SPAWN_UNAVAILABLE,ONE_UNIT_SPAWN_UNAVAILABLE,1,True,
validation,map_001494.csv,ae423d96fbf9ac3a2bb522d940db238ec01bbf36b75565523702bf8d35b08c80,42,ONE_UNIT_SPAWN_UNAVAILABLE,ONE_UNIT_SPAWN_UNAVAILABLE,1,True,
validation,map_000340.csv,af91ad5bb8570d724321853dbe2e2a67b19b65062d3aa48f83fb563080599ee4,42,ONE_UNIT_SPAWN_UNAVAILABLE,ONE_UNIT_SPAWN_UNAVAILABLE,1,True,
validation,map_000208.csv,b1239f6aaf3867a9db2675fa01e3d79ec143b205fbb55e3c6de069106a7c9977,42,ONE_UNIT_SPAWN_UNAVAILABLE,ONE_UNIT_SPAWN_UNAVAILABLE,1,True,
validation,map_004639.csv,b16d7404f7b07851903bdea970536f3e3f446041a47dcad73b30f2ba2a87d2fc,42,ONE_UNIT_SPAWN_UNAVAILABLE,ONE_UNIT_SPAWN_UNAVAILABLE,1,True,
validation,map_003801.csv,b245de1dbc9fad91deb7b94a957641f12f33c1c3901258cf8f921178a3628978,42,ONE_UNIT_SPAWN_UNAVAILABLE,ONE_UNIT_SPAWN_UNAVAILABLE,1,True,
validation,map_002828.csv,b33dda0ec2ae83d93b832201f75d3b5d9ad03de909400bde09aa378e2268cf8f,42,ONE_UNIT_SPAWN_UNAVAILABLE,ONE_UNIT_SPAWN_UNAVAILABLE,1,True,
validation,map_005278.csv,b3a88fe6c09ce8755f5166bd2cb63002cbf532ee988481629195751babd21659,42,ONE_UNIT_SPAWN_UNAVAILABLE,ONE_UNIT_SPAWN_UNAVAILABLE,1,True,
validation,map_004808.csv,b7a7f31bc82a3c7789b5d5c7e2bc0f239b0327c50ad66cbb9ca41d4ce284b172,42,ONE_UNIT_SPAWN_UNAVAILABLE,ONE_UNIT_SPAWN_UNAVAILABLE,1,True,
validation,map_002850.csv,b81c537cceec0849bf4ac652d642f27b98b7f8fe3c3048306da3ef6360fd4dd7,42,ONE_UNIT_SPAWN_UNAVAILABLE,ONE_UNIT_SPAWN_UNAVAILABLE,1,True,
validation,map_000621.csv,b8dff032912591877f7a5dfaeac220013faf3c81045b5667d00bb877b15af326,42,ONE_UNIT_SPAWN_UNAVAILABLE,ONE_UNIT_SPAWN_UNAVAILABLE,1,True,
validation,map_003096.csv,b98b49e567741d2d731e7b5d407d318dc96b1f3affa149f66c681c74a48449cb,42,ONE_UNIT_SPAWN_UNAVAILABLE,ONE_UNIT_SPAWN_UNAVAILABLE,1,True,
validation,map_001015.csv,ba0d91456ccaca5c8b6ec4ec8029eac4ea6d56e80394cdc0515df6bb57d12697,42,ONE_UNIT_SPAWN_UNAVAILABLE,ONE_UNIT_SPAWN_UNAVAILABLE,1,True,
validation,map_004016.csv,bb0a7e732e591bd357a7c13b9e063702cf404d71ade180bdf274b5c07a8e8ab6,42,ONE_UNIT_SPAWN_UNAVAILABLE,ONE_UNIT_SPAWN_UNAVAILABLE,1,True,
validation,map_002176.csv,bc484078e0e21f50a22f4a0e681d92458720fddfc193e7cd683d4179729b3f35,42,ONE_UNIT_SPAWN_UNAVAILABLE,ONE_UNIT_SPAWN_UNAVAILABLE,1,True,
validation,map_002016.csv,bda13397273d33f7710d5a783a6f27a004eb028054f5359eea7608d7e73597d3,42,ONE_UNIT_SPAWN_UNAVAILABLE,ONE_UNIT_SPAWN_UNAVAILABLE,1,True,
validation,map_001070.csv,bfc85bdb78661d90974dbac0d88150b8a7cc3043a3b05eb877697abd08ad767c,42,ONE_UNIT_SPAWN_UNAVAILABLE,ONE_UNIT_SPAWN_UNAVAILABLE,1,True,
validation,map_001527.csv,c06befb4249fe5dc0a75cb69a1b8dbcf2a2bf38560cace94f70617e4bf85496c,42,ONE_UNIT_SPAWN_UNAVAILABLE,ONE_UNIT_SPAWN_UNAVAILABLE,1,True,
validation,map_001801.csv,c333fd63af91343f02d02d5de45187c7f079536eb27faf9b09dcb2743226baaa,42,ONE_UNIT_SPAWN_UNAVAILABLE,ONE_UNIT_SPAWN_UNAVAILABLE,1,True,
validation,map_003545.csv,c6dd71b666e9a4e58b0244c9b833413410960d86659143c0a7454d15374fab1e,42,ONE_UNIT_SPAWN_UNAVAILABLE,ONE_UNIT_SPAWN_UNAVAILABLE,1,True,
validation,map_001870.csv,c79ab012a78304c7e089b7c94ff64603e2f3d94a2d1e7842fb25c664c5e40f28,42,ONE_UNIT_SPAWN_UNAVAILABLE,ONE_UNIT_SPAWN_UNAVAILABLE,1,True,
validation,map_002426.csv,c941ce651ba0ca8035671334aecf555b9a9f989476470a3101ae85d48d029a83,42,ONE_UNIT_SPAWN_UNAVAILABLE,ONE_UNIT_SPAWN_UNAVAILABLE,1,True,
validation,map_002578.csv,cd72a74b41bf94fe4d5356422c69fe8637d61508defd0ed6740f52733e10bc87,42,ONE_UNIT_SPAWN_UNAVAILABLE,ONE_UNIT_SPAWN_UNAVAILABLE,1,True,
validation,map_003811.csv,d8ea4acc75c6a1e0fc4def5a51cf1ea1b53edabb31e8b7164533b10f1a3f4227,42,ONE_UNIT_SPAWN_UNAVAILABLE,ONE_UNIT_SPAWN_UNAVAILABLE,1,True,
validation,map_005439.csv,d9ec9b7adabbed2eb692056c872b2b63026ea29ea7f4cb213a6ac4e1f4bc9cec,42,ONE_UNIT_SPAWN_UNAVAILABLE,ONE_UNIT_SPAWN_UNAVAILABLE,1,True,
validation,map_004377.csv,db569f31a24fef85fc2c0437e834504559d91bc331f2390ccfd01b41cf96af96,42,ONE_UNIT_SPAWN_UNAVAILABLE,ONE_UNIT_SPAWN_UNAVAILABLE,1,True,
validation,map_000849.csv,dbe844ce0749e945de6f985f2715b593008ef139d2ea4ff8de2922999d1209ec,42,ONE_UNIT_SPAWN_UNAVAILABLE,ONE_UNIT_SPAWN_UNAVAILABLE,1,True,
validation,map_002609.csv,dc167a34f8a09bf688e7354816dd975813fdd5dbc573065410b444a1acc99e61,42,ONE_UNIT_SPAWN_UNAVAILABLE,ONE_UNIT_SPAWN_UNAVAILABLE,1,True,
validation,map_000238.csv,dc955fde18bde0b012c92e519918e00b5189503ac811acf2e3fa4709c9c099fa,42,ONE_UNIT_SPAWN_UNAVAILABLE,ONE_UNIT_SPAWN_UNAVAILABLE,1,True,
validation,map_005454.csv,e3364706c150e881a50aaebbc8677ee34e00936f790b9ef02c4ca9a41f0ae627,42,ONE_UNIT_SPAWN_UNAVAILABLE,ONE_UNIT_SPAWN_UNAVAILABLE,1,True,
validation,map_004989.csv,e3515031239e1ffe01ff059469b41e968328479ca0f6457651afb4aacc178e5c,42,ONE_UNIT_SPAWN_UNAVAILABLE,ONE_UNIT_SPAWN_UNAVAILABLE,1,True,
validation,map_001676.csv,e83e650d2d12f97bd4806098d7e059e4896565faf508eeb165490425e0d68d68,42,ONE_UNIT_SPAWN_UNAVAILABLE,ONE_UNIT_SPAWN_UNAVAILABLE,1,True,
validation,map_000694.csv,e94ae1eb8eade0a1ff3e89cec6a1837b817dc0cf30c8e6b68df4af8aa31200f6,42,ONE_UNIT_SPAWN_UNAVAILABLE,ONE_UNIT_SPAWN_UNAVAILABLE,1,True,
validation,map_001168.csv,e9ace94bd7d8c81edc558e39d2cdf82629340d2e1dd3bbf66c72fdb400ba9404,42,ONE_UNIT_SPAWN_UNAVAILABLE,ONE_UNIT_SPAWN_UNAVAILABLE,1,True,
validation,map_002711.csv,ea8038d679a4d1ade523d53d79a2b84161235a7bc227dcbebc52603ff2b14b54,42,ONE_UNIT_SPAWN_UNAVAILABLE,ONE_UNIT_SPAWN_UNAVAILABLE,1,True,
validation,map_001972.csv,eaebd17e93c99682ebb019bc62cac2b6805dc226c70c6868a0356c3b1b8dd407,42,ONE_UNIT_SPAWN_UNAVAILABLE,ONE_UNIT_SPAWN_UNAVAILABLE,1,True,
validation,map_003146.csv,ec41fabf67b658511ba6db4229d7912631febdc2a0ead7d2639a3ee243120be0,42,ONE_UNIT_SPAWN_UNAVAILABLE,ONE_UNIT_SPAWN_UNAVAILABLE,1,True,
validation,map_003502.csv,ee06a1ddb6035858b5cb68e626ab24c1c628fd03ca8da9d8e79b521a65a5e47c,42,ONE_UNIT_SPAWN_UNAVAILABLE,ONE_UNIT_SPAWN_UNAVAILABLE,1,True,
validation,map_005170.csv,ee1cb6bd42a726c0511b019b5f6efb4641e8ac65f06f08f553a7f3fc48efc8c4,42,ONE_UNIT_SPAWN_UNAVAILABLE,ONE_UNIT_SPAWN_UNAVAILABLE,1,True,
validation,map_002204.csv,eeb5445c04ab7af73b034b2a09a4c25c2f89d25784c17e24c0c59b88fee6c931,42,ONE_UNIT_SPAWN_UNAVAILABLE,ONE_UNIT_SPAWN_UNAVAILABLE,1,True,
validation,map_001190.csv,f3fab6c1d719c02958c2e30f86754e21744f7e8791ffb3e6e2f1322ff8ad76a0,42,ONE_UNIT_SPAWN_UNAVAILABLE,ONE_UNIT_SPAWN_UNAVAILABLE,1,True,
validation,map_004621.csv,f548454c918a7809dfca11e36bcc3a88146f50711f188c6816101a0bf7291d03,42,ONE_UNIT_SPAWN_UNAVAILABLE,ONE_UNIT_SPAWN_UNAVAILABLE,1,True,
validation,map_004724.csv,fcdda896019886783f29933b3f4602fb4c0e98ecd07789fbddda782db021bca9,42,ONE_UNIT_SPAWN_UNAVAILABLE,ONE_UNIT_SPAWN_UNAVAILABLE,1,True,
test,map_000543.csv,01151adb495aed6d8c2baa77bd452108e79ce7a3b381f685161ee23443dfc62f,42,ONE_UNIT_SPAWN_UNAVAILABLE,ONE_UNIT_SPAWN_UNAVAILABLE,1,True,
test,map_002563.csv,04bcdb13f36e411472453703351b275e09c1be3879108c0bba32fe908887e0f9,42,ONE_UNIT_SPAWN_UNAVAILABLE,ONE_UNIT_SPAWN_UNAVAILABLE,1,True,
test,map_002723.csv,0599452d614487b273e7a8527c2f0d56727a8bd99955baf7672645e07a059f7a,42,ONE_UNIT_SPAWN_UNAVAILABLE,ONE_UNIT_SPAWN_UNAVAILABLE,1,True,
test,map_005481.csv,05a6ebe2b7fa9e16fb6effeb8d515e8f638d6a4d880c878e115f5ce39712c16a,42,ONE_UNIT_SPAWN_UNAVAILABLE,ONE_UNIT_SPAWN_UNAVAILABLE,1,True,
test,map_001216.csv,07780ff12778a6a0d56f9eb889a0d29a55c383478c0a2d64b6e50099fb9f6f69,42,ONE_UNIT_SPAWN_UNAVAILABLE,ONE_UNIT_SPAWN_UNAVAILABLE,1,True,
test,map_001369.csv,0e795e850a9b32599ef177b5b87d9baee7c85f08f25717dda2f6c4026ae862d2,42,ONE_UNIT_SPAWN_UNAVAILABLE,ONE_UNIT_SPAWN_UNAVAILABLE,1,True,
test,map_000047.csv,1281381e7ec74e43b13ad68f206da00d23a241c38083a76c80bce2e92a22d9fe,42,ONE_UNIT_SPAWN_UNAVAILABLE,ONE_UNIT_SPAWN_UNAVAILABLE,1,True,
test,map_005062.csv,177ae5f1397b769ae9d10b090bf2fda4e0307b54b5329735a312594d07518bc4,42,ONE_UNIT_SPAWN_UNAVAILABLE,ONE_UNIT_SPAWN_UNAVAILABLE,1,True,
test,map_003189.csv,1b3307930dfbcb732e69e8577a1f65734f906c1a6307db3e71bdb634fe453919,42,ONE_UNIT_SPAWN_UNAVAILABLE,ONE_UNIT_SPAWN_UNAVAILABLE,1,True,
test,map_001705.csv,1dc08f2e70bc1175c2c1132b1cbe0add800e5f179ffe0e32e3ac6357d6c7664b,42,ONE_UNIT_SPAWN_UNAVAILABLE,ONE_UNIT_SPAWN_UNAVAILABLE,1,True,
test,map_002153.csv,1e448a3ad27c5b7ffbafe78967bba48724e331401416a7cf23afe312324673fb,42,ONE_UNIT_SPAWN_UNAVAILABLE,ONE_UNIT_SPAWN_UNAVAILABLE,1,True,
test,map_005302.csv,221b9b0775516c969c230c3072b29e5980fc04944a319d40c26391d97f693f5b,42,ONE_UNIT_SPAWN_UNAVAILABLE,ONE_UNIT_SPAWN_UNAVAILABLE,1,True,
test,map_004913.csv,2408fafca116756274672134e6c73851646d369a611cc4b98e286d3880cd023e,42,ONE_UNIT_SPAWN_UNAVAILABLE,ONE_UNIT_SPAWN_UNAVAILABLE,1,True,
test,map_005118.csv,28e905db4853e77d697ba13e23e20c0ce2add9d418c427dca99d16ff89022e7d,42,ONE_UNIT_SPAWN_UNAVAILABLE,ONE_UNIT_SPAWN_UNAVAILABLE,1,True,
test,map_004819.csv,2b500cf877f1e57b70e14ce6a4faa15677434b5420ee8b5ffbb1352a9fe4d2db,42,ONE_UNIT_SPAWN_UNAVAILABLE,ONE_UNIT_SPAWN_UNAVAILABLE,1,True,
test,map_004798.csv,2cc800e36f1218679fb6f49fa060e9a534ce4c9645cfbeb6468fb94f8c97407d,42,ONE_UNIT_SPAWN_UNAVAILABLE,ONE_UNIT_SPAWN_UNAVAILABLE,1,True,
test,map_001511.csv,2f6b6b2fa7a34c726a44e50642173b90835c99ac0ff2697a0eeb432c9ad06bcc,42,ONE_UNIT_SPAWN_UNAVAILABLE,ONE_UNIT_SPAWN_UNAVAILABLE,1,True,
test,map_000981.csv,313b5724b4d0edf6a4b0a1563c59fa783fd875b4aa428d2e902ef6ad3feecde8,42,ONE_UNIT_SPAWN_UNAVAILABLE,ONE_UNIT_SPAWN_UNAVAILABLE,1,True,
test,map_000379.csv,317a1d8d61b69ff30bf334e52c176f0d979e0310da6bd3745e7735acd709791e,42,ONE_UNIT_SPAWN_UNAVAILABLE,ONE_UNIT_SPAWN_UNAVAILABLE,1,True,
test,map_000797.csv,3238d7fdfc953ced06c408f53f77feec205dd84c5ecaf2df64e6c5ebbf95125d,42,ONE_UNIT_SPAWN_UNAVAILABLE,ONE_UNIT_SPAWN_UNAVAILABLE,1,True,
test,map_003547.csv,34da434dd9ccafafbc5204a875f89dcf8008e18295c69a079e8f3c2617c18f81,42,ONE_UNIT_SPAWN_UNAVAILABLE,ONE_UNIT_SPAWN_UNAVAILABLE,1,True,
test,map_002092.csv,37f991008a9af6b394831220670c08fddc896ffd6a8648aa28aca656614f8336,42,ONE_UNIT_SPAWN_UNAVAILABLE,ONE_UNIT_SPAWN_UNAVAILABLE,1,True,
test,map_000062.csv,38aadf8ded02ffaeab5d88e796c91537b4a4869750d6972660087f674c40fb17,42,ONE_UNIT_SPAWN_UNAVAILABLE,ONE_UNIT_SPAWN_UNAVAILABLE,1,True,
test,map_002518.csv,39c9a4ef1f32f3943222980ad53fa08592c1cfa87404dbe5a1e0a0d416250413,42,ONE_UNIT_SPAWN_UNAVAILABLE,ONE_UNIT_SPAWN_UNAVAILABLE,1,True,
test,map_004930.csv,3df54b64f50c5d62924b785010d8ab6625d72a0bbf78ea6a1c6aeae88b0e4d4b,42,ONE_UNIT_SPAWN_UNAVAILABLE,ONE_UNIT_SPAWN_UNAVAILABLE,1,True,
test,map_000781.csv,3ec94139563734209af3dd682adf5a7b036d758981498b92486ec5a274648585,42,ONE_UNIT_SPAWN_UNAVAILABLE,ONE_UNIT_SPAWN_UNAVAILABLE,1,True,
test,map_001453.csv,3f5da3fad33f5d2bcc58b04f42e45d53a9747005c43c5f530c28d4dd8a55574c,42,ONE_UNIT_SPAWN_UNAVAILABLE,ONE_UNIT_SPAWN_UNAVAILABLE,1,True,
test,map_001317.csv,4145a0aabdbd78d39fade176aa933c8eee6ce1cef161fddcf275a8db0d96cf7d,42,ONE_UNIT_SPAWN_UNAVAILABLE,ONE_UNIT_SPAWN_UNAVAILABLE,1,True,
test,map_000058.csv,42253a00ef4988b4e28202fb0128a431bda96d52e9d17a5a759e35c107eedf3d,42,ONE_UNIT_SPAWN_UNAVAILABLE,ONE_UNIT_SPAWN_UNAVAILABLE,1,True,
test,map_002414.csv,476eb3db302025333720d06419cb3460a321202c61cb6c5eee3d24243de3716a,42,ONE_UNIT_SPAWN_UNAVAILABLE,ONE_UNIT_SPAWN_UNAVAILABLE,1,True,
test,map_000544.csv,49036260ed5677596f30a062b3af9927a3c7ec497f036efbf848626530c160c3,42,ONE_UNIT_SPAWN_UNAVAILABLE,ONE_UNIT_SPAWN_UNAVAILABLE,1,True,
test,map_001950.csv,49c38500be2eda37c52bb69bc8c128e476fb1ba82263cb5d56cd4745e7362abb,42,ONE_UNIT_SPAWN_UNAVAILABLE,ONE_UNIT_SPAWN_UNAVAILABLE,1,True,
test,map_003151.csv,49de362aa8dd50351aa4ccb8274b8db2d605b2d5aa02bb98a2db0f6e1357a5c7,42,ONE_UNIT_SPAWN_UNAVAILABLE,ONE_UNIT_SPAWN_UNAVAILABLE,1,True,
test,map_000034.csv,4b80f0e05c401a452170e4eefa326ddaa5ed09bf369ecf310c667d3aa78f3bb2,42,ONE_UNIT_SPAWN_UNAVAILABLE,ONE_UNIT_SPAWN_UNAVAILABLE,1,True,
test,map_000678.csv,4cf9c99476320af9e28767e3fdca38a1ae34357fcc18cdc79809132ade74b147,42,ONE_UNIT_SPAWN_UNAVAILABLE,ONE_UNIT_SPAWN_UNAVAILABLE,1,True,
test,map_000845.csv,4fb05dbc9fdc36b81a89dd7b171eb2e8abd91185d28ac7b2dd22191a5520bef7,42,ONE_UNIT_SPAWN_UNAVAILABLE,ONE_UNIT_SPAWN_UNAVAILABLE,1,True,
test,map_002441.csv,501b7f04764e8cc189d7ede53275144d1d20c4d024b6513a1d090b49edfc757c,42,ONE_UNIT_SPAWN_UNAVAILABLE,ONE_UNIT_SPAWN_UNAVAILABLE,1,True,
test,map_004129.csv,55392725b5fa9a0a2d3588e5ef9874120b9a625f8e206fee47c26c3245270a41,42,ONE_UNIT_SPAWN_UNAVAILABLE,ONE_UNIT_SPAWN_UNAVAILABLE,1,True,
test,map_002347.csv,56f6f2d4d0f569a2b6369b35eb486b0d624cc47b0f61ce5be942a1b9f056e346,42,ONE_UNIT_SPAWN_UNAVAILABLE,ONE_UNIT_SPAWN_UNAVAILABLE,1,True,
test,map_004316.csv,5abf32ed85d885035faed0258eb5f13ac205f69564d6e041e6b3e922b3d78bd5,42,ONE_UNIT_SPAWN_UNAVAILABLE,ONE_UNIT_SPAWN_UNAVAILABLE,1,True,
test,map_005202.csv,5bfb189125204008ee851fd96e041cd6b8d3158623ef235ca2b764ab67a29d0a,42,ONE_UNIT_SPAWN_UNAVAILABLE,ONE_UNIT_SPAWN_UNAVAILABLE,1,True,
test,map_002789.csv,5ede261c6da67f6a9b8ea4c4946c221ee8106804e5a0eb46921820170a5b97e1,42,ONE_UNIT_SPAWN_UNAVAILABLE,ONE_UNIT_SPAWN_UNAVAILABLE,1,True,
test,map_004443.csv,5f7c3857c271bc40e2556d48d477c8573aaa98f2aeeea432355870ecb9993539,42,ONE_UNIT_SPAWN_UNAVAILABLE,ONE_UNIT_SPAWN_UNAVAILABLE,1,True,
test,map_002646.csv,60f9c5a251ccf6d4d13cccf97d9ce161b25bd9d1167c2d5394cc8068f205b671,42,ONE_UNIT_SPAWN_UNAVAILABLE,ONE_UNIT_SPAWN_UNAVAILABLE,1,True,
test,map_004493.csv,615d4bb3eef09efd18c6dbde22e0ac4bfcba8b88b8ea05b79c8c92cae9058f5f,42,ONE_UNIT_SPAWN_UNAVAILABLE,ONE_UNIT_SPAWN_UNAVAILABLE,1,True,
test,map_001377.csv,63078414f13ed07612d1f10af280c335d1993d87c3fa1ab7e02ba4b1cce966d5,42,ONE_UNIT_SPAWN_UNAVAILABLE,ONE_UNIT_SPAWN_UNAVAILABLE,1,True,
test,map_002942.csv,67fa5ffd42f064a48e0d4fee3b539d53ddf219b7a2036790da303eb9bd3ff86b,42,ONE_UNIT_SPAWN_UNAVAILABLE,ONE_UNIT_SPAWN_UNAVAILABLE,1,True,
test,map_003097.csv,69ba179e15efff12cd671c7add75aaaf0acd46e42230a58654f55661c8c4e942,42,ONE_UNIT_SPAWN_UNAVAILABLE,ONE_UNIT_SPAWN_UNAVAILABLE,1,True,
test,map_003786.csv,6ea70c6a5adee4a2537d1e84e4c2c6018a76793357f0f9efe0200eef8f27f09b,42,ONE_UNIT_SPAWN_UNAVAILABLE,ONE_UNIT_SPAWN_UNAVAILABLE,1,True,
test,map_002229.csv,70a1c106cebd198a0c5aeea3f3b766a46d6876fe0e712b7c1b9e2c41347cf203,42,ONE_UNIT_SPAWN_UNAVAILABLE,ONE_UNIT_SPAWN_UNAVAILABLE,1,True,
test,map_000996.csv,7845ca1dea1faf902db6506a847b620adbb0fb5e842993ec8951758843e03aa0,42,ONE_UNIT_SPAWN_UNAVAILABLE,ONE_UNIT_SPAWN_UNAVAILABLE,1,True,
test,map_001006.csv,792b9c75e992890dc75589fd5ce5342316d7d8da5048d13700254111f29051ff,42,ONE_UNIT_SPAWN_UNAVAILABLE,ONE_UNIT_SPAWN_UNAVAILABLE,1,True,
test,map_000907.csv,7ff11552c4592015dd6bc076dcb1d1abf93898d4138156bef685a1f05551033a,42,ONE_UNIT_SPAWN_UNAVAILABLE,ONE_UNIT_SPAWN_UNAVAILABLE,1,True,
test,map_003016.csv,8049a9799f62dcffef3deb601f2c20ca4a756b05706225db08d5a8cc977e8a9a,42,ONE_UNIT_SPAWN_UNAVAILABLE,ONE_UNIT_SPAWN_UNAVAILABLE,1,True,
test,map_000042.csv,8085077531a6dbb9aae1bdd6413c1d30923e0fc788840206efe72c90f2ae7b2b,42,ONE_UNIT_SPAWN_UNAVAILABLE,ONE_UNIT_SPAWN_UNAVAILABLE,1,True,
test,map_003281.csv,80c4312626e0fb0c0677ceb7ef35cc1ee29892950646cdad493cb5642c458c40,42,ONE_UNIT_SPAWN_UNAVAILABLE,ONE_UNIT_SPAWN_UNAVAILABLE,1,True,
test,map_002364.csv,83355e8957fa34dfe13b66c412d524f364b3831e003efb3d082dd27ec972c969,42,ONE_UNIT_SPAWN_UNAVAILABLE,ONE_UNIT_SPAWN_UNAVAILABLE,1,True,
test,map_003757.csv,892fa0fdc43725d53fb5cbc5088eff0673bb05628284178cc3db46e4abfc99ca,42,ONE_UNIT_SPAWN_UNAVAILABLE,ONE_UNIT_SPAWN_UNAVAILABLE,1,True,
test,map_001486.csv,8a4bcb1e6e8ee2074a9aa8a81fadca4436cbc4453b3806c05f18fa661de485ca,42,ONE_UNIT_SPAWN_UNAVAILABLE,ONE_UNIT_SPAWN_UNAVAILABLE,1,True,
test,map_000730.csv,8d30ce7305a9a9920d33247638d697644bee79dd263edd72b237cb0d65584de8,42,ONE_UNIT_SPAWN_UNAVAILABLE,ONE_UNIT_SPAWN_UNAVAILABLE,1,True,
test,map_003215.csv,950ba4fbe32d24aff6768f682ecbf3bac11a30baf7a65b2084bc04ad833cd87f,42,ONE_UNIT_SPAWN_UNAVAILABLE,ONE_UNIT_SPAWN_UNAVAILABLE,1,True,
test,map_005159.csv,98e4996f438e0785c7dce4414c3fe94d225d03a1c64db862223c22c24b1db222,42,ONE_UNIT_SPAWN_UNAVAILABLE,ONE_UNIT_SPAWN_UNAVAILABLE,1,True,
test,map_005283.csv,9a36e365b6b510fcea17708753808c22f55ba373bf09124bd389f22f4e600de9,42,ONE_UNIT_SPAWN_UNAVAILABLE,ONE_UNIT_SPAWN_UNAVAILABLE,1,True,
test,map_002287.csv,a03c7c1c1e466bb579a13602ef958ad7bc8efb83b4f9c0532aafb8f356ea9cff,42,ONE_UNIT_SPAWN_UNAVAILABLE,ONE_UNIT_SPAWN_UNAVAILABLE,1,True,
test,map_004423.csv,a0e15b9839c88f73eb2d885b341fdf6cfd5a9bb225cd56a5713fb7c4353186c8,42,ONE_UNIT_SPAWN_UNAVAILABLE,ONE_UNIT_SPAWN_UNAVAILABLE,1,True,
test,map_003191.csv,a113a079a0dda09d35c5fc535ea1b2061fdfd1ec2c7cf624c5d8f0d5d11f3c60,42,ONE_UNIT_SPAWN_UNAVAILABLE,ONE_UNIT_SPAWN_UNAVAILABLE,1,True,
test,map_002363.csv,a121c6647c832948d7a4ba90bce875ab2f3fd10a98fca7a2895de5d132bfc22f,42,ONE_UNIT_SPAWN_UNAVAILABLE,ONE_UNIT_SPAWN_UNAVAILABLE,1,True,
test,map_005033.csv,a20a56ef1d0708e3bdf6e437bc71bdd18a209b2d14a060d362f8c32bc3321461,42,ONE_UNIT_SPAWN_UNAVAILABLE,ONE_UNIT_SPAWN_UNAVAILABLE,1,True,
test,map_001664.csv,a22396f669ca437ea44d7a37acf111fdff5cbd80afba38c34b86f8a79c80d443,42,ONE_UNIT_SPAWN_UNAVAILABLE,ONE_UNIT_SPAWN_UNAVAILABLE,1,True,
test,map_002371.csv,a58c740f0dba622b7d30a70919bfb9dc7a620dfcf1b62307de2e6a5de7209a78,42,ONE_UNIT_SPAWN_UNAVAILABLE,ONE_UNIT_SPAWN_UNAVAILABLE,1,True,
test,map_004136.csv,ab6b306826304b4cc6011efe2d7db145952e4f33781a0b888c6319835f6db7b1,42,ONE_UNIT_SPAWN_UNAVAILABLE,ONE_UNIT_SPAWN_UNAVAILABLE,1,True,
test,map_001519.csv,abb9e8fc770e9f05031831007079da6c8880d636b5ec66b666ee2ef7d25de6ac,42,ONE_UNIT_SPAWN_UNAVAILABLE,ONE_UNIT_SPAWN_UNAVAILABLE,1,True,
test,map_002679.csv,adefd9afa4d05a18bcdc6d728e52766ceeb15cf94b16289b0a9c41de7ab34382,42,ONE_UNIT_SPAWN_UNAVAILABLE,ONE_UNIT_SPAWN_UNAVAILABLE,1,True,
test,map_002661.csv,b135723cdf13ebffd62f343dae7d91ce57b6f15202f8e62b9a64302eb30793bc,42,ONE_UNIT_SPAWN_UNAVAILABLE,ONE_UNIT_SPAWN_UNAVAILABLE,1,True,
test,map_001173.csv,b2c1d42793dbe08c8a4807c9d411fd23c1bffc35d3fa564c1131671e5c327c91,42,ONE_UNIT_SPAWN_UNAVAILABLE,ONE_UNIT_SPAWN_UNAVAILABLE,1,True,
test,map_001922.csv,b4b36ef49edb0f9752bdf16f2ef287d5ac0614e46d86f51379a9a9b8c9579529,42,ONE_UNIT_SPAWN_UNAVAILABLE,ONE_UNIT_SPAWN_UNAVAILABLE,1,True,
test,map_004520.csv,b4c4d62028cbd2b01aeafd756d8e345ccc82b8a0136fefec9456fed3f0eaa6bd,42,ONE_UNIT_SPAWN_UNAVAILABLE,ONE_UNIT_SPAWN_UNAVAILABLE,1,True,
test,map_000795.csv,b520006409df4a98524019c3128ed411cd612c2d20058e802c76af9fa3a44974,42,ONE_UNIT_SPAWN_UNAVAILABLE,ONE_UNIT_SPAWN_UNAVAILABLE,1,True,
test,map_005330.csv,b58f62daf316a63001fb8b7afebd62beeb5b68140a74a32cc3bbbc05b2456cf5,42,ONE_UNIT_SPAWN_UNAVAILABLE,ONE_UNIT_SPAWN_UNAVAILABLE,1,True,
test,map_003236.csv,b5ad9cd6e827b94cd8997c452b13cfd2c4cb5619bb1e948a106eb0e69f671012,42,ONE_UNIT_SPAWN_UNAVAILABLE,ONE_UNIT_SPAWN_UNAVAILABLE,1,True,
test,map_002084.csv,bb734163c5b6970675a85e4f58ad68d2e1f289f80977bbacc7f7349a322ebacf,42,ONE_UNIT_SPAWN_UNAVAILABLE,ONE_UNIT_SPAWN_UNAVAILABLE,1,True,
test,map_005247.csv,bc8c29b784eb1b8fe5443b05b293527cea349d1561daf17307ccfaa6eb66c444,42,ONE_UNIT_SPAWN_UNAVAILABLE,ONE_UNIT_SPAWN_UNAVAILABLE,1,True,
test,map_000443.csv,be9ddc62ddc786eebeea88d09c0c6504be96ef481190fe147608afea1faa7dca,42,ONE_UNIT_SPAWN_UNAVAILABLE,ONE_UNIT_SPAWN_UNAVAILABLE,1,True,
test,map_004745.csv,bf5b4abb3ca4eb5cec39e38c151999c1c975471f29755c481b8f59484a47bd2d,42,ONE_UNIT_SPAWN_UNAVAILABLE,ONE_UNIT_SPAWN_UNAVAILABLE,1,True,
test,map_003809.csv,bfdb51352fcc3eb9c162c88a60b7bc22949484529bfd58f1c31b834a5d45b828,42,ONE_UNIT_SPAWN_UNAVAILABLE,ONE_UNIT_SPAWN_UNAVAILABLE,1,True,
test,map_005027.csv,bfe0a49298986076ad245239ecd6a4dce8b870f6fff2dfa2900bbf64d315d02c,42,ONE_UNIT_SPAWN_UNAVAILABLE,ONE_UNIT_SPAWN_UNAVAILABLE,1,True,
test,map_003697.csv,c035945fc5cf39acc3d4f5f5d07935c2e7db25bab788461f445133af57ccf5b2,42,ONE_UNIT_SPAWN_UNAVAILABLE,ONE_UNIT_SPAWN_UNAVAILABLE,1,True,
test,map_004931.csv,c3c1513800533f02b1fd0c540abbbcc5b1f542602ffea336a36c5f479b1a5a6b,42,ONE_UNIT_SPAWN_UNAVAILABLE,ONE_UNIT_SPAWN_UNAVAILABLE,1,True,
test,map_000120.csv,c50094e23a20daa56a552bb418d8a0691c73513787e8cf2dafdf6f9272372178,42,ONE_UNIT_SPAWN_UNAVAILABLE,ONE_UNIT_SPAWN_UNAVAILABLE,1,True,
test,map_004553.csv,c62db6287231de04bc040500cf77d60b5758332f5a831f6d10634fe4119f782c,42,ONE_UNIT_SPAWN_UNAVAILABLE,ONE_UNIT_SPAWN_UNAVAILABLE,1,True,
test,map_002026.csv,c775e50606faa2c5b55b46474f8f7a96c24b267e0fb024c11d2c8341443ae15d,42,ONE_UNIT_SPAWN_UNAVAILABLE,ONE_UNIT_SPAWN_UNAVAILABLE,1,True,
test,map_004896.csv,c77815168afc6e69c3b4cfa35115c07b3d1fab7c6287c7bb1e9c6deca06897cc,42,ONE_UNIT_SPAWN_UNAVAILABLE,ONE_UNIT_SPAWN_UNAVAILABLE,1,True,
test,map_000603.csv,c7b9c37b2581e672c99e6b3e10fb09d3c651db1c403968155f91f9b52d222f58,42,ONE_UNIT_SPAWN_UNAVAILABLE,ONE_UNIT_SPAWN_UNAVAILABLE,1,True,
test,map_004860.csv,ca681f5bb89e32e2caca2931ffde3ed6babc83f85446df9738717c6a00f2a0b3,42,ONE_UNIT_SPAWN_UNAVAILABLE,ONE_UNIT_SPAWN_UNAVAILABLE,1,True,
test,map_002230.csv,cb4fe443cb689aa873665a9c66c437cf80e4ca760f3532ea0b47866ca01369b7,42,ONE_UNIT_SPAWN_UNAVAILABLE,ONE_UNIT_SPAWN_UNAVAILABLE,1,True,
test,map_005133.csv,cc8f1d5669fb4dab69a54c96fb09edc49336bb257ddff0f4a15d54b2408208fc,42,ONE_UNIT_SPAWN_UNAVAILABLE,ONE_UNIT_SPAWN_UNAVAILABLE,1,True,
test,map_000088.csv,cff28eaa88fa2963df13020bf43df8f8091cf6ecc5b995ddea10feaf46015619,42,ONE_UNIT_SPAWN_UNAVAILABLE,ONE_UNIT_SPAWN_UNAVAILABLE,1,True,
test,map_003778.csv,d5855d803bf0dad2bb541ab76cb6b7385856ad74b921c5ec573b11ea7c9c1d69,42,ONE_UNIT_SPAWN_UNAVAILABLE,ONE_UNIT_SPAWN_UNAVAILABLE,1,True,
test,map_005117.csv,d6bc88851daf5f76d914efc323e8bed16bd5d320d2d48dbc9f9b9d6ec1b2fa7b,42,ONE_UNIT_SPAWN_UNAVAILABLE,ONE_UNIT_SPAWN_UNAVAILABLE,1,True,
test,map_003805.csv,d79b9c305ae1070011e8af78865050b80754784fc1c4c1e23255e3b1331bbcc3,42,ONE_UNIT_SPAWN_UNAVAILABLE,ONE_UNIT_SPAWN_UNAVAILABLE,1,True,
test,map_003326.csv,d8c955482535f21555532e3785a2e261b0b7cbc49bddba9b1e23272506bda560,42,ONE_UNIT_SPAWN_UNAVAILABLE,ONE_UNIT_SPAWN_UNAVAILABLE,1,True,
test,map_003411.csv,dd0d974e90197f10883818a23b0c50488123f8140e245834cd7e830ddaf8159b,42,ONE_UNIT_SPAWN_UNAVAILABLE,ONE_UNIT_SPAWN_UNAVAILABLE,1,True,
test,map_000469.csv,dd16a4756aa86b0c32ec49dd0de5de671748ce39a0ac56fccd3430c03cf86a38,42,ONE_UNIT_SPAWN_UNAVAILABLE,ONE_UNIT_SPAWN_UNAVAILABLE,1,True,
test,map_001295.csv,df03095130d16239259abf9bea014b1d4a302a851fd342a87180ea1f76c65c8d,42,ONE_UNIT_SPAWN_UNAVAILABLE,ONE_UNIT_SPAWN_UNAVAILABLE,1,True,
test,map_003361.csv,e5226d06f8c36603e7b1c44cda398478f1f82d52342727b7b37b796ace0d710a,42,ONE_UNIT_SPAWN_UNAVAILABLE,ONE_UNIT_SPAWN_UNAVAILABLE,1,True,
test,map_005264.csv,ec3960986dcd9323ce5dbbae004f14dbf18f5b20507970ddae40bf53300e72ea,42,ONE_UNIT_SPAWN_UNAVAILABLE,ONE_UNIT_SPAWN_UNAVAILABLE,1,True,
test,map_003983.csv,edc03d88173a72e986763f03d45f330cad303c8e2ba936a41d0e84063e81ce78,42,ONE_UNIT_SPAWN_UNAVAILABLE,ONE_UNIT_SPAWN_UNAVAILABLE,1,True,
test,map_005178.csv,ef40405ed2a71c34061c9f3e357d9e5468b79738ef2cca5027656946cbf146ac,42,ONE_UNIT_SPAWN_UNAVAILABLE,ONE_UNIT_SPAWN_UNAVAILABLE,1,True,
test,map_003358.csv,fa4a1763be2abd872f394a2488fd5fe94c10aed6680c97cacca6f231d18f72ee,42,ONE_UNIT_SPAWN_UNAVAILABLE,ONE_UNIT_SPAWN_UNAVAILABLE,1,True,
test,map_004407.csv,fe291670e81696c5b2c6c2f036ed791be2fc1555cb94784571973b0fbb99090f,42,ONE_UNIT_SPAWN_UNAVAILABLE,ONE_UNIT_SPAWN_UNAVAILABLE,1,True,
test,map_002039.csv,fe9ef5a36ff08caf35543b287a81bc78824d45263237332d310c154ee5c888f8,42,ONE_UNIT_SPAWN_UNAVAILABLE,ONE_UNIT_SPAWN_UNAVAILABLE,1,True,
test,map_001083.csv,fedb9668a18b4421466a3045f2d17678839fa928d978cf5bb90d2e7382a5f813,42,ONE_UNIT_SPAWN_UNAVAILABLE,ONE_UNIT_SPAWN_UNAVAILABLE,1,True,
human_benchmark,map_002814.csv,02556e614537258b39ee6fb724ca0d5ce2304735cc0d32c2536411a0cacbdede,42,ONE_UNIT_SPAWN_UNAVAILABLE,ONE_UNIT_SPAWN_UNAVAILABLE,1,True,
human_benchmark,map_004593.csv,1c4b4c9df88cd424f4e49ff802bd8023585ea3547730a259b98914ef86e6ae44,42,ONE_UNIT_SPAWN_UNAVAILABLE,ONE_UNIT_SPAWN_UNAVAILABLE,1,True,
human_benchmark,map_001144.csv,2ac97062b0b789bb683680a51e60e5271bbf0dd13da09d0af706773fa2b88ad1,42,ONE_UNIT_SPAWN_UNAVAILABLE,ONE_UNIT_SPAWN_UNAVAILABLE,1,True,
human_benchmark,map_001694.csv,3bc5b846ab5da899f2b68034dbecc5aee38221bb5bf1ae50dd61e0b5c5de7658,42,ONE_UNIT_SPAWN_UNAVAILABLE,ONE_UNIT_SPAWN_UNAVAILABLE,1,True,
human_benchmark,map_000747.csv,515dd06d7e8e1510c1c81b5e6b6c60c9d367499559fbfeeefa01a48cfd529161,42,ONE_UNIT_SPAWN_UNAVAILABLE,ONE_UNIT_SPAWN_UNAVAILABLE,1,True,
human_benchmark,map_001907.csv,73d19c7e70eb9abe63604ddac847d660934623b1360ef31fa5e573d406f92da6,42,ONE_UNIT_SPAWN_UNAVAILABLE,ONE_UNIT_SPAWN_UNAVAILABLE,1,True,
human_benchmark,map_004233.csv,79ec60ba4a10f1a7521a4bfcce58d5bd7c55cd3cd14905454733dafa8dd6c794,42,ONE_UNIT_SPAWN_UNAVAILABLE,ONE_UNIT_SPAWN_UNAVAILABLE,1,True,
human_benchmark,map_003696.csv,a4a911b08772635b67d85db70452cf0b9cb9673d85bca82b8bbec93a01e6438c,42,ONE_UNIT_SPAWN_UNAVAILABLE,ONE_UNIT_SPAWN_UNAVAILABLE,1,True,
human_benchmark,map_004555.csv,bf1f14fd56badc7033c8cfc3d465d97441b82c10f42720d209c8fcd1002faffc,42,ONE_UNIT_SPAWN_UNAVAILABLE,ONE_UNIT_SPAWN_UNAVAILABLE,1,True,
