{
  "actor_mode": "legal_features",
  "detected_info_mode": "fast",
  "enable_step_diagnostics": false,
  "env_id": "Tribes-v0",
  "global_step": 10240,
  "legacy_sps_formula": 104,
  "num_envs": 20,
  "num_steps": 128,
  "run_dir": "runs\\Tribes-v0__ppo__1__1778607037",
  "run_name": "Tribes-v0__ppo__1__1778607037",
  "sps": 104.51771675993737,
  "timers": {
    "env/action_decode_canonicalization": {
      "count": 10005,
      "max_ms": 0.28899998869746923,
      "mean_ms": 0.002828855179194389,
      "median_ms": 0.002700020559132099,
      "p95_ms": 0.003700028173625469,
      "pct_of_env_step_total": 0.0046717337078147035,
      "pct_of_wall": 0.02888801924961992,
      "total_ms": 28.30269606783986
    },
    "env/info_dict_build": {
      "count": 10005,
      "max_ms": 138.84709996636957,
      "mean_ms": 19.05559667206692,
      "median_ms": 13.783999951556325,
      "p95_ms": 59.58481996785847,
      "pct_of_env_step_total": 31.46950538513212,
      "pct_of_wall": 194.5940702529811,
      "total_ms": 190651.24470402952
    },
    "env/info_sanitize": {
      "count": 10005,
      "max_ms": 9.86620003823191,
      "mean_ms": 0.1863375117165455,
      "median_ms": 0.179499969817698,
      "p95_ms": 0.23410003632307053,
      "pct_of_env_step_total": 0.3077284552843077,
      "pct_of_wall": 1.9028622125954182,
      "total_ms": 1864.3068047240376
    },
    "env/java_action_apply": {
      "count": 10005,
      "max_ms": 40.086900000460446,
      "mean_ms": 5.222683399752795,
      "median_ms": 3.861099947243929,
      "p95_ms": 12.876719934865829,
      "pct_of_env_step_total": 8.62503894272094,
      "pct_of_wall": 53.33358161858794,
      "total_ms": 52252.947414526716
    },
    "env/legal_action_feature_build": {
      "count": 10005,
      "max_ms": 137.9732999484986,
      "mean_ms": 18.270310664957652,
      "median_ms": 13.01429991144687,
      "p95_ms": 58.74070003628724,
      "pct_of_env_step_total": 30.172639028497926,
      "pct_of_wall": 186.5747989036821,
      "total_ms": 182794.4582029013
    },
    "env/legal_action_padding_mask_build": {
      "count": 10005,
      "max_ms": 4.36159991659224,
      "mean_ms": 0.32045249340833276,
      "median_ms": 0.33199996687471867,
      "p95_ms": 0.39305998943746073,
      "pct_of_env_step_total": 0.5292136289689165,
      "pct_of_wall": 3.2724325607947615,
      "total_ms": 3206.1271965503693
    },
    "env/observation_flatten": {
      "count": 10005,
      "max_ms": 21.71620004810393,
      "mean_ms": 0.18825902111841358,
      "median_ms": 0.1865000231191516,
      "p95_ms": 0.23460001684725285,
      "pct_of_env_step_total": 0.3109017461295274,
      "pct_of_wall": 1.9224844969024217,
      "total_ms": 1883.531506289728
    },
    "env/post_action_fast_forward": {
      "count": 10005,
      "max_ms": 0.027499976567924023,
      "mean_ms": 0.0014224685896104244,
      "median_ms": 0.001400010660290718,
      "p95_ms": 0.001800013706088066,
      "pct_of_env_step_total": 0.002349146222565963,
      "pct_of_wall": 0.014526123606775814,
      "total_ms": 14.231798239052296
    },
    "env/post_legal_action_generation": {
      "count": 10005,
      "max_ms": 77.5110999820754,
      "mean_ms": 7.677935702849118,
      "median_ms": 4.4284999603405595,
      "p95_ms": 24.23198001924901,
      "pct_of_env_step_total": 12.679783430853881,
      "pct_of_wall": 78.40640129354888,
      "total_ms": 76817.74670700543
    },
    "env/pre_legal_action_generation": {
      "count": 10005,
      "max_ms": 0.0,
      "mean_ms": 0.0,
      "median_ms": 0.0,
      "p95_ms": 0.0,
      "pct_of_env_step_total": 0.0,
      "pct_of_wall": 0.0,
      "total_ms": 0.0
    },
    "env/pre_step_fast_forward": {
      "count": 10005,
      "max_ms": 0.13230007607489824,
      "mean_ms": 0.0030997299427712992,
      "median_ms": 0.003100023604929447,
      "p95_ms": 0.004200031980872154,
      "pct_of_env_step_total": 0.00511907182993058,
      "pct_of_wall": 0.031654168412008105,
      "total_ms": 31.01279807742685
    },
    "env/reset_info_dict_build": {
      "count": 255,
      "max_ms": 33.95239997189492,
      "mean_ms": 8.9851113707375,
      "median_ms": 7.82129995059222,
      "p95_ms": 25.84452002774924,
      "pct_of_env_step_total": 0.378193375197367,
      "pct_of_wall": 2.338587382346922,
      "total_ms": 2291.2033995380625
    },
    "env/reset_info_sanitize": {
      "count": 255,
      "max_ms": 0.24690001737326384,
      "mean_ms": 0.1384658821146278,
      "median_ms": 0.13880000915378332,
      "p95_ms": 0.19921008497476572,
      "pct_of_env_step_total": 0.00582818366360589,
      "pct_of_wall": 0.03603901514825922,
      "total_ms": 35.308799939230084
    },
    "env/reset_java_reset": {
      "count": 255,
      "max_ms": 87.25520002190024,
      "mean_ms": 10.596224319135004,
      "median_ms": 7.064200006425381,
      "p95_ms": 31.206800008658316,
      "pct_of_env_step_total": 0.4460069190297815,
      "pct_of_wall": 2.757917567271374,
      "total_ms": 2702.037201379426
    },
    "env/reset_legal_action_feature_build": {
      "count": 255,
      "max_ms": 33.37409999221563,
      "mean_ms": 8.50743999859939,
      "median_ms": 7.459099986590445,
      "p95_ms": 25.279759988188744,
      "pct_of_env_step_total": 0.3580876535195687,
      "pct_of_wall": 2.214262129414767,
      "total_ms": 2169.3971996428445
    },
    "env/reset_legal_action_generation": {
      "count": 255,
      "max_ms": 131.56799995340407,
      "mean_ms": 25.214930195087458,
      "median_ms": 22.677100030705333,
      "p95_ms": 32.8490599640645,
      "pct_of_env_step_total": 1.0613245804501812,
      "pct_of_wall": 6.562780934806588,
      "total_ms": 6429.807199747302
    },
    "env/reset_legal_action_padding_mask_build": {
      "count": 255,
      "max_ms": 0.4624000284820795,
      "mean_ms": 0.32566941215419304,
      "median_ms": 0.34030003007501364,
      "p95_ms": 0.39584998739883304,
      "pct_of_env_step_total": 0.013707789375016639,
      "pct_of_wall": 0.08476315391710301,
      "total_ms": 83.04570009931922
    },
    "env/reset_observation_flatten": {
      "count": 255,
      "max_ms": 0.2891999902203679,
      "mean_ms": 0.18611490251679047,
      "median_ms": 0.18900004215538502,
      "p95_ms": 0.230710010509938,
      "pct_of_env_step_total": 0.00783378416283075,
      "pct_of_wall": 0.04844079775237872,
      "total_ms": 47.45930014178157
    },
    "env/reset_opening_script": {
      "count": 255,
      "max_ms": 399.9112999299541,
      "mean_ms": 68.02858313974724,
      "median_ms": 44.924600049853325,
      "p95_ms": 322.1852699643932,
      "pct_of_env_step_total": 2.8633990616194165,
      "pct_of_wall": 17.706044989901248,
      "total_ms": 17347.288700635545
    },
    "env/reset_total": {
      "count": 255,
      "max_ms": 518.1761999847367,
      "mean_ms": 112.94496470843168,
      "median_ms": 82.79780007433146,
      "p95_ms": 415.1602499769069,
      "pct_of_env_step_total": 4.75397973961042,
      "pct_of_wall": 29.3965938170755,
      "total_ms": 28800.966000650078
    },
    "env/reward_calculation": {
      "count": 10005,
      "max_ms": 36.79279994685203,
      "mean_ms": 8.29476288820932,
      "median_ms": 8.321100031025708,
      "p95_ms": 10.716539993882177,
      "pct_of_env_step_total": 13.69844722634884,
      "pct_of_wall": 84.70538603318087,
      "total_ms": 82989.10269653425
    },
    "env/step_diagnostics_build": {
      "count": 10005,
      "max_ms": 0.010800082236528397,
      "mean_ms": 0.0009543528530871434,
      "median_ms": 0.000900006853044033,
      "p95_ms": 0.001300009898841381,
      "pct_of_env_step_total": 0.0015760730438615252,
      "pct_of_wall": 0.009745767048690837,
      "total_ms": 9.548300295136869
    },
    "env/step_total": {
      "count": 10005,
      "max_ms": 243.6628999421373,
      "mean_ms": 60.55257761079971,
      "median_ms": 55.24310003966093,
      "p95_ms": 122.85939992871133,