{
  "actor_mode": "legal_features",
  "detected_info_mode": "fast",
  "enable_step_diagnostics": false,
  "env_id": "Tribes-v0",
  "global_step": 10240,
  "legacy_sps_formula": 124,
  "num_envs": 20,
  "num_steps": 128,
  "run_dir": "runs\\Tribes-v0__ppo__1__1778667144",
  "run_name": "Tribes-v0__ppo__1__1778667144",
  "sps": 125.00331948510947,
  "timers": {
    "env/action_decode_canonicalization": {
      "count": 10005,
      "max_ms": 0.09680003859102726,
      "mean_ms": 0.003028735097242647,
      "median_ms": 0.0029999064281582832,
      "p95_ms": 0.003800028935074806,
      "pct_of_env_step_total": 0.006001630621216656,
      "pct_of_wall": 0.03699133222332861,
      "total_ms": 30.30249464791268
    },
    "env/feature_build_action_repr": {
      "count": 10005,
      "max_ms": 0.0,
      "mean_ms": 0.0,
      "median_ms": 0.0,
      "p95_ms": 0.0,
      "pct_of_env_step_total": 0.0,
      "pct_of_wall": 0.0,
      "total_ms": 0.0
    },
    "env/feature_build_alloc_zero_fill": {
      "count": 10005,
      "max_ms": 0.3714000340551138,
      "mean_ms": 0.011124516833110012,
      "median_ms": 0.011300086043775082,
      "p95_ms": 0.014999997802078724,
      "pct_of_env_step_total": 0.02204393541469378,
      "pct_of_wall": 0.13586883130592117,
      "total_ms": 111.30079091526568
    },
    "env/feature_build_canonical_lookup": {
      "count": 10005,
      "max_ms": 0.17929996829479933,
      "mean_ms": 0.006724607482411038,
      "median_ms": 0.005300040356814861,
      "p95_ms": 0.01800013706088066,
      "pct_of_env_step_total": 0.013325236075892909,
      "pct_of_wall": 0.08213071842427272,
      "total_ms": 67.27969786152244
    },
    "env/feature_build_dynamic_state": {
      "count": 10005,
      "max_ms": 21.64550020825118,
      "mean_ms": 0.5867029197918049,
      "median_ms": 0.39540010038763285,
      "p95_ms": 1.7720400821417568,
      "pct_of_env_step_total": 1.1625890333510465,
      "pct_of_wall": 7.165672112484798,
      "total_ms": 5869.962712517008
    },
    "env/feature_build_gid_decode": {
      "count": 10005,
      "max_ms": 0.1604999415576458,
      "mean_ms": 0.011399959999209699,
      "median_ms": 0.008999952115118504,
      "p95_ms": 0.03037967253476374,
      "pct_of_env_step_total": 0.022589743511801295,
      "pct_of_wall": 0.13923294514840115,
      "total_ms": 114.05659979209304
    },
    "env/feature_build_java_calls": {
      "count": 10005,
      "max_ms": 0.0,
      "mean_ms": 0.0,
      "median_ms": 0.0,
      "p95_ms": 0.0,
      "pct_of_env_step_total": 0.0,
      "pct_of_wall": 0.0,
      "total_ms": 0.0
    },
    "env/feature_build_loop_iteration": {
      "count": 10005,
      "max_ms": 22.25890022236854,
      "mean_ms": 0.964312734576161,
      "median_ms": 0.753799919039011,
      "p95_ms": 2.2991993930190793,
      "pct_of_env_step_total": 1.9108468223352832,
      "pct_of_wall": 11.777594139668487,
      "total_ms": 9647.94890943449
    },
    "env/feature_build_mask_construct": {
      "count": 10005,
      "max_ms": 0.5125000607222319,
      "mean_ms": 0.010733143635920766,
      "median_ms": 0.010699965059757233,
      "p95_ms": 0.013299984857439995,
      "pct_of_env_step_total": 0.021268404610856613,
      "pct_of_wall": 0.1310888107707103,
      "total_ms": 107.38510207738727
    },
    "env/feature_build_padding_write": {
      "count": 10005,
      "max_ms": 1.5669000567868352,
      "mean_ms": 0.024011922974152482,
      "median_ms": 0.018499791622161865,
      "p95_ms": 0.06460014265030622,
      "pct_of_env_step_total": 0.047581147762697146,
      "pct_of_wall": 0.2932686390653631,
      "total_ms": 240.2392893563956
    },
    "env/feature_build_static_metadata": {
      "count": 10005,
      "max_ms": 0.3752999473363161,
      "mean_ms": 0.01329583289713293,
      "median_ms": 0.010400079190731049,
      "p95_ms": 0.03579992335289717,
      "pct_of_env_step_total": 0.02634653586002271,
      "pct_of_wall": 0.162388111238737,
      "total_ms": 133.02480813581496
    },
    "env/feature_build_step_precompute": {
      "count": 10005,
      "max_ms": 25.75010003056377,
      "mean_ms": 2.857991944214721,
      "median_ms": 2.895600046031177,
      "p95_ms": 3.4362399950623512,
      "pct_of_env_step_total": 5.6632922381377275,
      "pct_of_wall": 34.90596770786975,
      "total_ms": 28594.209401868284
    },
    "env/info_build_action_repr": {
      "count": 10005,
      "max_ms": 0.0,
      "mean_ms": 0.0,
      "median_ms": 0.0,
      "p95_ms": 0.0,
      "pct_of_env_step_total": 0.0,
      "pct_of_wall": 0.0,
      "total_ms": 0.0
    },
    "env/info_build_diag_counters": {
      "count": 10005,
      "max_ms": 0.2587999915704131,
      "mean_ms": 0.0028831193452586476,
      "median_ms": 0.002800021320581436,
      "p95_ms": 0.003800028935074806,
      "pct_of_env_step_total": 0.005713083776418547,
      "pct_of_wall": 0.03521286019271298,
      "total_ms": 28.84560904931277
    },
    "env/info_build_large_payload": {
      "count": 10005,
      "max_ms": 0.27199997566640377,
      "mean_ms": 0.001955751319420987,
      "median_ms": 0.001800013706088066,
      "p95_ms": 0.002600019797682762,
      "pct_of_env_step_total": 0.0038754452367946754,
      "pct_of_wall": 0.023886488742042338,
      "total_ms": 19.567291950806975
    },
    "env/info_build_legal_summary": {
      "count": 10005,
      "max_ms": 15.818000072613358,
      "mean_ms": 0.45996747600535554,
      "median_ms": 0.4621000261977315,
      "p95_ms": 0.5369800142943858,
      "pct_of_env_step_total": 0.9114547162842607,
      "pct_of_wall": 5.617793953763165,
      "total_ms": 4601.974597433582
    },
    "env/info_build_metric_packaging": {
      "count": 10005,
      "max_ms": 11.262900079600513,
      "mean_ms": 0.013439870357554385,
      "median_ms": 0.011800089851021767,
      "p95_ms": 0.016799895092844963,
      "pct_of_env_step_total": 0.02663195522002375,
      "pct_of_wall": 0.16414730686991166,
      "total_ms": 134.46590292733163
    },
    "env/info_build_scalar_telemetry": {
      "count": 10005,
      "max_ms": 5.183300003409386,
      "mean_ms": 0.019047306133792557,
      "median_ms": 0.018300022929906845,
      "p95_ms": 0.02329994458705187,
      "pct_of_env_step_total": 0.03774344472989046,
      "pct_of_wall": 0.23263349435743583,
      "total_ms": 190.56829786859453
    },
    "env/info_build_terminal_episode": {
      "count": 10005,
      "max_ms": 0.1683001173660159,
      "mean_ms": 0.010837072242183545,
      "median_ms": 0.01070008147507906,
      "p95_ms": 0.013399869203567505,
      "pct_of_env_step_total": 0.021474345733384925,
      "pct_of_wall": 0.13235813855222342,
      "total_ms": 108.42490778304636
    },
    "env/info_dict_build": {
      "count": 10005,
      "max_ms": 27.761400095187128,
      "mean_ms": 4.964871793917414,
      "median_ms": 4.777300055138767,
      "p95_ms": 6.780740059912204,
      "pct_of_env_step_total": 9.838208239445253,
      "pct_of_wall": 60.63825857277304,
      "total_ms": 49673.54229814373
    },
    "env/info_sanitize": {
      "count": 10005,
      "max_ms": 17.24180008750409,
      "mean_ms": 0.22170868532816837,
      "median_ms": 0.20350003615021706,
      "p95_ms": 0.25257996749132866,
      "pct_of_env_step_total": 0.4393298166177065,
      "pct_of_wall": 2.707829959522752,
      "total_ms": 2218.1953967083246
    },
    "env/java_action_apply": {
      "count": 10005,
      "max_ms": 52.67420003656298,
      "mean_ms": 6.0604971913813515,
      "median_ms": 4.312400007620454,
      "p95_ms": 15.702939941547799,
      "pct_of_env_step_total": 12.009259428698678,
      "pct_of_wall": 74.01963454943147,
      "total_ms": 60635.274399770424
    },
    "env/legal_action_feature_build": {
      "count": 10005,
      "max_ms": 26.80380002129823,
      "mean_ms": 4.108648345645597,
      "median_ms": 3.8949999725446105,
      "p95_ms": 5.828880029730499,
      "pct_of_env_step_total": 8.141547190933567,