{
  "actor_mode": "legal_features",
  "detected_info_mode": "fast",
  "enable_step_diagnostics": false,
  "env_id": "Tribes-v0",
  "global_step": 10240,
  "legacy_sps_formula": 105,
  "num_envs": 20,
  "num_steps": 128,
  "run_dir": "runs\\Tribes-v0__ppo__1__1778665899",
  "run_name": "Tribes-v0__ppo__1__1778665899",
  "sps": 105.23285747382486,
  "timers": {
    "env/action_decode_canonicalization": {
      "count": 10005,
      "max_ms": 0.21279999054968357,
      "mean_ms": 0.002785397124295679,
      "median_ms": 0.002700020559132099,
      "p95_ms": 0.003600027412176132,
      "pct_of_env_step_total": 0.004733847180831833,
      "pct_of_wall": 0.028638853148271814,
      "total_ms": 27.86789822857827
    },
    "env/feature_build_action_repr": {
      "count": 10005,
      "max_ms": 0.0,
      "mean_ms": 0.0,
      "median_ms": 0.0,
      "p95_ms": 0.0,
      "pct_of_env_step_total": 0.0,
      "pct_of_wall": 0.0,
      "total_ms": 0.0
    },
    "env/feature_build_alloc_zero_fill": {
      "count": 10005,
      "max_ms": 0.35069999285042286,
      "mean_ms": 0.010225316486333026,
      "median_ms": 0.010199961252510548,
      "p95_ms": 0.01409999094903469,
      "pct_of_env_step_total": 0.017378163135061273,
      "pct_of_wall": 0.10513450117844243,
      "total_ms": 102.30429144576192
    },
    "env/feature_build_canonical_lookup": {
      "count": 10005,
      "max_ms": 0.2552000805735588,
      "mean_ms": 0.007799361250188755,
      "median_ms": 0.005800044164061546,
      "p95_ms": 0.021999934688210487,
      "pct_of_env_step_total": 0.013255195801148457,
      "pct_of_wall": 0.0801913520862695,
      "total_ms": 78.03260930813849
    },
    "env/feature_build_dynamic_state": {
      "count": 10005,
      "max_ms": 139.81450034771115,
      "mean_ms": 17.525148475500774,
      "median_ms": 12.138699763454497,
      "p95_ms": 56.512599973939345,
      "pct_of_env_step_total": 29.784397341684777,
      "pct_of_wall": 180.18980102107983,
      "total_ms": 175339.11049738526
    },
    "env/feature_build_gid_decode": {
      "count": 10005,
      "max_ms": 0.4336999263614416,
      "mean_ms": 0.01168543709556515,
      "median_ms": 0.009199953638017178,
      "p95_ms": 0.03187977708876126,
      "pct_of_env_step_total": 0.019859672062243684,
      "pct_of_wall": 0.12014714671534685,
      "total_ms": 116.91279814112931
    },
    "env/feature_build_java_calls": {
      "count": 10005,
      "max_ms": 0.0,
      "mean_ms": 0.0,
      "median_ms": 0.0,
      "p95_ms": 0.0,
      "pct_of_env_step_total": 0.0,
      "pct_of_wall": 0.0,
      "total_ms": 0.0
    },
    "env/feature_build_loop_iteration": {
      "count": 10005,
      "max_ms": 140.63300006091595,
      "mean_ms": 17.875465614858946,
      "median_ms": 12.469899840652943,
      "p95_ms": 57.02281976118683,
      "pct_of_env_step_total": 30.379769465854352,
      "pct_of_wall": 183.79168637591522,
      "total_ms": 178844.03347666375
    },
    "env/feature_build_mask_construct": {
      "count": 10005,
      "max_ms": 0.13500009663403034,
      "mean_ms": 0.00969956122591965,
      "median_ms": 0.009599956683814526,
      "p95_ms": 0.011999974958598614,
      "pct_of_env_step_total": 0.01648462984474286,
      "pct_of_wall": 0.09972879885916636,
      "total_ms": 97.0441100653261
    },
    "env/feature_build_padding_write": {
      "count": 10005,
      "max_ms": 2.374700387008488,
      "mean_ms": 0.0291488166416305,
      "median_ms": 0.02180004958063364,
      "p95_ms": 0.08387980051338666,
      "pct_of_env_step_total": 0.049539091672056626,
      "pct_of_wall": 0.29970185291142054,
      "total_ms": 291.63391049951315
    },
    "env/feature_build_static_metadata": {
      "count": 10005,
      "max_ms": 0.1944998512044549,
      "mean_ms": 0.013856411069586896,
      "median_ms": 0.010600080713629723,
      "p95_ms": 0.03760016988962889,
      "pct_of_env_step_total": 0.023549292812168457,
      "pct_of_wall": 0.14246863340333585,
      "total_ms": 138.6333927512169
    },
    "env/info_build_action_repr": {
      "count": 10005,
      "max_ms": 0.0,
      "mean_ms": 0.0,
      "median_ms": 0.0,
      "p95_ms": 0.0,
      "pct_of_env_step_total": 0.0,
      "pct_of_wall": 0.0,
      "total_ms": 0.0
    },
    "env/info_build_diag_counters": {
      "count": 10005,
      "max_ms": 0.07010006811469793,
      "mean_ms": 0.002615212992034752,
      "median_ms": 0.002500019036233425,
      "p95_ms": 0.003700028173625469,
      "pct_of_env_step_total": 0.004444615290808462,
      "pct_of_wall": 0.02688905656469877,
      "total_ms": 26.165205985307693
    },
    "env/info_build_large_payload": {
      "count": 10005,
      "max_ms": 141.2419000407681,
      "mean_ms": 18.433563598151924,
      "median_ms": 13.016500044614077,
      "p95_ms": 57.59224002249539,
      "pct_of_env_step_total": 31.3282699657633,
      "pct_of_wall": 189.52992960394894,
      "total_ms": 184427.80379951
    },
    "env/info_build_legal_summary": {
      "count": 10005,
      "max_ms": 11.549900053068995,
      "mean_ms": 0.40560539748784025,
      "median_ms": 0.39600010495632887,
      "p95_ms": 0.4919799510389566,
      "pct_of_env_step_total": 0.6893358044639689,
      "pct_of_wall": 4.170347313666426,
      "total_ms": 4058.0820018658414
    },
    "env/info_build_metric_packaging": {
      "count": 10005,
      "max_ms": 6.65540003683418,
      "mean_ms": 0.011721389242045317,
      "median_ms": 0.010699965059757233,
      "p95_ms": 0.014899997040629387,
      "pct_of_env_step_total": 0.019920773571172338,
      "pct_of_wall": 0.12051679893995415,
      "total_ms": 117.2724993666634
    },
    "env/info_build_scalar_telemetry": {
      "count": 10005,
      "max_ms": 3.217400051653385,
      "mean_ms": 0.017405237382587823,
      "median_ms": 0.016700010746717453,
      "p95_ms": 0.02107995096594088,
      "pct_of_env_step_total": 0.029580605651018766,
      "pct_of_wall": 0.1789569009972991,
      "total_ms": 174.13940001279116
    },
    "env/info_build_terminal_episode": {
      "count": 10005,
      "max_ms": 0.40529994294047356,
      "mean_ms": 0.009576351996669466,
      "median_ms": 0.009399955160915852,
      "p95_ms": 0.011600088328123093,
      "pct_of_env_step_total": 0.016275232894681056,
      "pct_of_wall": 0.09846198810811412,
      "total_ms": 95.81140172667801
    },
    "env/info_dict_build": {
      "count": 10005,
      "max_ms": 141.78110007196665,
      "mean_ms": 18.885262888695195,
      "median_ms": 13.494599959813058,
      "p95_ms": 58.05225991643965,
      "pct_of_env_step_total": 32.095943413283884,
      "pct_of_wall": 194.17420439557972,
      "total_ms": 188947.05520139541
    },
    "env/info_sanitize": {
      "count": 10005,
      "max_ms": 8.908199961297214,
      "mean_ms": 0.1927340535846339,
      "median_ms": 0.1832999987527728,
      "p95_ms": 0.23500004317611456,
      "pct_of_env_step_total": 0.32755600566027554,
      "pct_of_wall": 1.98165001648632,
      "total_ms": 1928.3042061142623
    },
    "env/java_action_apply": {
      "count": 10005,
      "max_ms": 45.93289992772043,
      "mean_ms": 5.028957720654646,
      "median_ms": 3.660100046545267,
      "p95_ms": 12.552360002882766,
      "pct_of_env_step_total": 8.546830583255947,
      "pct_of_wall": 51.70665984912806,
      "total_ms": 50314.72199514974
    },
    "env/legal_action_feature_build": {
      "count": 10005,
      "max_ms": 140.88319998700172,
      "mean_ms": 18.12676891554445,
      "median_ms": 12.715499964542687,
      "p95_ms": 57.274420023895786,
      "pct_of_env_step_total": 30.806865268857525,
      "pct_of_wall": 186.3755327729808,
      "total_ms": 181358.3230000222
    },
    "env/legal_action_padding_mask_build": {
      "count": 10005,
      "max_ms": 1.9233999773859978,
      "mean_ms": 0.30679468260747544,
      "median_ms": 0.29630004428327084,
      "p95_ms": 0.3749000607058406,
      "pct_of_env_step_total": 0.521404696905771,