{
  "actor_mode": "legal_features",
  "detected_info_mode": "fast",
  "enable_step_diagnostics": false,
  "env_id": "Tribes-v0",
  "global_step": 10240,
  "legacy_sps_formula": 121,
  "num_envs": 20,
  "num_steps": 128,
  "run_dir": "runs\\Tribes-v0__ppo__1__1778666877",
  "run_name": "Tribes-v0__ppo__1__1778666877",
  "sps": 121.8578853523768,
  "timers": {
    "env/action_decode_canonicalization": {
      "count": 10005,
      "max_ms": 0.2622999018058181,
      "mean_ms": 0.0030861269782247514,
      "median_ms": 0.00300002284348011,
      "p95_ms": 0.003800028935074806,
      "pct_of_env_step_total": 0.006064431937707439,
      "pct_of_wall": 0.03674384198722035,
      "total_ms": 30.876700417138636
    },
    "env/feature_build_action_repr": {
      "count": 10005,
      "max_ms": 0.0,
      "mean_ms": 0.0,
      "median_ms": 0.0,
      "p95_ms": 0.0,
      "pct_of_env_step_total": 0.0,
      "pct_of_wall": 0.0,
      "total_ms": 0.0
    },
    "env/feature_build_alloc_zero_fill": {
      "count": 10005,
      "max_ms": 0.9626999963074923,
      "mean_ms": 0.011506526549902932,
      "median_ms": 0.011599971912801266,
      "p95_ms": 0.015500001609325409,
      "pct_of_env_step_total": 0.022611042122916848,
      "pct_of_wall": 0.13699824937682736,
      "total_ms": 115.12279813177884
    },
    "env/feature_build_canonical_lookup": {
      "count": 10005,
      "max_ms": 0.07069995626807213,
      "mean_ms": 0.006725706056743368,
      "median_ms": 0.005400041118264198,
      "p95_ms": 0.01780001912266016,
      "pct_of_env_step_total": 0.013216431761213307,
      "pct_of_wall": 0.08007715895851639,
      "total_ms": 67.2906890977174
    },
    "env/feature_build_dynamic_state": {
      "count": 10005,
      "max_ms": 14.835300389677286,
      "mean_ms": 0.5847184106298927,
      "median_ms": 0.4015001468360424,
      "p95_ms": 1.7568397568538783,
      "pct_of_env_step_total": 1.1490081351186752,
      "pct_of_wall": 6.961735871141056,
      "total_ms": 5850.107698352076
    },
    "env/feature_build_gid_decode": {
      "count": 10005,
      "max_ms": 0.16490009147673845,
      "mean_ms": 0.011525746481004415,
      "median_ms": 0.009200070053339005,
      "p95_ms": 0.030500232242047787,
      "pct_of_env_step_total": 0.022648810485928088,
      "pct_of_wall": 0.13722708445599976,
      "total_ms": 115.31509354244918
    },
    "env/feature_build_java_calls": {
      "count": 10005,
      "max_ms": 0.0,
      "mean_ms": 0.0,
      "median_ms": 0.0,
      "p95_ms": 0.0,
      "pct_of_env_step_total": 0.0,
      "pct_of_wall": 0.0,
      "total_ms": 0.0
    },
    "env/feature_build_loop_iteration": {
      "count": 10005,
      "max_ms": 15.404799953103065,
      "mean_ms": 0.9639334904592203,
      "median_ms": 0.7639995310455561,
      "p95_ms": 2.2977001732215276,
      "pct_of_env_step_total": 1.8941894117167408,
      "pct_of_wall": 11.476721505476553,
      "total_ms": 9644.1545720445
    },
    "env/feature_build_mask_construct": {
      "count": 10005,
      "max_ms": 0.2095999661833048,
      "mean_ms": 0.010830735257626145,
      "median_ms": 0.010899966582655907,
      "p95_ms": 0.013499986380338669,
      "pct_of_env_step_total": 0.021283070096806175,
      "pct_of_wall": 0.12895218755404345,
      "total_ms": 108.36150625254959
    },
    "env/feature_build_padding_write": {
      "count": 10005,
      "max_ms": 0.15430012717843056,
      "mean_ms": 0.023915862298288057,
      "median_ms": 0.018900143913924694,
      "p95_ms": 0.06460030563175678,
      "pct_of_env_step_total": 0.04699616061260746,
      "pct_of_wall": 0.2847454662354532,
      "total_ms": 239.27820229437202
    },
    "env/feature_build_static_metadata": {
      "count": 10005,
      "max_ms": 10.349199990741909,
      "mean_ms": 0.014331322458890574,
      "median_ms": 0.010499963536858559,
      "p95_ms": 0.0356998760253191,
      "pct_of_env_step_total": 0.028161942215117263,
      "pct_of_wall": 0.17063064858085955,
      "total_ms": 143.3848812012002
    },
    "env/info_build_action_repr": {
      "count": 10005,
      "max_ms": 0.0,
      "mean_ms": 0.0,
      "median_ms": 0.0,
      "p95_ms": 0.0,
      "pct_of_env_step_total": 0.0,
      "pct_of_wall": 0.0,
      "total_ms": 0.0
    },
    "env/info_build_diag_counters": {
      "count": 10005,
      "max_ms": 0.09989994578063488,
      "mean_ms": 0.0028604403722738993,
      "median_ms": 0.002700020559132099,
      "p95_ms": 0.003800028935074806,
      "pct_of_env_step_total": 0.005620943685053479,
      "pct_of_wall": 0.03405678696770837,
      "total_ms": 28.618705924600363
    },
    "env/info_build_large_payload": {
      "count": 10005,
      "max_ms": 0.09689992293715477,
      "mean_ms": 0.001912903441381508,
      "median_ms": 0.001800013706088066,
      "p95_ms": 0.002600019797682762,
      "pct_of_env_step_total": 0.0037589745352401547,
      "pct_of_wall": 0.022775285100992172,
      "total_ms": 19.13859893102199
    },
    "env/info_build_legal_summary": {
      "count": 10005,
      "max_ms": 9.324199985712767,
      "mean_ms": 0.4569752114140305,
      "median_ms": 0.46289991587400436,
      "p95_ms": 0.5328000057488677,
      "pct_of_env_step_total": 0.8979847836442564,
      "pct_of_wall": 5.440808197053688,
      "total_ms": 4572.036990197375
    },
    "env/info_build_metric_packaging": {
      "count": 10005,
      "max_ms": 0.4501999355852604,
      "mean_ms": 0.012364426987531452,
      "median_ms": 0.011900090612471104,
      "p95_ms": 0.016700010746717453,
      "pct_of_env_step_total": 0.024296869974472182,
      "pct_of_wall": 0.1472125271247645,
      "total_ms": 123.70609201025218
    },
    "env/info_build_scalar_telemetry": {
      "count": 10005,
      "max_ms": 0.23230002261698246,
      "mean_ms": 0.018856592435875664,
      "median_ms": 0.018700025975704193,
      "p95_ms": 0.023579970002174305,
      "pct_of_env_step_total": 0.03705437987850962,
      "pct_of_wall": 0.2245091202565455,
      "total_ms": 188.66020732093602
    },
    "env/info_build_terminal_episode": {
      "count": 10005,
      "max_ms": 0.4808999365195632,
      "mean_ms": 0.010767436285188113,
      "median_ms": 0.010600080713629723,
      "p95_ms": 0.012999982573091984,
      "pct_of_env_step_total": 0.02115868366916214,
      "pct_of_wall": 0.128198541492936,
      "total_ms": 107.72820003330708
    },
    "env/info_dict_build": {
      "count": 10005,
      "max_ms": 21.593099925667048,
      "mean_ms": 4.973594182234226,
      "median_ms": 4.7911000438034534,
      "p95_ms": 6.679539987817405,
      "pct_of_env_step_total": 9.773422680516992,
      "pct_of_wall": 59.2162798323018,
      "total_ms": 49760.80979325343
    },
    "env/info_sanitize": {
      "count": 10005,
      "max_ms": 15.86939999833703,
      "mean_ms": 0.2197116840284491,
      "median_ms": 0.2039000391960144,
      "p95_ms": 0.24800002574920654,
      "pct_of_env_step_total": 0.43174715852944934,
      "pct_of_wall": 2.615916797218539,
      "total_ms": 2198.215398704633
    },
    "env/java_action_apply": {
      "count": 10005,
      "max_ms": 40.22610001266003,
      "mean_ms": 6.259694143451158,
      "median_ms": 4.538299981504679,
      "p95_ms": 15.862379944883287,
      "pct_of_env_step_total": 12.300689294924021,
      "pct_of_wall": 74.52875857609888,
      "total_ms": 62628.23990522884
    },
    "env/legal_action_feature_build": {
      "count": 10005,
      "max_ms": 20.64760006032884,
      "mean_ms": 4.119178310312658,
      "median_ms": 3.919699927791953,
      "p95_ms": 5.754179949872195,
      "pct_of_env_step_total": 8.094442217844678,
      "pct_of_wall": 49.04348979132999,
      "total_ms": 41212.37899467815
    },
    "env/legal_action_padding_mask_build": {
      "count": 10005,
      "max_ms": 10.800000047311187,
      "mean_ms": 0.34777793138735236,
      "median_ms": 0.34629995934665203,
      "p95_ms": 0.412080087698996,
      "pct_of_env_step_total": 0.6834053197475695,