{
  "actor_mode": "legal_features",
  "detected_info_mode": "fast",
  "enable_step_diagnostics": false,
  "env_id": "Tribes-v0",
  "global_step": 10240,
  "legacy_sps_formula": 94,
  "num_envs": 20,
  "num_steps": 128,
  "run_dir": "runs\\Tribes-v0__ppo__1__1778666088",
  "run_name": "Tribes-v0__ppo__1__1778666088",
  "sps": 94.15639631016978,
  "timers": {
    "env/action_decode_canonicalization": {
      "count": 10005,
      "max_ms": 0.8597000269219279,
      "mean_ms": 0.0030430286297987007,
      "median_ms": 0.002900022082030773,
      "p95_ms": 0.003800028935074806,
      "pct_of_env_step_total": 0.004626047867115352,
      "pct_of_wall": 0.027994518550326628,
      "total_ms": 30.445501441136003
    },
    "env/feature_build_action_repr": {
      "count": 10005,
      "max_ms": 0.0,
      "mean_ms": 0.0,
      "median_ms": 0.0,
      "p95_ms": 0.0,
      "pct_of_env_step_total": 0.0,
      "pct_of_wall": 0.0,
      "total_ms": 0.0
    },
    "env/feature_build_alloc_zero_fill": {
      "count": 10005,
      "max_ms": 0.5213000113144517,
      "mean_ms": 0.011205097354635752,
      "median_ms": 0.011300086043775082,
      "p95_ms": 0.01580000389367342,
      "pct_of_env_step_total": 0.017034120616098686,
      "pct_of_wall": 0.10308194365339135,
      "total_ms": 112.1069990331307
    },
    "env/feature_build_canonical_lookup": {
      "count": 10005,
      "max_ms": 0.1716000260785222,
      "mean_ms": 0.008748007146106369,
      "median_ms": 0.006400048732757568,
      "p95_ms": 0.02530014608055353,
      "pct_of_env_step_total": 0.013298823219560791,
      "pct_of_wall": 0.08047779962762452,
      "total_ms": 87.52381149679422
    },
    "env/feature_build_dynamic_state": {
      "count": 10005,
      "max_ms": 147.80130051076412,
      "mean_ms": 19.53842124996194,
      "median_ms": 13.29460006672889,
      "p95_ms": 63.55249981861557,
      "pct_of_env_step_total": 29.702537486861168,
      "pct_of_wall": 179.74484064000998,
      "total_ms": 195481.9046058692
    },
    "env/feature_build_gid_decode": {
      "count": 10005,
      "max_ms": 6.607199902646244,
      "mean_ms": 0.013938471072189127,
      "median_ms": 0.010100076906383038,
      "p95_ms": 0.037279888056218555,
      "pct_of_env_step_total": 0.02118942744834279,
      "pct_of_wall": 0.1282277738607414,
      "total_ms": 139.4544030772522
    },
    "env/feature_build_java_calls": {
      "count": 10005,
      "max_ms": 0.0,
      "mean_ms": 0.0,
      "median_ms": 0.0,
      "p95_ms": 0.0,
      "pct_of_env_step_total": 0.0,
      "pct_of_wall": 0.0,
      "total_ms": 0.0
    },
    "env/feature_build_loop_iteration": {
      "count": 10005,
      "max_ms": 148.75400031451136,
      "mean_ms": 19.935775784983196,
      "median_ms": 13.672200380824506,
      "p95_ms": 64.10162018146362,
      "pct_of_env_step_total": 30.306600518415788,
      "pct_of_wall": 183.4003267543305,
      "total_ms": 199457.43672875687
    },
    "env/feature_build_mask_construct": {
      "count": 10005,
      "max_ms": 0.17360004130750895,
      "mean_ms": 0.010484847650192548,
      "median_ms": 0.010599964298307896,
      "p95_ms": 0.012999982573091984,
      "pct_of_env_step_total": 0.015939188555189894,
      "pct_of_wall": 0.09645596468150229,
      "total_ms": 104.90090074017644
    },
    "env/feature_build_padding_write": {
      "count": 10005,
      "max_ms": 1.1953999055549502,
      "mean_ms": 0.03331761260557434,
      "median_ms": 0.024300068616867065,
      "p95_ms": 0.09960017632693052,
      "pct_of_env_step_total": 0.05064982603912881,
      "pct_of_wall": 0.306507311500729,
      "total_ms": 333.34271411877126
    },
    "env/feature_build_static_metadata": {
      "count": 10005,
      "max_ms": 2.1301001543179154,
      "mean_ms": 0.015575610923169851,
      "median_ms": 0.011599855497479439,
      "p95_ms": 0.042600068263709545,
      "pct_of_env_step_total": 0.023678226680014798,
      "pct_of_wall": 0.14328873696800953,
      "total_ms": 155.83398728631437
    },
    "env/info_build_action_repr": {
      "count": 10005,
      "max_ms": 0.0,
      "mean_ms": 0.0,
      "median_ms": 0.0,
      "p95_ms": 0.0,
      "pct_of_env_step_total": 0.0,
      "pct_of_wall": 0.0,
      "total_ms": 0.0
    },
    "env/info_build_diag_counters": {
      "count": 10005,
      "max_ms": 0.32029999420046806,
      "mean_ms": 0.0029312541544519325,
      "median_ms": 0.002700020559132099,
      "p95_ms": 0.004100031219422817,
      "pct_of_env_step_total": 0.004456126996765189,
      "pct_of_wall": 0.026966242775032616,
      "total_ms": 29.327197815291584
    },
    "env/info_build_large_payload": {
      "count": 10005,
      "max_ms": 0.023699947632849216,
      "mean_ms": 0.001991714147486906,
      "median_ms": 0.001900014467537403,
      "p95_ms": 0.002900022082030773,
      "pct_of_env_step_total": 0.0030278272421297497,
      "pct_of_wall": 0.018322889933657494,
      "total_ms": 19.927100045606494
    },
    "env/info_build_legal_summary": {
      "count": 10005,
      "max_ms": 12.244999990798533,
      "mean_ms": 0.4473908739080695,
      "median_ms": 0.4558999789878726,
      "p95_ms": 0.5329000763595104,
      "pct_of_env_step_total": 0.6801288616683857,
      "pct_of_wall": 4.115798318892188,
      "total_ms": 4476.145693450235
    },
    "env/info_build_metric_packaging": {
      "count": 10005,
      "max_ms": 6.513800006359816,
      "mean_ms": 0.012924717397134433,
      "median_ms": 0.011699972674250603,
      "p95_ms": 0.01680001150816679,
      "pct_of_env_step_total": 0.019648307203747082,
      "pct_of_wall": 0.11890168807111878,
      "total_ms": 129.31179755833
    },
    "env/info_build_scalar_telemetry": {
      "count": 10005,
      "max_ms": 1.6463999636471272,
      "mean_ms": 0.018460940041843205,
      "median_ms": 0.01810002140700817,
      "p95_ms": 0.023099943064153194,
      "pct_of_env_step_total": 0.028064537897943637,
      "pct_of_wall": 0.16983248971010645,
      "total_ms": 184.70170511864126
    },
    "env/info_build_terminal_episode": {
      "count": 10005,
      "max_ms": 8.274500025436282,
      "mean_ms": 0.011310184645331067,
      "median_ms": 0.010200077667832375,
      "p95_ms": 0.012900098226964474,
      "pct_of_env_step_total": 0.01719387554979254,
      "pct_of_wall": 0.1040487002852434,
      "total_ms": 113.15839737653732
    },
    "env/info_dict_build": {
      "count": 10005,
      "max_ms": 149.77719995658845,
      "mean_ms": 21.057031814358954,
      "median_ms": 14.810900087468326,
      "p95_ms": 65.26011994574215,
      "pct_of_env_step_total": 32.01114710479709,
      "pct_of_wall": 193.7153866938427,
      "total_ms": 210675.60330266133
    },
    "env/info_sanitize": {
      "count": 10005,
      "max_ms": 34.618400037288666,
      "mean_ms": 0.21595554259921731,
      "median_ms": 0.19990000873804092,
      "p95_ms": 0.256399973295629,
      "pct_of_env_step_total": 0.32829815252146805,
      "pct_of_wall": 1.986695551970394,
      "total_ms": 2160.6352037051693
    },
    "env/java_action_apply": {
      "count": 10005,
      "max_ms": 55.449599982239306,
      "mean_ms": 6.294707155836256,
      "median_ms": 4.565899958834052,
      "p95_ms": 16.102539957500973,
      "pct_of_env_step_total": 9.569287757341389,
      "pct_of_wall": 57.90852393478426,
      "total_ms": 62978.54509414174
    },
    "env/legal_action_feature_build": {
      "count": 10005,
      "max_ms": 149.0424000658095,
      "mean_ms": 20.218574172602608,
      "median_ms": 13.94650002475828,
      "p95_ms": 64.41471998114136,
      "pct_of_env_step_total": 30.736513949087975,
      "pct_of_wall": 186.00194693978958,
      "total_ms": 202286.8345968891
    },
    "env/legal_action_padding_mask_build": {
      "count": 10005,
      "max_ms": 18.63150007557124,
      "mean_ms": 0.34082880596686593,
      "median_ms": 0.340400030836463,
      "p95_ms": 0.40879996959120035,
      "pct_of_env_step_total": 0.5181319542822677,